ISO-10303-21;
HEADER;
FILE_DESCRIPTION (( 'STEP AP214' ),
    '1' );
FILE_NAME ('AVX-00-9176-002-701-996.STEP',
    '2024-06-05T04:42:00',
    ( '' ),
    ( '' ),
    'SwSTEP 2.0',
    'SolidWorks 2020',
    '' );
FILE_SCHEMA (( 'AUTOMOTIVE_DESIGN' ));
ENDSEC;

DATA;
#1 = DIRECTION ( 'NONE',  ( 0.000000000000000000, -1.000000000000000000, 0.000000000000000000 ) ) ;
#2 = VERTEX_POINT ( 'NONE', #133 ) ;
#3 = CARTESIAN_POINT ( 'NONE',  ( 5.299999999999999822, 0.000000000000000000, -2.250000000000000444 ) ) ;
#4 = CIRCLE ( 'NONE', #2708, 1.299999999625015112 ) ;
#5 = CARTESIAN_POINT ( 'NONE',  ( -1.999986676132684993, 5.023742182490724240, 1.322259282061491126 ) ) ;
#6 = DIRECTION ( 'NONE',  ( -1.000000000000000000, 0.000000000000000000, 0.000000000000000000 ) ) ;
#7 = DIRECTION ( 'NONE',  ( 0.9506451918075231600, 0.000000000000000000, -0.3102800658973076109 ) ) ;
#8 = VERTEX_POINT ( 'NONE', #1988 ) ;
#9 = CARTESIAN_POINT ( 'NONE',  ( -1.699999999999999289, 5.362132034355964194, -3.412132034355964461 ) ) ;
#10 = ORIENTED_EDGE ( 'NONE', *, *, #1458, .F. ) ;
#11 = DIRECTION ( 'NONE',  ( 0.000000000000000000, 0.000000000000000000, 1.000000000000000000 ) ) ;
#12 = FACE_OUTER_BOUND ( 'NONE', #1474, .T. ) ;
#13 = EDGE_CURVE ( 'NONE', #3671, #4242, #3077, .T. ) ;
#14 = CARTESIAN_POINT ( 'NONE',  ( 5.912132034355964905, 5.362132034355964194, 1.200000000000000178 ) ) ;
#15 = LINE ( 'NONE', #3089, #426 ) ;
#16 = VECTOR ( 'NONE', #1838, 1000.000000000000000 ) ;
#17 = CARTESIAN_POINT ( 'NONE',  ( 4.650000000000000355, 0.5000000000000000000, -3.125000000000000000 ) ) ;
#18 = ORIENTED_EDGE ( 'NONE', *, *, #94, .F. ) ;
#19 = EDGE_LOOP ( 'NONE', ( #956, #3623, #2773, #1111, #86 ) ) ;
#20 = AXIS2_PLACEMENT_3D ( 'NONE', #901, #2423, #995 ) ;
#21 = CARTESIAN_POINT ( 'NONE',  ( 4.000000000000000000, 2.750000000000000000, 1.499999999566625775 ) ) ;
#22 = VECTOR ( 'NONE', #1672, 1000.000000000000000 ) ;
#23 = DIRECTION ( 'NONE',  ( 0.000000000000000000, 0.000000000000000000, 1.000000000000000000 ) ) ;
#24 = ORIENTED_EDGE ( 'NONE', *, *, #4298, .T. ) ;
#25 = CARTESIAN_POINT ( 'NONE',  ( 5.299999999999999822, 0.5000000000000000000, 0.7500000000000000000 ) ) ;
#26 = CARTESIAN_POINT ( 'NONE',  ( -1.600000000000000089, 1.649999999999999911, -3.625000000000000000 ) ) ;
#27 = PLANE ( 'NONE',  #2099 ) ;
#28 = DIRECTION ( 'NONE',  ( 0.000000000000000000, 0.000000000000000000, 1.000000000000000000 ) ) ;
#29 = ADVANCED_FACE ( 'NONE', ( #2638 ), #4537, .T. ) ;
#30 = ORIENTED_EDGE ( 'NONE', *, *, #42, .F. ) ;
#31 = CARTESIAN_POINT ( 'NONE',  ( -1.999986676132684993, 5.148000732276108771, -3.198000732276108149 ) ) ;
#32 = ORIENTED_EDGE ( 'NONE', *, *, #3619, .F. ) ;
#33 = CARTESIAN_POINT ( 'NONE',  ( 2.000000000000000000, 0.5500000000000000444, -1.856971445024999889 ) ) ;
#34 = CARTESIAN_POINT ( 'NONE',  ( 5.609887319042353937, 5.150000000000000355, -3.536492374042707443 ) ) ;
#35 = CIRCLE ( 'NONE', #2274, 0.2999999999999999334 ) ;
#36 = EDGE_CURVE ( 'NONE', #4658, #3455, #907, .T. ) ;
#37 = AXIS2_PLACEMENT_3D ( 'NONE', #3892, #482, #4531 ) ;
#38 = EDGE_CURVE ( 'NONE', #2033, #908, #3489, .T. ) ;
#39 = VECTOR ( 'NONE', #3921, 1000.000000000000000 ) ;
#40 = CARTESIAN_POINT ( 'NONE',  ( 5.299999999999999822, 0.000000000000000000, -3.500000000000000000 ) ) ;
#41 = DIRECTION ( 'NONE',  ( 0.000000000000000000, 0.000000000000000000, 1.000000000000000000 ) ) ;
#42 = EDGE_CURVE ( 'NONE', #183, #4075, #3512, .T. ) ;
#43 = CARTESIAN_POINT ( 'NONE',  ( 5.700000000000000178, 5.150000000000000355, 1.199999999999999956 ) ) ;
#44 = EDGE_CURVE ( 'NONE', #74, #1068, #1338, .T. ) ;
#45 = VERTEX_POINT ( 'NONE', #2068 ) ;
#46 = ORIENTED_EDGE ( 'NONE', *, *, #1043, .T. ) ;
#47 = CARTESIAN_POINT ( 'NONE',  ( 6.000000000000000000, 5.150000000000000355, 1.199999999999999734 ) ) ;
#48 = VECTOR ( 'NONE', #3834, 1000.000000000000000 ) ;
#49 = CARTESIAN_POINT ( 'NONE',  ( 2.649999999999999911, 0.5500000000000666578, -3.500000000000000000 ) ) ;
#50 = EDGE_LOOP ( 'NONE', ( #2925, #2614, #4477, #3271 ) ) ;
#51 = FACE_OUTER_BOUND ( 'NONE', #4344, .T. ) ;
#52 = ORIENTED_EDGE ( 'NONE', *, *, #3619, .T. ) ;
#53 = CARTESIAN_POINT ( 'NONE',  ( 2.649999999999999911, 0.2999999999999999889, -1.600000000000000089 ) ) ;
#54 = DIRECTION ( 'NONE',  ( 0.000000000000000000, 0.000000000000000000, 1.000000000000000000 ) ) ;
#55 = ORIENTED_EDGE ( 'NONE', *, *, #4581, .T. ) ;
#56 = ORIENTED_EDGE ( 'NONE', *, *, #1440, .T. ) ;
#57 = LINE ( 'NONE', #2254, #2883 ) ;
#58 =( LENGTH_UNIT ( ) NAMED_UNIT ( * ) SI_UNIT ( .MILLI., .METRE. ) );
#59 = ORIENTED_EDGE ( 'NONE', *, *, #201, .T. ) ;
#60 = VERTEX_POINT ( 'NONE', #575 ) ;
#61 = VECTOR ( 'NONE', #1091, 1000.000000000000000 ) ;
#62 = EDGE_CURVE ( 'NONE', #2654, #2189, #3922, .T. ) ;
#63 = DIRECTION ( 'NONE',  ( 0.000000000000000000, 0.000000000000000000, -1.000000000000000000 ) ) ;
#64 = CARTESIAN_POINT ( 'NONE',  ( -1.300000000000000266, 0.000000000000000000, -3.125000000000000000 ) ) ;
#65 = PLANE ( 'NONE',  #206 ) ;
#66 = PLANE ( 'NONE',  #4321 ) ;
#67 = EDGE_LOOP ( 'NONE', ( #1303, #523, #2019, #1234, #4687 ) ) ;
#68 = VERTEX_POINT ( 'NONE', #4662 ) ;
#69 = CARTESIAN_POINT ( 'NONE',  ( -0.7851063966751552492, 5.450000000000000178, -2.100000095367343889 ) ) ;
#70 = ADVANCED_FACE ( 'NONE', ( #4261 ), #2815, .F. ) ;
#71 = CARTESIAN_POINT ( 'NONE',  ( 2.700000000000000178, 0.5000000000000000000, 1.500000000000000000 ) ) ;
#72 = ORIENTED_EDGE ( 'NONE', *, *, #1491, .T. ) ;
#73 = PLANE ( 'NONE',  #3343 ) ;
#74 = VERTEX_POINT ( 'NONE', #621 ) ;
#75 = VECTOR ( 'NONE', #1565, 1000.000000000000114 ) ;
#76 = PRESENTATION_LAYER_ASSIGNMENT (  '', '', ( #4541 ) ) ;
#77 = CARTESIAN_POINT ( 'NONE',  ( -1.014893603324958038, 5.450000000000000178, -2.100000095367287489 ) ) ;
#78 = EDGE_CURVE ( 'NONE', #271, #576, #4592, .T. ) ;
#79 = CARTESIAN_POINT ( 'NONE',  ( 1.300000000000000266, 1.000000000000000000, 0.7500000000000000000 ) ) ;
#80 = ORIENTED_EDGE ( 'NONE', *, *, #4607, .F. ) ;
#81 = ORIENTED_EDGE ( 'NONE', *, *, #2504, .F. ) ;
#82 = VECTOR ( 'NONE', #4717, 1000.000000000000000 ) ;
#83 = CARTESIAN_POINT ( 'NONE',  ( -1.876705599558067261, 5.059887319042354115, -3.536492374042707887 ) ) ;
#84 = AXIS2_PLACEMENT_3D ( 'NONE', #2589, #396, #4085 ) ;
#85 = APPLICATION_PROTOCOL_DEFINITION ( 'draft international standard', 'automotive_design', 1998, #261 ) ;
#86 = ORIENTED_EDGE ( 'NONE', *, *, #2027, .F. ) ;
#87 = ORIENTED_EDGE ( 'NONE', *, *, #3716, .F. ) ;
#88 = DIRECTION ( 'NONE',  ( -1.000000000000000000, -0.000000000000000000, -0.000000000000000000 ) ) ;
#89 = CARTESIAN_POINT ( 'NONE',  ( -1.024999999999999911, 0.2500000000000000000, -3.500000000000000000 ) ) ;
#90 = DIRECTION ( 'NONE',  ( 0.000000000000000000, 1.000000000000000000, 0.000000000000000000 ) ) ;
#91 = CARTESIAN_POINT ( 'NONE',  ( -1.352000000000000091, 0.5000000000000000000, 0.7500000000000001110 ) ) ;
#92 = CARTESIAN_POINT ( 'NONE',  ( -1.499999999999995781, 5.349999999999999645, -0.5500000000000619949 ) ) ;
#93 = CARTESIAN_POINT ( 'NONE',  ( 0.6500000000000001332, 0.5000000000000000000, -3.500000000000000000 ) ) ;
#94 = EDGE_CURVE ( 'NONE', #345, #975, #4238, .T. ) ;
#95 = CYLINDRICAL_SURFACE ( 'NONE', #631, 0.7500000000000002220 ) ;
#96 = ORIENTED_EDGE ( 'NONE', *, *, #3339, .F. ) ;
#97 = ORIENTED_EDGE ( 'NONE', *, *, #571, .T. ) ;
#98 = VECTOR ( 'NONE', #3298, 1000.000000000000000 ) ;
#99 = ADVANCED_FACE ( 'NONE', ( #4613 ), #3899, .T. ) ;
#100 = CARTESIAN_POINT ( 'NONE',  ( -1.499999999999990008, 5.450000000000000178, -0.3999999999999702127 ) ) ;
#101 = CARTESIAN_POINT ( 'NONE',  ( -2.000000000000000000, 0.05000000000008011231, -3.200000000000000178 ) ) ;
#102 = EDGE_CURVE ( 'NONE', #3950, #162, #4149, .T. ) ;
#103 = AXIS2_PLACEMENT_3D ( 'NONE', #2458, #265, #3833 ) ;
#104 = LINE ( 'NONE', #2297, #3116 ) ;
#105 = AXIS2_PLACEMENT_3D ( 'NONE', #2371, #4634, #2469 ) ;
#106 = ORIENTED_EDGE ( 'NONE', *, *, #3171, .T. ) ;
#107 = EDGE_CURVE ( 'NONE', #2176, #3325, #2838, .T. ) ;
#108 = CARTESIAN_POINT ( 'NONE',  ( 498999.7999998519081, 2.749999999969444886, 498999.9999999999418 ) ) ;
#109 = DIRECTION ( 'NONE',  ( 0.000000000000000000, -0.000000000000000000, 1.000000000000000000 ) ) ;
#110 = ORIENTED_EDGE ( 'NONE', *, *, #3062, .T. ) ;
#111 = ORIENTED_EDGE ( 'NONE', *, *, #1650, .F. ) ;
#112 = DIRECTION ( 'NONE',  ( 0.000000000000000000, 1.000000000000000000, -0.000000000000000000 ) ) ;
#113 = PRODUCT_CONTEXT ( 'NONE', #2476, 'mechanical' ) ;
#114 = VERTEX_POINT ( 'NONE', #212 ) ;
#115 = EDGE_LOOP ( 'NONE', ( #581, #541, #410, #291 ) ) ;
#116 = LINE ( 'NONE', #449, #2788 ) ;
#117 = CARTESIAN_POINT ( 'NONE',  ( 0.000000000000000000, 2.750000000000000000, 1.499999999850842869 ) ) ;
#118 = DIRECTION ( 'NONE',  ( 1.000000000000000000, 0.000000000000000000, 0.000000000000000000 ) ) ;
#119 = LINE ( 'NONE', #91, #4253 ) ;
#120 = AXIS2_PLACEMENT_3D ( 'NONE', #391, #2949, #712 ) ;
#121 = DIRECTION ( 'NONE',  ( 0.000000000000000000, 0.000000000000000000, -1.000000000000000000 ) ) ;
#122 = DIRECTION ( 'NONE',  ( 0.000000000000000000, 0.000000000000000000, 1.000000000000000000 ) ) ;
#123 = AXIS2_PLACEMENT_3D ( 'NONE', #2244, #2607, #3717 ) ;
#124 = LINE ( 'NONE', #3814, #856 ) ;
#125 = ORIENTED_EDGE ( 'NONE', *, *, #3873, .T. ) ;
#126 = AXIS2_PLACEMENT_3D ( 'NONE', #542, #2017, #3487 ) ;
#127 = DIRECTION ( 'NONE',  ( 0.000000000000000000, 1.000000000000000000, -0.000000000000000000 ) ) ;
#128 = DIRECTION ( 'NONE',  ( -1.000000000000000000, -0.000000000000000000, -0.000000000000000000 ) ) ;
#129 = LINE ( 'NONE', #154, #1727 ) ;
#130 = ORIENTED_EDGE ( 'NONE', *, *, #699, .T. ) ;
#131 = DIRECTION ( 'NONE',  ( 0.000000000000000000, -0.000000000000000000, 1.000000000000000000 ) ) ;
#132 = FACE_BOUND ( 'NONE', #2665, .T. ) ;
#133 = CARTESIAN_POINT ( 'NONE',  ( 5.350000000000099121, 0.2499999999999993061, -0.4000000000000000777 ) ) ;
#134 = VERTEX_POINT ( 'NONE', #4328 ) ;
#135 = CARTESIAN_POINT ( 'NONE',  ( 4.000000000000000000, 2.750000000000000000, -3.750000000000000000 ) ) ;
#136 = ORIENTED_EDGE ( 'NONE', *, *, #3774, .T. ) ;
#137 = ORIENTED_EDGE ( 'NONE', *, *, #2782, .T. ) ;
#138 = EDGE_CURVE ( 'NONE', #1275, #2582, #3176, .T. ) ;
#139 = CARTESIAN_POINT ( 'NONE',  ( 0.000000000000000000, 2.750000000000000000, 0.7866393862416000138 ) ) ;
#140 = DIRECTION ( 'NONE',  ( 0.000000000000000000, 0.000000000000000000, 1.000000000000000000 ) ) ;
#141 = FACE_OUTER_BOUND ( 'NONE', #2947, .T. ) ;
#142 = EDGE_CURVE ( 'NONE', #3582, #326, #3924, .T. ) ;
#143 = VECTOR ( 'NONE', #1202, 1000.000000000000000 ) ;
#144 = EDGE_CURVE ( 'NONE', #3264, #638, #3558, .T. ) ;
#145 = DIRECTION ( 'NONE',  ( 0.000000000000000000, -0.000000000000000000, 1.000000000000000000 ) ) ;
#146 = AXIS2_PLACEMENT_3D ( 'NONE', #2112, #3580, #2928 ) ;
#147 = CLOSED_SHELL ( 'NONE', ( #2415, #394, #3687, #264, #1011, #2015, #3174, #1107, #4018, #3879, #4153, #2501, #2076, #2089, #4759, #942, #252, #578, #4052, #4509, #1211, #2273, #1365, #388, #809, #2406, #295, #4554, #2548, #1400, #3732, #1136, #3885, #3470, #509, #1957, #4516, #320, #2336, #1605, #1014, #4418, #4118, #454, #2885, #634, #219, #315, #3711, #2730, #911, #1191, #1353, #1259, #99, #2163, #1023, #2159, #2943, #1906, #554, #2148, #3467, #399, #1954, #1749, #2363, #672, #2704, #3267, #2426, #3445, #615, #3413, #2117, #2216, #660, #2855, #3019, #3669, #2805, #4566, #1081, #2055, #2199, #2228, #492, #522, #2829, #427, #3914, #1994, #2374, #2445, #4571, #3283, #846, #3667, #2448, #3087, #1921, #3752, #1649, #3154, #1452, #3777, #3207, #2642, #2875, #29, #256, #3915, #4413, #992, #747, #307, #1676, #4025, #695, #2525, #994, #2649, #70, #1348, #4172, #1764, #3260, #923, #1596, #900, #1256, #453, #562, #4282, #1051, #4174, #613, #4083, #2530, #2105, #1424, #735, #1401, #4726, #3149, #2869, #4497, #2913, #416, #1511, #205, #2133, #3957, #2759 ) ) ;
#148 = LINE ( 'NONE', #3478, #3666 ) ;
#149 = CARTESIAN_POINT ( 'NONE',  ( 5.352000000000001201, 0.5000000000000000000, -2.750000000000000000 ) ) ;
#150 = ORIENTED_EDGE ( 'NONE', *, *, #2248, .F. ) ;
#151 = EDGE_CURVE ( 'NONE', #300, #4101, #1659, .T. ) ;
#152 = DIRECTION ( 'NONE',  ( 1.000000000000000000, 0.000000000000000000, -0.000000000000000000 ) ) ;
#153 = PLANE ( 'NONE',  #2071 ) ;
#154 = CARTESIAN_POINT ( 'NONE',  ( -1.350000000000000089, 0.2499999999998999967, 0.5500000000000000444 ) ) ;
#155 = VERTEX_POINT ( 'NONE', #3196 ) ;
#156 = EDGE_CURVE ( 'NONE', #4587, #271, #3945, .T. ) ;
#157 = ORIENTED_EDGE ( 'NONE', *, *, #1806, .T. ) ;
#158 = EDGE_CURVE ( 'NONE', #1032, #4224, #972, .T. ) ;
#159 = DIRECTION ( 'NONE',  ( 0.000000000000000000, 0.000000000000000000, -1.000000000000000000 ) ) ;
#160 = CARTESIAN_POINT ( 'NONE',  ( 5.299999999999999822, 0.5000000000000000000, -2.750000000000000000 ) ) ;
#161 = ORIENTED_EDGE ( 'NONE', *, *, #142, .F. ) ;
#162 = VERTEX_POINT ( 'NONE', #1025 ) ;
#163 = CARTESIAN_POINT ( 'NONE',  ( 5.299999999999998934, 2.749999999998375966, -4.049999999999999822 ) ) ;
#164 = PRODUCT_DEFINITION_FORMATION_WITH_SPECIFIED_SOURCE ( 'ANY', '', #1462, .NOT_KNOWN. ) ;
#165 = VERTEX_POINT ( 'NONE', #2498 ) ;
#166 = ORIENTED_EDGE ( 'NONE', *, *, #4148, .F. ) ;
#167 = VECTOR ( 'NONE', #3525, 1000.000000000000114 ) ;
#168 = CARTESIAN_POINT ( 'NONE',  ( 4.000000000000000000, 0.5000000000000000000, 1.500000000000000000 ) ) ;
#169 = CYLINDRICAL_SURFACE ( 'NONE', #4173, 0.2999999999999999334 ) ;
#170 = FACE_OUTER_BOUND ( 'NONE', #2319, .T. ) ;
#171 = VECTOR ( 'NONE', #3668, 1000.000000000000000 ) ;
#172 = DIRECTION ( 'NONE',  ( 1.000000000000000000, -0.000000000000000000, 0.000000000000000000 ) ) ;
#173 = EDGE_CURVE ( 'NONE', #114, #4712, #4042, .T. ) ;
#174 = CARTESIAN_POINT ( 'NONE',  ( 0.7500000000000000000, 0.000000000000000000, 1.500000000000000000 ) ) ;
#175 = VERTEX_POINT ( 'NONE', #3603 ) ;
#176 = EDGE_CURVE ( 'NONE', #4388, #2926, #3816, .T. ) ;
#177 = DIRECTION ( 'NONE',  ( 0.000000000000000000, 0.000000000000000000, 1.000000000000000000 ) ) ;
#178 = DIRECTION ( 'NONE',  ( 0.8217041219862615264, 0.000000000000000000, -0.5699143233072732073 ) ) ;
#179 = ORIENTED_EDGE ( 'NONE', *, *, #62, .T. ) ;
#180 = CARTESIAN_POINT ( 'NONE',  ( -0.5425531983375000422, 5.400000000000000355, -2.274999999999999911 ) ) ;
#181 = PLANE ( 'NONE',  #1686 ) ;
#182 = DIRECTION ( 'NONE',  ( -1.000000000000000000, 0.000000000000000000, 0.000000000000000000 ) ) ;
#183 = VERTEX_POINT ( 'NONE', #1048 ) ;
#184 = EDGE_LOOP ( 'NONE', ( #3416, #854, #446, #356 ) ) ;
#185 = DIRECTION ( 'NONE',  ( -0.000000000000000000, 0.000000000000000000, -1.000000000000000000 ) ) ;
#186 = LINE ( 'NONE', #543, #2842 ) ;
#187 = CARTESIAN_POINT ( 'NONE',  ( 2.399999999999999911, 1.649999999999999911, -3.750000000000000000 ) ) ;
#188 = VERTEX_POINT ( 'NONE', #733 ) ;
#189 = AXIS2_PLACEMENT_3D ( 'NONE', #1439, #4376, #379 ) ;
#190 = DIRECTION ( 'NONE',  ( -0.000000000000000000, -1.000000000000000000, 0.000000000000000000 ) ) ;
#191 = ORIENTED_EDGE ( 'NONE', *, *, #4076, .F. ) ;
#192 = ORIENTED_EDGE ( 'NONE', *, *, #2348, .T. ) ;
#193 = FACE_OUTER_BOUND ( 'NONE', #4272, .T. ) ;
#194 = CARTESIAN_POINT ( 'NONE',  ( -1.774999999999999911, 0.05000000000000000278, -1.600000000000000089 ) ) ;
#195 = CARTESIAN_POINT ( 'NONE',  ( 5.775000000000000355, 0.05000000000000000278, -2.549999999999999822 ) ) ;
#196 = DIRECTION ( 'NONE',  ( -1.000000000000000000, 0.000000000000000000, -0.000000000000000000 ) ) ;
#197 = ORIENTED_EDGE ( 'NONE', *, *, #2382, .F. ) ;
#198 = EDGE_CURVE ( 'NONE', #4751, #3950, #3660, .T. ) ;
#199 = FACE_BOUND ( 'NONE', #2142, .T. ) ;
#200 = DIRECTION ( 'NONE',  ( -0.3170951447512066479, 0.000000000000000000, 0.9483937310923198361 ) ) ;
#201 = EDGE_CURVE ( 'NONE', #1098, #4224, #1793, .T. ) ;
#202 = ORIENTED_EDGE ( 'NONE', *, *, #1755, .F. ) ;
#203 = AXIS2_PLACEMENT_3D ( 'NONE', #2229, #441, #4159 ) ;
#204 = DIRECTION ( 'NONE',  ( 1.000000000000000000, -0.000000000000000000, 0.000000000000000000 ) ) ;
#205 = ADVANCED_FACE ( 'NONE', ( #2887 ), #304, .F. ) ;
#206 = AXIS2_PLACEMENT_3D ( 'NONE', #4046, #749, #2218 ) ;
#207 = CARTESIAN_POINT ( 'NONE',  ( -0.7085106253623180139, 5.400000000000000355, 0.07499997615827123931 ) ) ;
#208 = ORIENTED_EDGE ( 'NONE', *, *, #1005, .T. ) ;
#209 = ORIENTED_EDGE ( 'NONE', *, *, #2669, .T. ) ;
#210 = CARTESIAN_POINT ( 'NONE',  ( 6.000000000000000000, 0.05000000000000000278, 0.5500000000000000444 ) ) ;
#211 = DIRECTION ( 'NONE',  ( 1.000000000000000000, -0.000000000000000000, -0.000000000000000000 ) ) ;
#212 = CARTESIAN_POINT ( 'NONE',  ( -1.700000000000000178, 5.362132034355964194, -3.412132034355964461 ) ) ;
#213 = ORIENTED_EDGE ( 'NONE', *, *, #4198, .T. ) ;
#214 = CARTESIAN_POINT ( 'NONE',  ( -1.352000000000000091, 1.000000000000000000, 0.7500000000000000000 ) ) ;
#215 = EDGE_LOOP ( 'NONE', ( #2392, #1221, #1158, #4323, #570 ) ) ;
#216 = DIRECTION ( 'NONE',  ( 0.000000000000000000, -1.000000000000000000, -0.000000000000000000 ) ) ;
#217 = DIRECTION ( 'NONE',  ( 0.000000000000000000, 0.000000000000000000, -1.000000000000000000 ) ) ;
#218 = ORIENTED_EDGE ( 'NONE', *, *, #1809, .T. ) ;
#219 = ADVANCED_FACE ( 'NONE', ( #1114 ), #2047, .T. ) ;
#220 = AXIS2_PLACEMENT_3D ( 'NONE', #117, #474, #4546 ) ;
#221 = CARTESIAN_POINT ( 'NONE',  ( 1.300000000000000266, 0.5000000000000000000, -2.750000000000000000 ) ) ;
#222 = FACE_OUTER_BOUND ( 'NONE', #3559, .T. ) ;
#223 = ORIENTED_EDGE ( 'NONE', *, *, #3404, .T. ) ;
#224 = EDGE_CURVE ( 'NONE', #2499, #3840, #737, .T. ) ;
#225 = VECTOR ( 'NONE', #3426, 1000.000000000000000 ) ;
#226 = DIRECTION ( 'NONE',  ( 0.000000000000000000, 1.000000000000000000, 0.000000000000000000 ) ) ;
#227 = PLANE ( 'NONE',  #2118 ) ;
#228 = VECTOR ( 'NONE', #883, 1000.000000000000000 ) ;
#229 = DIRECTION ( 'NONE',  ( 0.8109606669995704786, 0.000000000000000000, -0.5851006721749786310 ) ) ;
#230 = DIRECTION ( 'NONE',  ( -0.000000000000000000, -1.000000000000000000, 0.000000000000000000 ) ) ;
#231 = ORIENTED_EDGE ( 'NONE', *, *, #3672, .F. ) ;
#232 = ORIENTED_EDGE ( 'NONE', *, *, #3610, .T. ) ;
#233 = PLANE ( 'NONE',  #3443 ) ;
#234 = EDGE_CURVE ( 'NONE', #3894, #2342, #1968, .T. ) ;
#235 = DIRECTION ( 'NONE',  ( 0.8217041219858667311, 0.000000000000000000, -0.5699143233078423076 ) ) ;
#236 = DIRECTION ( 'NONE',  ( 0.000000000000000000, 1.000000000000000000, 0.000000000000000000 ) ) ;
#237 = ORIENTED_EDGE ( 'NONE', *, *, #1435, .F. ) ;
#238 = CARTESIAN_POINT ( 'NONE',  ( -0.4531914889812000413, 5.400000000000000355, 0.6000000029802999846 ) ) ;
#239 = EDGE_CURVE ( 'NONE', #1173, #897, #3312, .T. ) ;
#240 = FACE_OUTER_BOUND ( 'NONE', #2226, .T. ) ;
#241 = DIRECTION ( 'NONE',  ( -1.000000000000000000, -0.000000000000000000, -0.000000000000000000 ) ) ;
#242 = VERTEX_POINT ( 'NONE', #4368 ) ;
#243 = CARTESIAN_POINT ( 'NONE',  ( 2.975000000000000089, 0.000000000000000000, -3.500000000000000000 ) ) ;
#244 = CARTESIAN_POINT ( 'NONE',  ( 2.450000000000038813, 0.04999999999996923572, 1.500000000000000000 ) ) ;
#245 = ORIENTED_EDGE ( 'NONE', *, *, #1084, .F. ) ;
#246 = VECTOR ( 'NONE', #1466, 1000.000000000000114 ) ;
#247 = VECTOR ( 'NONE', #661, 1000.000000000000000 ) ;
#248 = DIRECTION ( 'NONE',  ( 0.000000000000000000, -1.000000000000000000, 0.000000000000000000 ) ) ;
#249 = CARTESIAN_POINT ( 'NONE',  ( 2.000000000000000000, 0.5500000000000000444, -2.532055052822999919 ) ) ;
#250 = VECTOR ( 'NONE', #4247, 1000.000000000000000 ) ;
#251 = CIRCLE ( 'NONE', #1713, 0.2999999999999999334 ) ;
#252 = ADVANCED_FACE ( 'NONE', ( #4432 ), #2974, .T. ) ;
#253 = PLANE ( 'NONE',  #105 ) ;
#254 = ORIENTED_EDGE ( 'NONE', *, *, #2293, .F. ) ;
#255 = ORIENTED_EDGE ( 'NONE', *, *, #2556, .F. ) ;
#256 = ADVANCED_FACE ( 'NONE', ( #1137 ), #2608, .T. ) ;
#257 = CYLINDRICAL_SURFACE ( 'NONE', #512, 0.2999999999999999334 ) ;
#258 = EDGE_CURVE ( 'NONE', #3325, #3391, #3627, .T. ) ;
#259 = PLANE ( 'NONE',  #1611 ) ;
#260 = DIRECTION ( 'NONE',  ( 1.000000000000000000, 0.000000000000000000, -0.000000000000000000 ) ) ;
#261 = APPLICATION_CONTEXT ( 'automotive_design' ) ;
#262 = EDGE_LOOP ( 'NONE', ( #743, #3962, #4706, #333 ) ) ;
#263 = LINE ( 'NONE', #1685, #1569 ) ;
#264 = ADVANCED_FACE ( 'NONE', ( #3651 ), #4201, .T. ) ;
#265 = DIRECTION ( 'NONE',  ( 0.7071067811875976217, 0.7071067811854975238, -0.000000000000000000 ) ) ;
#266 = LINE ( 'NONE', #4643, #3225 ) ;
#267 = AXIS2_PLACEMENT_3D ( 'NONE', #1094, #351, #758 ) ;
#268 = ORIENTED_EDGE ( 'NONE', *, *, #1522, .F. ) ;
#269 = LINE ( 'NONE', #1033, #3630 ) ;
#270 = CARTESIAN_POINT ( 'NONE',  ( 2.000000000000000000, 0.5500000000000000444, -0.1430285549746000417 ) ) ;
#271 = VERTEX_POINT ( 'NONE', #3094 ) ;
#272 = VECTOR ( 'NONE', #2685, 1000.000000000000000 ) ;
#273 = LINE ( 'NONE', #3161, #2393 ) ;
#274 = AXIS2_PLACEMENT_3D ( 'NONE', #2314, #478, #122 ) ;
#275 = FACE_OUTER_BOUND ( 'NONE', #420, .T. ) ;
#276 = CARTESIAN_POINT ( 'NONE',  ( -1.774999999999999911, 0.05000000000000000278, -0.4000000000000000777 ) ) ;
#277 = VERTEX_POINT ( 'NONE', #1527 ) ;
#278 = VERTEX_POINT ( 'NONE', #461 ) ;
#279 = EDGE_CURVE ( 'NONE', #2798, #1736, #1910, .T. ) ;
#280 = CARTESIAN_POINT ( 'NONE',  ( 5.299999999999999822, 2.749999999999594102, -4.049999999999999822 ) ) ;
#281 = CARTESIAN_POINT ( 'NONE',  ( 4.000000000000000000, 2.750000000000000000, 0.7866393862416000138 ) ) ;
#282 = DIRECTION ( 'NONE',  ( 1.000000000000000000, 0.000000000000000000, 0.000000000000000000 ) ) ;
#283 = CONICAL_SURFACE ( 'NONE', #3663, 1.299999999568171694, 0.7853981633974482790 ) ;
#284 = VERTEX_POINT ( 'NONE', #4456 ) ;
#285 = CYLINDRICAL_SURFACE ( 'NONE', #2335, 1.000000000000000000 ) ;
#286 = DIRECTION ( 'NONE',  ( -0.000000000000000000, -1.000000000000000000, -0.000000000000000000 ) ) ;
#287 = CARTESIAN_POINT ( 'NONE',  ( -0.7500000000000000000, 0.2500000000000000000, 1.500000000000000000 ) ) ;
#288 = ORIENTED_EDGE ( 'NONE', *, *, #1069, .T. ) ;
#289 = CARTESIAN_POINT ( 'NONE',  ( -9.042264238516618491E-33, 2.750000000000000000, 1.499999999850842869 ) ) ;
#290 = LINE ( 'NONE', #4694, #3781 ) ;
#291 = ORIENTED_EDGE ( 'NONE', *, *, #4607, .T. ) ;
#292 = EDGE_CURVE ( 'NONE', #2615, #812, #3458, .T. ) ;
#293 = DIRECTION ( 'NONE',  ( -0.000000000000000000, 1.000000000000000000, 0.000000000000000000 ) ) ;
#294 = CARTESIAN_POINT ( 'NONE',  ( 1.350000000000000089, 0.2999999999999999889, -0.4000000000000000222 ) ) ;
#295 = ADVANCED_FACE ( 'NONE', ( #437 ), #4181, .T. ) ;
#296 = CARTESIAN_POINT ( 'NONE',  ( -0.4531914889812000413, 5.349999999999999645, 0.6000000029802999846 ) ) ;
#297 = VERTEX_POINT ( 'NONE', #4532 ) ;
#298 = VECTOR ( 'NONE', #4284, 1000.000000000000000 ) ;
#299 = EDGE_LOOP ( 'NONE', ( #3041, #988, #2137, #2130 ) ) ;
#300 = VERTEX_POINT ( 'NONE', #1936 ) ;
#301 = EDGE_CURVE ( 'NONE', #519, #3123, #877, .T. ) ;
#302 = LINE ( 'NONE', #1769, #671 ) ;
#303 = CARTESIAN_POINT ( 'NONE',  ( -0.2999999999999999889, 5.400000000000000355, -0.1249999761581000041 ) ) ;
#304 = PLANE ( 'NONE',  #120 ) ;
#305 = EDGE_LOOP ( 'NONE', ( #1911, #1344, #3693, #1295 ) ) ;
#306 = LINE ( 'NONE', #4752, #481 ) ;
#307 = ADVANCED_FACE ( 'NONE', ( #2344 ), #4480, .F. ) ;
#308 = EDGE_CURVE ( 'NONE', #2680, #183, #3792, .T. ) ;
#309 = CARTESIAN_POINT ( 'NONE',  ( 2.699999999999999734, 0.5000000000000000000, 1.500000000000000222 ) ) ;
#310 = CARTESIAN_POINT ( 'NONE',  ( -1.300000000000000266, 2.750000000000000000, -4.049999999999999822 ) ) ;
#311 = ORIENTED_EDGE ( 'NONE', *, *, #2367, .T. ) ;
#312 = DIRECTION ( 'NONE',  ( 1.000000000000000000, 0.000000000000000000, -0.000000000000000000 ) ) ;
#313 = DIRECTION ( 'NONE',  ( 0.8109606669995362838, 0.000000000000000000, 0.5851006721750260375 ) ) ;
#314 = ORIENTED_EDGE ( 'NONE', *, *, #198, .F. ) ;
#315 = ADVANCED_FACE ( 'NONE', ( #2323 ), #153, .F. ) ;
#316 = LINE ( 'NONE', #3640, #2315 ) ;
#317 = LINE ( 'NONE', #4743, #1290 ) ;
#318 = AXIS2_PLACEMENT_3D ( 'NONE', #3569, #2779, #2754 ) ;
#319 = CIRCLE ( 'NONE', #1699, 0.2999999999999999334 ) ;
#320 = ADVANCED_FACE ( 'NONE', ( #4557 ), #3409, .T. ) ;
#321 = AXIS2_PLACEMENT_3D ( 'NONE', #868, #4146, #4171 ) ;
#322 = CIRCLE ( 'NONE', #2322, 0.3000000000000004330 ) ;
#323 = CARTESIAN_POINT ( 'NONE',  ( -1.014893603324501736, 5.400000000000000355, -2.100000095367691166 ) ) ;
#324 = ORIENTED_EDGE ( 'NONE', *, *, #1169, .T. ) ;
#325 = ORIENTED_EDGE ( 'NONE', *, *, #4315, .T. ) ;
#326 = VERTEX_POINT ( 'NONE', #2656 ) ;
#327 = DIRECTION ( 'NONE',  ( -0.7071067811854974128, -0.7071067811875975107, -0.000000000000000000 ) ) ;
#328 = DIRECTION ( 'NONE',  ( 0.000000000000000000, 0.7071067811865481278, 0.7071067811865466846 ) ) ;
#329 = ORIENTED_EDGE ( 'NONE', *, *, #3370, .F. ) ;
#330 = CARTESIAN_POINT ( 'NONE',  ( -1.500000000000000000, 5.450000000000000178, -2.599999904633000014 ) ) ;
#331 = LINE ( 'NONE', #4038, #1857 ) ;
#332 = LINE ( 'NONE', #2545, #4271 ) ;
#333 = ORIENTED_EDGE ( 'NONE', *, *, #1097, .F. ) ;
#334 = CARTESIAN_POINT ( 'NONE',  ( 5.450000000000000178, 0.1499999999999999944, -1.600000000000000089 ) ) ;
#335 = SHAPE_REPRESENTATION_RELATIONSHIP ( 'NONE' , 'NONE' ,  #748, #4033 ) ;
#336 = ORIENTED_EDGE ( 'NONE', *, *, #3859, .T. ) ;
#337 = CARTESIAN_POINT ( 'NONE',  ( -1.350000000000000089, 0.4000000000000000222, -2.549999999999999822 ) ) ;
#338 = CARTESIAN_POINT ( 'NONE',  ( 5.485878119317074031, 5.149999999999999467, -3.410123345235140491 ) ) ;
#339 = AXIS2_PLACEMENT_3D ( 'NONE', #4437, #783, #2613 ) ;
#340 = VECTOR ( 'NONE', #3323, 1000.000000000000114 ) ;
#341 = EDGE_CURVE ( 'NONE', #1525, #4311, #2735, .T. ) ;
#342 = FACE_OUTER_BOUND ( 'NONE', #551, .T. ) ;
#343 = DIRECTION ( 'NONE',  ( -0.9506452136280391096, 0.000000000000000000, -0.3102799990429609411 ) ) ;
#344 = ORIENTED_EDGE ( 'NONE', *, *, #3574, .F. ) ;
#345 = VERTEX_POINT ( 'NONE', #1959 ) ;
#346 = PRODUCT ( 'AVX-00-9176-002-701-996_00-9176-002-701-X96', 'AVX-00-9176-002-701-996_00-9176-002-701-X96', '', ( #521 ) ) ;
#347 = EDGE_CURVE ( 'NONE', #1803, #859, #827, .T. ) ;
#348 = DIRECTION ( 'NONE',  ( 0.000000000000000000, 0.000000000000000000, 1.000000000000000000 ) ) ;
#349 = CARTESIAN_POINT ( 'NONE',  ( 5.912132034355964016, 5.149999999999999467, -3.412132034355964461 ) ) ;
#350 = VERTEX_POINT ( 'NONE', #101 ) ;
#351 = DIRECTION ( 'NONE',  ( 0.000000000000000000, 1.000000000000000000, 0.000000000000000000 ) ) ;
#352 = AXIS2_PLACEMENT_3D ( 'NONE', #3127, #3876, #4410 ) ;
#353 = AXIS2_PLACEMENT_3D ( 'NONE', #26, #3025, #1506 ) ;
#354 = CARTESIAN_POINT ( 'NONE',  ( 5.700000000000000178, 5.150000000000000355, -3.200000000000000178 ) ) ;
#355 = DIRECTION ( 'NONE',  ( -0.3102799990427071997, 0.000000000000000000, 0.9506452136281220433 ) ) ;
#356 = ORIENTED_EDGE ( 'NONE', *, *, #2409, .T. ) ;
#357 = CARTESIAN_POINT ( 'NONE',  ( -1.999986676132685215, 5.272259282061491525, -3.073742182490724950 ) ) ;
#358 =( NAMED_UNIT ( * ) PLANE_ANGLE_UNIT ( ) SI_UNIT ( $, .RADIAN. ) );
#359 = ORIENTED_EDGE ( 'NONE', *, *, #1981, .T. ) ;
#360 = AXIS2_PLACEMENT_3D ( 'NONE', #1608, #3075, #2791 ) ;
#361 = EDGE_CURVE ( 'NONE', #2449, #1651, #4506, .T. ) ;
#362 = CARTESIAN_POINT ( 'NONE',  ( 1.300000000000000266, 0.5500000000000000444, -0.1430285549745937967 ) ) ;
#363 = FACE_OUTER_BOUND ( 'NONE', #2858, .T. ) ;
#364 = PLANE ( 'NONE',  #4355 ) ;
#365 = LINE ( 'NONE', #1425, #3937 ) ;
#366 = ORIENTED_EDGE ( 'NONE', *, *, #1673, .F. ) ;
#367 = ORIENTED_EDGE ( 'NONE', *, *, #2468, .T. ) ;
#368 = DIRECTION ( 'NONE',  ( -0.7071067811854974128, 0.7071067811875975107, 0.000000000000000000 ) ) ;
#369 = VECTOR ( 'NONE', #556, 1000.000000000000000 ) ;
#370 = DIRECTION ( 'NONE',  ( 1.000000000000000000, 0.000000000000000000, -0.000000000000000000 ) ) ;
#371 = ORIENTED_EDGE ( 'NONE', *, *, #2200, .T. ) ;
#372 = DIRECTION ( 'NONE',  ( 0.000000000000000000, 0.000000000000000000, 1.000000000000000000 ) ) ;
#373 = EDGE_CURVE ( 'NONE', #3092, #68, #2531, .T. ) ;
#374 = VECTOR ( 'NONE', #544, 1000.000000000000000 ) ;
#375 = CARTESIAN_POINT ( 'NONE',  ( -1.699999999999999512, 5.059887319042354115, 1.536492374042707665 ) ) ;
#376 = CARTESIAN_POINT ( 'NONE',  ( -1.500000000000078160, 5.349999999999999645, -2.449999904632891745 ) ) ;
#377 = DIRECTION ( 'NONE',  ( 0.000000000000000000, 0.000000000000000000, 1.000000000000000000 ) ) ;
#378 = VERTEX_POINT ( 'NONE', #1885 ) ;
#379 = DIRECTION ( 'NONE',  ( -0.000000000000000000, 0.000000000000000000, -1.000000000000000000 ) ) ;
#380 = ORIENTED_EDGE ( 'NONE', *, *, #4449, .F. ) ;
#381 = CARTESIAN_POINT ( 'NONE',  ( 2.649999999999933742, 0.2499999999999661660, -3.500000000000000000 ) ) ;
#382 = DIRECTION ( 'NONE',  ( 1.000000000000000000, 0.000000000000000000, -0.000000000000000000 ) ) ;
#383 = DIRECTION ( 'NONE',  ( 1.000000000000000000, 0.000000000000000000, -0.000000000000000000 ) ) ;
#384 = DIRECTION ( 'NONE',  ( 0.000000000000000000, -0.000000000000000000, 1.000000000000000000 ) ) ;
#385 = DIRECTION ( 'NONE',  ( 0.9486832952232236993, 0.000000000000000000, 0.3162277744987078698 ) ) ;
#386 = VERTEX_POINT ( 'NONE', #49 ) ;
#387 = ORIENTED_EDGE ( 'NONE', *, *, #1544, .F. ) ;
#388 = ADVANCED_FACE ( 'NONE', ( #2370 ), #181, .T. ) ;
#389 = AXIS2_PLACEMENT_3D ( 'NONE', #4502, #1600, #3735 ) ;
#390 = DIRECTION ( 'NONE',  ( 1.000000000000000000, 0.000000000000000000, 0.000000000000000000 ) ) ;
#391 = CARTESIAN_POINT ( 'NONE',  ( 2.000000000000000000, 0.05000000000000000278, 0.5500000000000000444 ) ) ;
#392 = EDGE_LOOP ( 'NONE', ( #1510, #4079, #4716, #3476 ) ) ;
#393 = LINE ( 'NONE', #4057, #16 ) ;
#394 = ADVANCED_FACE ( 'NONE', ( #3483 ), #1708, .T. ) ;
#395 = CARTESIAN_POINT ( 'NONE',  ( 4.000000000000000000, 2.300000000358000118, -4.049999999999999822 ) ) ;
#396 = DIRECTION ( 'NONE',  ( 1.000000000000000000, -0.000000000000000000, -0.000000000000000000 ) ) ;
#397 = CARTESIAN_POINT ( 'NONE',  ( 2.000000000000000000, 0.5500000000000001554, -3.500000000000000000 ) ) ;
#398 = ORIENTED_EDGE ( 'NONE', *, *, #1935, .F. ) ;
#399 = ADVANCED_FACE ( 'NONE', ( #528 ), #3084, .F. ) ;
#400 = CARTESIAN_POINT ( 'NONE',  ( -0.9127659559249999832, 5.450000000000000178, -2.025000095367000430 ) ) ;
#401 = PRESENTATION_STYLE_ASSIGNMENT (( #3373 ) ) ;
#402 = ORIENTED_EDGE ( 'NONE', *, *, #1043, .F. ) ;
#403 = FACE_OUTER_BOUND ( 'NONE', #3000, .T. ) ;
#404 = CARTESIAN_POINT ( 'NONE',  ( 5.912132034355967569, 5.327052006648532512, -3.412132034355967125 ) ) ;
#405 = DIRECTION ( 'NONE',  ( -0.000000000000000000, 1.000000000000000000, -0.000000000000000000 ) ) ;
#406 = CARTESIAN_POINT ( 'NONE',  ( -0.6063829779623715055, 5.400000000000000355, 0.5500000059605189007 ) ) ;
#407 = VECTOR ( 'NONE', #4621, 1000.000000000000000 ) ;
#408 = DIRECTION ( 'NONE',  ( 0.9486832867413231840, 0.000000000000000000, -0.3162277999444076948 ) ) ;
#409 = VERTEX_POINT ( 'NONE', #842 ) ;
#410 = ORIENTED_EDGE ( 'NONE', *, *, #4539, .F. ) ;
#411 =( GEOMETRIC_REPRESENTATION_CONTEXT ( 3 ) GLOBAL_UNCERTAINTY_ASSIGNED_CONTEXT ( ( #2416 ) ) GLOBAL_UNIT_ASSIGNED_CONTEXT ( ( #828, #4182, #853 ) ) REPRESENTATION_CONTEXT ( 'NONE', 'WORKASPACE' ) );
#412 = CARTESIAN_POINT ( 'NONE',  ( 0.000000000000000000, 2.750000000000000000, 1.499999999850842869 ) ) ;
#413 = DIRECTION ( 'NONE',  ( 0.000000000000000000, -1.000000000000000000, 0.000000000000000000 ) ) ;
#414 = VERTEX_POINT ( 'NONE', #502 ) ;
#415 = CARTESIAN_POINT ( 'NONE',  ( -0.2999999999999999889, 5.400000000000000355, -2.524999904632000192 ) ) ;
#416 = ADVANCED_FACE ( 'NONE', ( #141 ), #4548, .F. ) ;
#417 = PLANE ( 'NONE',  #1597 ) ;
#418 = DIRECTION ( 'NONE',  ( -0.7071067811854974128, 0.7071067811875975107, 0.000000000000000000 ) ) ;
#419 = ORIENTED_EDGE ( 'NONE', *, *, #4069, .T. ) ;
#420 = EDGE_LOOP ( 'NONE', ( #1908, #2064, #1689, #1915 ) ) ;
#421 = LINE ( 'NONE', #1464, #3889 ) ;
#422 = VERTEX_POINT ( 'NONE', #2724 ) ;
#423 = VERTEX_POINT ( 'NONE', #2309 ) ;
#424 = DIRECTION ( 'NONE',  ( 0.000000000000000000, 1.000000000000000000, -0.000000000000000000 ) ) ;
#425 = DIRECTION ( 'NONE',  ( 1.000000000000000000, 0.000000000000000000, 0.000000000000000000 ) ) ;
#426 = VECTOR ( 'NONE', #564, 1000.000000000000000 ) ;
#427 = ADVANCED_FACE ( 'NONE', ( #3858 ), #3808, .T. ) ;
#428 = VECTOR ( 'NONE', #1231, 1000.000000000000000 ) ;
#429 = EDGE_CURVE ( 'NONE', #414, #1098, #3398, .T. ) ;
#430 = LINE ( 'NONE', #1978, #1052 ) ;
#431 = DIRECTION ( 'NONE',  ( 0.000000000000000000, 0.000000000000000000, 1.000000000000000000 ) ) ;
#432 = CARTESIAN_POINT ( 'NONE',  ( 4.000000000000000000, -0.01000000000000000021, 1.500000000000000000 ) ) ;
#433 = EDGE_LOOP ( 'NONE', ( #18, #2585, #2281, #3768, #935 ) ) ;
#434 = ORIENTED_EDGE ( 'NONE', *, *, #2059, .F. ) ;
#435 = DIRECTION ( 'NONE',  ( -0.000000000000000000, -1.000000000000000000, -0.000000000000000000 ) ) ;
#436 = CIRCLE ( 'NONE', #826, 1.000000000000000000 ) ;
#437 = FACE_OUTER_BOUND ( 'NONE', #2487, .T. ) ;
#438 = ORIENTED_EDGE ( 'NONE', *, *, #2825, .T. ) ;
#439 = ORIENTED_EDGE ( 'NONE', *, *, #1152, .T. ) ;
#440 = AXIS2_PLACEMENT_3D ( 'NONE', #2696, #1254, #118 ) ;
#441 = DIRECTION ( 'NONE',  ( 0.000000000000000000, 0.000000000000000000, -1.000000000000000000 ) ) ;
#442 = CARTESIAN_POINT ( 'NONE',  ( 0.6500000000000001332, 0.000000000000000000, 1.500000000000000000 ) ) ;
#443 = ORIENTED_EDGE ( 'NONE', *, *, #3974, .T. ) ;
#444 = ORIENTED_EDGE ( 'NONE', *, *, #102, .F. ) ;
#445 = CARTESIAN_POINT ( 'NONE',  ( -0.2999999999999999334, 5.450000000000000178, -1.000000000000000000 ) ) ;
#446 = ORIENTED_EDGE ( 'NONE', *, *, #4553, .F. ) ;
#447 = EDGE_LOOP ( 'NONE', ( #166, #807, #3547, #1663, #3185 ) ) ;
#448 = EDGE_CURVE ( 'NONE', #812, #3798, #1216, .T. ) ;
#449 = CARTESIAN_POINT ( 'NONE',  ( -1.352000000000000091, 0.000000000000000000, 0.7500000000000002220 ) ) ;
#450 = CARTESIAN_POINT ( 'NONE',  ( -0.7851063966750997380, 5.450000000000000178, -2.100000095367000164 ) ) ;
#451 = DIRECTION ( 'NONE',  ( 0.000000000000000000, 1.000000000000000000, -0.000000000000000000 ) ) ;
#452 = DIRECTION ( 'NONE',  ( -0.000000000000000000, -0.000000000000000000, -1.000000000000000000 ) ) ;
#453 = ADVANCED_FACE ( 'NONE', ( #2674 ), #3109, .T. ) ;
#454 = ADVANCED_FACE ( 'NONE', ( #3835, #4599 ), #1948, .T. ) ;
#455 = CARTESIAN_POINT ( 'NONE',  ( 2.649999999999999911, 0.2499999999998999967, 0.5500000000000000444 ) ) ;
#456 = DIRECTION ( 'NONE',  ( 0.000000000000000000, -0.000000000000000000, 1.000000000000000000 ) ) ;
#457 = DIRECTION ( 'NONE',  ( 0.3162277999444076948, -0.000000000000000000, 0.9486832867413231840 ) ) ;
#458 = ORIENTED_EDGE ( 'NONE', *, *, #1856, .F. ) ;
#459 = ORIENTED_EDGE ( 'NONE', *, *, #2660, .F. ) ;
#460 = DIRECTION ( 'NONE',  ( -0.000000000000000000, 0.000000000000000000, -1.000000000000000000 ) ) ;
#461 = CARTESIAN_POINT ( 'NONE',  ( -1.500000000000212719, 5.349999999999999645, -1.600000000000293854 ) ) ;
#462 = VERTEX_POINT ( 'NONE', #4575 ) ;
#463 = VECTOR ( 'NONE', #4296, 1000.000000000000000 ) ;
#464 =( GEOMETRIC_REPRESENTATION_CONTEXT ( 3 ) GLOBAL_UNCERTAINTY_ASSIGNED_CONTEXT ( ( #2081 ) ) GLOBAL_UNIT_ASSIGNED_CONTEXT ( ( #58, #358, #1175 ) ) REPRESENTATION_CONTEXT ( 'NONE', 'WORKASPACE' ) );
#465 = DIRECTION ( 'NONE',  ( 0.000000000000000000, 1.000000000000000000, 0.000000000000000000 ) ) ;
#466 = DIRECTION ( 'NONE',  ( 1.000000000000000000, 0.000000000000000000, -0.000000000000000000 ) ) ;
#467 = ORIENTED_EDGE ( 'NONE', *, *, #847, .F. ) ;
#468 = EDGE_LOOP ( 'NONE', ( #1078, #1703, #4100, #2984 ) ) ;
#469 = VECTOR ( 'NONE', #1780, 1000.000000000000000 ) ;
#470 = DIRECTION ( 'NONE',  ( 1.000000000000000000, 0.000000000000000000, -0.000000000000000000 ) ) ;
#471 = EDGE_LOOP ( 'NONE', ( #4430, #3017, #1426, #380 ) ) ;
#472 = ORIENTED_EDGE ( 'NONE', *, *, #3233, .F. ) ;
#473 = CARTESIAN_POINT ( 'NONE',  ( -1.257446801661999958, 5.349999999999999645, -1.925000047684000126 ) ) ;
#474 = DIRECTION ( 'NONE',  ( 8.340016712738614037E-17, -0.000000000000000000, 1.000000000000000000 ) ) ;
#475 = CARTESIAN_POINT ( 'NONE',  ( 6.036492374042709663, 5.059887319042354115, 1.376705599558067039 ) ) ;
#476 = DIRECTION ( 'NONE',  ( 0.000000000000000000, 0.000000000000000000, 1.000000000000000000 ) ) ;
#477 = CARTESIAN_POINT ( 'NONE',  ( -1.053191488980999901, 5.450000000000000178, 0.1874999940395999931 ) ) ;
#478 = DIRECTION ( 'NONE',  ( -0.000000000000000000, -1.000000000000000000, -0.000000000000000000 ) ) ;
#479 = DIRECTION ( 'NONE',  ( -0.000000000000000000, -0.000000000000000000, -1.000000000000000000 ) ) ;
#480 = ORIENTED_EDGE ( 'NONE', *, *, #1953, .T. ) ;
#481 = VECTOR ( 'NONE', #1050, 1000.000000000000000 ) ;
#482 = DIRECTION ( 'NONE',  ( 0.000000000000000000, 0.000000000000000000, 1.000000000000000000 ) ) ;
#483 = CARTESIAN_POINT ( 'NONE',  ( 5.847999999999999865, 5.150000000000000355, 1.199999999999999956 ) ) ;
#484 = DIRECTION ( 'NONE',  ( -0.000000000000000000, 1.000000000000000000, 0.000000000000000000 ) ) ;
#485 = STYLED_ITEM ( 'NONE', ( #4132 ), #4098 ) ;
#486 = PRODUCT_RELATED_PRODUCT_CATEGORY ( 'part', '', ( #1462 ) ) ;
#487 = ORIENTED_EDGE ( 'NONE', *, *, #3223, .F. ) ;
#488 = EDGE_CURVE ( 'NONE', #3438, #812, #4221, .T. ) ;
#489 = EDGE_CURVE ( 'NONE', #2022, #1646, #4495, .T. ) ;
#490 = AXIS2_PLACEMENT_3D ( 'NONE', #1305, #1398, #2831 ) ;
#491 = CARTESIAN_POINT ( 'NONE',  ( 2.400000000000000355, 2.750000000000000000, -3.500000000000000000 ) ) ;
#492 = ADVANCED_FACE ( 'NONE', ( #1594 ), #3060, .T. ) ;
#493 = DIRECTION ( 'NONE',  ( 0.000000000000000000, 0.000000000000000000, -1.000000000000000000 ) ) ;
#494 = ORIENTED_EDGE ( 'NONE', *, *, #4066, .T. ) ;
#495 = ORIENTED_EDGE ( 'NONE', *, *, #1847, .T. ) ;
#496 = FACE_OUTER_BOUND ( 'NONE', #3080, .T. ) ;
#497 = CONTEXT_DEPENDENT_SHAPE_REPRESENTATION ( #3459, #2853 ) ;
#498 = EDGE_LOOP ( 'NONE', ( #1040, #3289, #4314, #679 ) ) ;
#499 = ORIENTED_EDGE ( 'NONE', *, *, #3504, .F. ) ;
#500 = DIRECTION ( 'NONE',  ( 1.000000000000000000, -0.000000000000000000, -0.000000000000000000 ) ) ;
#501 = DIRECTION ( 'NONE',  ( 0.000000000000000000, 1.000000000000000000, -0.000000000000000000 ) ) ;
#502 = CARTESIAN_POINT ( 'NONE',  ( 1.300000000000000266, 0.5500000000000000444, 0.5320550528229832654 ) ) ;
#503 = CARTESIAN_POINT ( 'NONE',  ( 5.349999999999999645, 0.2999999999999999889, -1.600000000000000089 ) ) ;
#504 = AXIS2_PLACEMENT_3D ( 'NONE', #689, #370, #4750 ) ;
#505 = EDGE_CURVE ( 'NONE', #4357, #2, #1521, .T. ) ;
#506 = CARTESIAN_POINT ( 'NONE',  ( 2.000000000000000000, 0.5500000000000000444, -4.049999999999999822 ) ) ;
#507 = CARTESIAN_POINT ( 'NONE',  ( 2.700000000000000178, 0.5000000000000000000, 0.7500000000000000000 ) ) ;
#508 = VECTOR ( 'NONE', #2784, 1000.000000000000000 ) ;
#509 = ADVANCED_FACE ( 'NONE', ( #2192 ), #2536, .F. ) ;
#510 = CARTESIAN_POINT ( 'NONE',  ( -0.9000000000003000045, 5.400000000000000355, 1.192103859653999985E-08 ) ) ;
#511 = ORIENTED_EDGE ( 'NONE', *, *, #3352, .T. ) ;
#512 = AXIS2_PLACEMENT_3D ( 'NONE', #1495, #3329, #1360 ) ;
#513 = CARTESIAN_POINT ( 'NONE',  ( -1.929879867024197893E-14, 0.5000000000000000000, 0.7500000000000001110 ) ) ;
#514 = CARTESIAN_POINT ( 'NONE',  ( 1.352000000000000091, 0.000000000000000000, -2.750000000000000000 ) ) ;
#515 = ORIENTED_EDGE ( 'NONE', *, *, #3584, .T. ) ;
#516 = DIRECTION ( 'NONE',  ( 1.000000000000000000, -0.000000000000000000, 0.000000000000000000 ) ) ;
#517 = CARTESIAN_POINT ( 'NONE',  ( 4.650000000000000355, 0.5000000000000000000, -3.500000000000000000 ) ) ;
#518 = VERTEX_POINT ( 'NONE', #3642 ) ;
#519 = VERTEX_POINT ( 'NONE', #4072 ) ;
#520 = CARTESIAN_POINT ( 'NONE',  ( 2.699999999999186606, 5.350000000003653611, -4.049999999999999822 ) ) ;
#521 = PRODUCT_CONTEXT ( 'NONE', #261, 'mechanical' ) ;
#522 = ADVANCED_FACE ( 'NONE', ( #342 ), #4027, .F. ) ;
#523 = ORIENTED_EDGE ( 'NONE', *, *, #4720, .T. ) ;
#524 = ORIENTED_EDGE ( 'NONE', *, *, #1673, .T. ) ;
#525 = DIRECTION ( 'NONE',  ( 1.000000000000000000, -0.000000000000000000, 0.000000000000000000 ) ) ;
#526 = CARTESIAN_POINT ( 'NONE',  ( 4.750000000000000000, 0.2500000000000000000, 1.500000000000000000 ) ) ;
#527 = PLANE ( 'NONE',  #3749 ) ;
#528 = FACE_OUTER_BOUND ( 'NONE', #1721, .T. ) ;
#529 = AXIS2_PLACEMENT_3D ( 'NONE', #1752, #4669, #2797 ) ;
#530 = CARTESIAN_POINT ( 'NONE',  ( 2.649999999999999911, 0.5500000000000000444, -1.274999999999999911 ) ) ;
#531 = AXIS2_PLACEMENT_3D ( 'NONE', #281, #1361, #1453 ) ;
#532 = VERTEX_POINT ( 'NONE', #2900 ) ;
#533 = DIRECTION ( 'NONE',  ( 0.000000000000000000, 0.000000000000000000, -1.000000000000000000 ) ) ;
#534 = CARTESIAN_POINT ( 'NONE',  ( 5.349999999999999645, 0.5500000000000500044, -3.500000000000000444 ) ) ;
#535 = ORIENTED_EDGE ( 'NONE', *, *, #4298, .F. ) ;
#536 =( BOUNDED_SURFACE ( )  B_SPLINE_SURFACE ( 3, 3, ( 
 ( #1489, #767, #4446, #2596 ),
 ( #2963, #4379, #3617, #404 ),
 ( #34, #2897, #2173, #4095 ),
 ( #338, #2620, #2942, #4068 ) ),
 .UNSPECIFIED., .F., .F., .T. ) 
 B_SPLINE_SURFACE_WITH_KNOTS ( ( 4, 4 ),
 ( 4, 4 ),
 ( 0.000000000000000000, 1.000000000000000000 ),
 ( 0.000000000000000000, 1.000000000000000000 ),
 .UNSPECIFIED. ) 
 GEOMETRIC_REPRESENTATION_ITEM ( )  RATIONAL_B_SPLINE_SURFACE ( (
 ( 1.000000000000000000, 0.8047378541243640493, 0.8047378541243640493, 1.000000000000000000),
 ( 0.8025111867385934517, 0.6458111303268124770, 0.6458111303268124770, 0.8025111867385934517),
 ( 0.8025111867385934517, 0.6458111303268124770, 0.6458111303268124770, 0.8025111867385934517),
 ( 1.000000000000000000, 0.8047378541243640493, 0.8047378541243640493, 1.000000000000000000) ) ) 
 REPRESENTATION_ITEM ( '' )  SURFACE ( )  );
#537 = LINE ( 'NONE', #4633, #2827 ) ;
#538 = CARTESIAN_POINT ( 'NONE',  ( -1.500000000000000000, 5.400000000000000355, -1.325000047684000037 ) ) ;
#539 = CARTESIAN_POINT ( 'NONE',  ( 2.699999999999999734, 0.000000000000000000, 1.500000000000000222 ) ) ;
#540 = VERTEX_POINT ( 'NONE', #705 ) ;
#541 = ORIENTED_EDGE ( 'NONE', *, *, #1440, .F. ) ;
#542 = CARTESIAN_POINT ( 'NONE',  ( -0.2999999999999999889, 5.400000000000000355, -0.9000000238416999698 ) ) ;
#543 = CARTESIAN_POINT ( 'NONE',  ( 1.449999999999999956, 0.1499999999999999944, -3.500000000000000000 ) ) ;
#544 = DIRECTION ( 'NONE',  ( 0.000000000000000000, -0.000000000000000000, -1.000000000000000000 ) ) ;
#545 = ORIENTED_EDGE ( 'NONE', *, *, #1550, .F. ) ;
#546 = CARTESIAN_POINT ( 'NONE',  ( 1.300000000000000266, 1.000000000000000000, -2.750000000000000000 ) ) ;
#547 = AXIS2_PLACEMENT_3D ( 'NONE', #1973, #4520, #3009 ) ;
#548 = EDGE_CURVE ( 'NONE', #1190, #2001, #3354, .T. ) ;
#549 = VECTOR ( 'NONE', #2340, 1000.000000000000000 ) ;
#550 = EDGE_CURVE ( 'NONE', #271, #1736, #2989, .T. ) ;
#551 = EDGE_LOOP ( 'NONE', ( #1516, #3240, #2857, #2098, #3221, #4189 ) ) ;
#552 = VERTEX_POINT ( 'NONE', #3285 ) ;
#553 = VECTOR ( 'NONE', #2777, 1000.000000000000000 ) ;
#554 = ADVANCED_FACE ( 'NONE', ( #1807 ), #2240, .T. ) ;
#555 = LINE ( 'NONE', #2024, #4550 ) ;
#556 = DIRECTION ( 'NONE',  ( 1.000000000000000000, -0.000000000000000000, 0.000000000000000000 ) ) ;
#557 = VECTOR ( 'NONE', #1473, 1000.000000000000000 ) ;
#558 = DIRECTION ( 'NONE',  ( 0.000000000000000000, 0.000000000000000000, -1.000000000000000000 ) ) ;
#559 = AXIS2_PLACEMENT_3D ( 'NONE', #3415, #4436, #109 ) ;
#560 = CARTESIAN_POINT ( 'NONE',  ( 2.000000000000000000, 0.5500000000000000444, -1.600000000000000089 ) ) ;
#561 = ORIENTED_EDGE ( 'NONE', *, *, #1795, .F. ) ;
#562 = ADVANCED_FACE ( 'NONE', ( #4380 ), #1085, .F. ) ;
#563 = DIRECTION ( 'NONE',  ( 0.000000000000000000, 0.000000000000000000, -1.000000000000000000 ) ) ;
#564 = DIRECTION ( 'NONE',  ( -0.000000000000000000, 0.000000000000000000, -1.000000000000000000 ) ) ;
#565 = ORIENTED_EDGE ( 'NONE', *, *, #2346, .T. ) ;
#566 = CARTESIAN_POINT ( 'NONE',  ( 0.000000000000000000, -0.01000000000000000021, -2.750000000000000000 ) ) ;
#567 = LINE ( 'NONE', #2106, #4191 ) ;
#568 = ORIENTED_EDGE ( 'NONE', *, *, #258, .F. ) ;
#569 =( BOUNDED_SURFACE ( )  B_SPLINE_SURFACE ( 3, 3, ( 
 ( #895, #1232, #870, #845 ),
 ( #1283, #3039, #1258, #2365 ),
 ( #3759, #4227, #2032, #4123 ),
 ( #1952, #3453, #3065, #4552 ) ),
 .UNSPECIFIED., .F., .F., .F. ) 
 B_SPLINE_SURFACE_WITH_KNOTS ( ( 4, 4 ),
 ( 4, 4 ),
 ( 0.000000000000000000, 1.000000000000000000 ),
 ( 0.000000000000000000, 1.000000000000000000 ),
 .UNSPECIFIED. ) 
 GEOMETRIC_REPRESENTATION_ITEM ( )  RATIONAL_B_SPLINE_SURFACE ( (
 ( 1.000000000000000000, 0.8047378541243653816, 0.8047378541243653816, 1.000000000000000000),
 ( 0.8025111867385927855, 0.6458111303268130321, 0.6458111303268130321, 0.8025111867385927855),
 ( 0.8025111867385927855, 0.6458111303268130321, 0.6458111303268130321, 0.8025111867385927855),
 ( 1.000000000000000000, 0.8047378541243653816, 0.8047378541243653816, 1.000000000000000000) ) ) 
 REPRESENTATION_ITEM ( '' )  SURFACE ( )  );
#570 = ORIENTED_EDGE ( 'NONE', *, *, #2490, .F. ) ;
#571 = EDGE_CURVE ( 'NONE', #4040, #2033, #35, .T. ) ;
#572 = CARTESIAN_POINT ( 'NONE',  ( -0.4531914889812024838, 5.349999999999999645, -0.8999999523163033643 ) ) ;
#573 = LINE ( 'NONE', #3602, #4147 ) ;
#574 = AXIS2_PLACEMENT_3D ( 'NONE', #4736, #4039, #377 ) ;
#575 = CARTESIAN_POINT ( 'NONE',  ( 5.299999999999999822, 0.5500000000000500044, -4.049999999999999822 ) ) ;
#576 = VERTEX_POINT ( 'NONE', #3734 ) ;
#577 = AXIS2_PLACEMENT_3D ( 'NONE', #238, #2044, #1728 ) ;
#578 = ADVANCED_FACE ( 'NONE', ( #3665 ), #364, .F. ) ;
#579 = DIRECTION ( 'NONE',  ( 0.000000000000000000, 0.000000000000000000, 1.000000000000000000 ) ) ;
#580 = ORIENTED_EDGE ( 'NONE', *, *, #3636, .T. ) ;
#581 = ORIENTED_EDGE ( 'NONE', *, *, #770, .T. ) ;
#582 = CARTESIAN_POINT ( 'NONE',  ( 5.299999999999999822, 0.000000000000000000, 1.125000000000000222 ) ) ;
#583 = CARTESIAN_POINT ( 'NONE',  ( -0.2999999999999999889, 5.349999999999999645, 0.7249999999999999778 ) ) ;
#584 = ORIENTED_EDGE ( 'NONE', *, *, #3300, .T. ) ;
#585 = CARTESIAN_POINT ( 'NONE',  ( 2.000000000000000000, 0.05000000000000000278, -3.500000000000000000 ) ) ;
#586 = ORIENTED_EDGE ( 'NONE', *, *, #2261, .T. ) ;
#587 = DIRECTION ( 'NONE',  ( -0.000000000000000000, -1.000000000000000000, -0.000000000000000000 ) ) ;
#588 = CARTESIAN_POINT ( 'NONE',  ( 2.399999999999999911, 0.5500000000000666578, -3.500000000000000000 ) ) ;
#589 = EDGE_CURVE ( 'NONE', #2992, #4363, #1904, .T. ) ;
#590 = AXIS2_PLACEMENT_3D ( 'NONE', #831, #4461, #805 ) ;
#591 = PLANE ( 'NONE',  #3593 ) ;
#592 = CARTESIAN_POINT ( 'NONE',  ( -1.300000000000000266, 0.5000000000000000000, -2.750000000000000000 ) ) ;
#593 = EDGE_CURVE ( 'NONE', #4417, #278, #2944, .T. ) ;
#594 = ORIENTED_EDGE ( 'NONE', *, *, #1133, .F. ) ;
#595 = CIRCLE ( 'NONE', #360, 0.3000000000000001554 ) ;
#596 = ORIENTED_EDGE ( 'NONE', *, *, #156, .F. ) ;
#597 = CARTESIAN_POINT ( 'NONE',  ( -0.9000000000000001332, 5.349999999999999645, -0.6000000238417999565 ) ) ;
#598 = DIRECTION ( 'NONE',  ( 0.000000000000000000, 0.000000000000000000, -1.000000000000000000 ) ) ;
#599 = CARTESIAN_POINT ( 'NONE',  ( -0.7085106253623999484, 5.400000000000000355, 0.2999999850987999928 ) ) ;
#600 = ORIENTED_EDGE ( 'NONE', *, *, #3562, .T. ) ;
#601 = CARTESIAN_POINT ( 'NONE',  ( 5.599999999999999645, 2.749999999998999911, -3.500000000000000000 ) ) ;
#602 = LINE ( 'NONE', #526, #2034 ) ;
#603 = CARTESIAN_POINT ( 'NONE',  ( 4.000000000000000000, 2.750000000000000000, 0.8000000000000000444 ) ) ;
#604 = ORIENTED_EDGE ( 'NONE', *, *, #2306, .T. ) ;
#605 = CARTESIAN_POINT ( 'NONE',  ( 1.300000000000000266, 0.5500000000000000444, -1.856971445025206169 ) ) ;
#606 = DIRECTION ( 'NONE',  ( 1.000000000000000000, 0.000000000000000000, 0.000000000000000000 ) ) ;
#607 = ORIENTED_EDGE ( 'NONE', *, *, #2431, .T. ) ;
#608 = EDGE_CURVE ( 'NONE', #3006, #1848, #2576, .T. ) ;
#609 = AXIS2_PLACEMENT_3D ( 'NONE', #4156, #3718, #413 ) ;
#610 = CARTESIAN_POINT ( 'NONE',  ( 5.700000000000000178, 5.251999999999999780, 1.199999999999999956 ) ) ;
#611 = LINE ( 'NONE', #2780, #22 ) ;
#612 = VECTOR ( 'NONE', #327, 1000.000000000000114 ) ;
#613 = ADVANCED_FACE ( 'NONE', ( #4426 ), #65, .F. ) ;
#614 = VECTOR ( 'NONE', #2453, 1000.000000000000000 ) ;
#615 = ADVANCED_FACE ( 'NONE', ( #1129 ), #3379, .T. ) ;
#616 = EDGE_CURVE ( 'NONE', #4417, #3256, #15, .T. ) ;
#617 = LINE ( 'NONE', #2833, #3805 ) ;
#618 = VERTEX_POINT ( 'NONE', #534 ) ;
#619 = EDGE_LOOP ( 'NONE', ( #3877, #731, #329, #2881, #398 ) ) ;
#620 = PLANE ( 'NONE',  #1376 ) ;
#621 = CARTESIAN_POINT ( 'NONE',  ( -2.000000000000000000, 0.5500000000000500044, -0.3999999999999999667 ) ) ;
#622 = ORIENTED_EDGE ( 'NONE', *, *, #4460, .T. ) ;
#623 = FACE_OUTER_BOUND ( 'NONE', #3003, .T. ) ;
#624 = CARTESIAN_POINT ( 'NONE',  ( -0.9765957444903998752, 5.349999999999999645, -1.074999999999999956 ) ) ;
#625 = LINE ( 'NONE', #3905, #1135 ) ;
#626 = VERTEX_POINT ( 'NONE', #2755 ) ;
#627 = CARTESIAN_POINT ( 'NONE',  ( -0.3000000000000287437, 5.450000000000000178, 0.7999999999999947153 ) ) ;
#628 = LINE ( 'NONE', #270, #3166 ) ;
#629 = VERTEX_POINT ( 'NONE', #507 ) ;
#630 = AXIS2_PLACEMENT_3D ( 'NONE', #337, #723, #1826 ) ;
#631 = AXIS2_PLACEMENT_3D ( 'NONE', #432, #4450, #4125 ) ;
#632 = LINE ( 'NONE', #1015, #3008 ) ;
#633 = DIRECTION ( 'NONE',  ( 0.000000000000000000, 0.000000000000000000, -1.000000000000000000 ) ) ;
#634 = ADVANCED_FACE ( 'NONE', ( #2003 ), #569, .T. ) ;
#635 = VECTOR ( 'NONE', #3655, 1000.000000000000000 ) ;
#636 = DIRECTION ( 'NONE',  ( -0.8109606669984423810, 0.000000000000000000, -0.5851006721765421581 ) ) ;
#637 = ORIENTED_EDGE ( 'NONE', *, *, #2348, .F. ) ;
#638 = VERTEX_POINT ( 'NONE', #2338 ) ;
#639 = CARTESIAN_POINT ( 'NONE',  ( 5.299999999999999822, 0.5500000000000998535, -3.750000000000000000 ) ) ;
#640 = LINE ( 'NONE', #3195, #2681 ) ;
#641 = DIRECTION ( 'NONE',  ( -0.000000000000000000, 0.000000000000000000, -1.000000000000000000 ) ) ;
#642 = ORIENTED_EDGE ( 'NONE', *, *, #1876, .T. ) ;
#643 = EDGE_CURVE ( 'NONE', #2063, #2471, #1542, .T. ) ;
#644 = CARTESIAN_POINT ( 'NONE',  ( -2.000000000000000000, 5.150000000000000355, 1.199999999999999734 ) ) ;
#645 = EDGE_CURVE ( 'NONE', #4582, #904, #3864, .T. ) ;
#646 = CARTESIAN_POINT ( 'NONE',  ( -1.350000000000000089, 0.2999999999999999889, -1.600000000000000089 ) ) ;
#647 = CARTESIAN_POINT ( 'NONE',  ( 2.649999999999933742, 0.2499999999999661660, -1.600000000000000089 ) ) ;
#648 = VECTOR ( 'NONE', #4412, 1000.000000000000000 ) ;
#649 = ORIENTED_EDGE ( 'NONE', *, *, #347, .T. ) ;
#650 = CARTESIAN_POINT ( 'NONE',  ( -0.2999999999999999889, 5.400000000000000355, -0.1999999761582000046 ) ) ;
#651 = CARTESIAN_POINT ( 'NONE',  ( -1.350000000000066480, 0.2499999999999661104, -3.500000000000000000 ) ) ;
#652 = ORIENTED_EDGE ( 'NONE', *, *, #2760, .T. ) ;
#653 = AXIS2_PLACEMENT_3D ( 'NONE', #415, #1961, #4106 ) ;
#654 = FACE_OUTER_BOUND ( 'NONE', #2054, .T. ) ;
#655 = VECTOR ( 'NONE', #3955, 1000.000000000000000 ) ;
#656 = LINE ( 'NONE', #3141, #1268 ) ;
#657 = EDGE_CURVE ( 'NONE', #1743, #1333, #1979, .T. ) ;
#658 = PRODUCT_DEFINITION_SHAPE ( 'NONE', 'NONE',  #2258 ) ;
#659 = EDGE_CURVE ( 'NONE', #4635, #2494, #3787, .T. ) ;
#660 = ADVANCED_FACE ( 'NONE', ( #2728 ), #3503, .F. ) ;
#661 = DIRECTION ( 'NONE',  ( 0.000000000000000000, 0.000000000000000000, -1.000000000000000000 ) ) ;
#662 = ORIENTED_EDGE ( 'NONE', *, *, #3572, .T. ) ;
#663 = ORIENTED_EDGE ( 'NONE', *, *, #3113, .T. ) ;
#664 = EDGE_LOOP ( 'NONE', ( #2222, #3263, #1465, #1055 ) ) ;
#665 = CARTESIAN_POINT ( 'NONE',  ( -0.9127659559250020926, 5.349999999999999645, -2.175000095367100705 ) ) ;
#666 = VECTOR ( 'NONE', #727, 1000.000000000000000 ) ;
#667 = DIRECTION ( 'NONE',  ( -0.000000000000000000, 0.000000000000000000, -1.000000000000000000 ) ) ;
#668 = DIRECTION ( 'NONE',  ( 0.000000000000000000, 0.7071067811865475727, 0.7071067811865475727 ) ) ;
#669 = ORIENTED_EDGE ( 'NONE', *, *, #3664, .T. ) ;
#670 = LINE ( 'NONE', #4240, #4028 ) ;
#671 = VECTOR ( 'NONE', #3243, 1000.000000000000000 ) ;
#672 = ADVANCED_FACE ( 'NONE', ( #3115 ), #1599, .F. ) ;
#673 = CARTESIAN_POINT ( 'NONE',  ( 1.350000000000049827, 0.2499999999999498179, 1.500000000000000000 ) ) ;
#674 = CARTESIAN_POINT ( 'NONE',  ( 4.000000000000000000, 0.5000000000000000000, -2.750000000000000000 ) ) ;
#675 = VERTEX_POINT ( 'NONE', #1181 ) ;
#676 = EDGE_CURVE ( 'NONE', #2690, #532, #4500, .T. ) ;
#677 = CARTESIAN_POINT ( 'NONE',  ( -0.6063829779624999583, 5.400000000000000355, 0.3000000029802000201 ) ) ;
#678 = CARTESIAN_POINT ( 'NONE',  ( 2.700000000000000178, 1.000000000000000000, 0.7500000000000000000 ) ) ;
#679 = ORIENTED_EDGE ( 'NONE', *, *, #3529, .F. ) ;
#680 = CARTESIAN_POINT ( 'NONE',  ( -1.699999999999999956, 5.150000000000000355, -3.200000000000000178 ) ) ;
#681 = LINE ( 'NONE', #3549, #2571 ) ;
#682 = LINE ( 'NONE', #296, #2238 ) ;
#683 = ORIENTED_EDGE ( 'NONE', *, *, #1918, .F. ) ;
#684 = CIRCLE ( 'NONE', #2457, 0.2999999999999999334 ) ;
#685 = ORIENTED_EDGE ( 'NONE', *, *, #1900, .F. ) ;
#686 = ORIENTED_EDGE ( 'NONE', *, *, #1250, .F. ) ;
#687 = DIRECTION ( 'NONE',  ( -0.000000000000000000, 1.000000000000000000, 0.000000000000000000 ) ) ;
#688 = DIRECTION ( 'NONE',  ( 8.881784197001249365E-16, 0.000000000000000000, 1.000000000000000000 ) ) ;
#689 = CARTESIAN_POINT ( 'NONE',  ( -1.500000000000000000, 5.400000000000000355, -1.675000000000000044 ) ) ;
#690 = ORIENTED_EDGE ( 'NONE', *, *, #1897, .F. ) ;
#691 = DIRECTION ( 'NONE',  ( 0.000000000000000000, 0.000000000000000000, 1.000000000000000000 ) ) ;
#692 = FACE_OUTER_BOUND ( 'NONE', #4258, .T. ) ;
#693 = LINE ( 'NONE', #2231, #1607 ) ;
#694 = ORIENTED_EDGE ( 'NONE', *, *, #1588, .F. ) ;
#695 = ADVANCED_FACE ( 'NONE', ( #2651 ), #3430, .T. ) ;
#696 = CARTESIAN_POINT ( 'NONE',  ( -1.877052006648531224, 5.435469376755157178, -3.338794691956771921 ) ) ;
#697 = FACE_OUTER_BOUND ( 'NONE', #3481, .T. ) ;
#698 = ORIENTED_EDGE ( 'NONE', *, *, #3117, .T. ) ;
#699 = EDGE_CURVE ( 'NONE', #1612, #1285, #3403, .T. ) ;
#700 = CARTESIAN_POINT ( 'NONE',  ( 5.299999999999999822, 0.5500000000000000444, 0.5320550528229832654 ) ) ;
#701 = CARTESIAN_POINT ( 'NONE',  ( -0.3000000000000280220, 5.450000000000000178, 0.6500000000000110134 ) ) ;
#702 = EDGE_CURVE ( 'NONE', #4311, #4542, #1208, .T. ) ;
#703 = AXIS2_PLACEMENT_3D ( 'NONE', #1903, #2002, #2650 ) ;
#704 = EDGE_CURVE ( 'NONE', #183, #1993, #3346, .T. ) ;
#705 = CARTESIAN_POINT ( 'NONE',  ( 5.349999999999999645, 0.5500000000000749845, 1.500000000000000000 ) ) ;
#706 = VECTOR ( 'NONE', #3860, 1000.000000000000000 ) ;
#707 = VECTOR ( 'NONE', #1387, 1000.000000000000000 ) ;
#708 = LINE ( 'NONE', #2175, #1241 ) ;
#709 = ORIENTED_EDGE ( 'NONE', *, *, #751, .T. ) ;
#710 = VERTEX_POINT ( 'NONE', #4276 ) ;
#711 = DIRECTION ( 'NONE',  ( 0.000000000000000000, -1.000000000000000000, -0.000000000000000000 ) ) ;
#712 = DIRECTION ( 'NONE',  ( 0.000000000000000000, -0.000000000000000000, 1.000000000000000000 ) ) ;
#713 = VERTEX_POINT ( 'NONE', #588 ) ;
#714 = CYLINDRICAL_SURFACE ( 'NONE', #267, 0.7500000000000002220 ) ;
#715 = EDGE_CURVE ( 'NONE', #3798, #3953, #611, .T. ) ;
#716 = LINE ( 'NONE', #3948, #1324 ) ;
#717 = DIRECTION ( 'NONE',  ( -0.000000000000000000, -0.000000000000000000, 1.000000000000000000 ) ) ;
#718 = VERTEX_POINT ( 'NONE', #2147 ) ;
#719 = EDGE_CURVE ( 'NONE', #1339, #3565, #656, .T. ) ;
#720 = CARTESIAN_POINT ( 'NONE',  ( -1.876705599558065707, 5.486492374042707176, -3.109887319042354381 ) ) ;
#721 = EDGE_LOOP ( 'NONE', ( #2523, #1019, #2407, #3789 ) ) ;
#722 = AXIS2_PLACEMENT_3D ( 'NONE', #546, #2717, #4188 ) ;
#723 = DIRECTION ( 'NONE',  ( 1.000000000000000000, -0.000000000000000000, 0.000000000000000000 ) ) ;
#724 = FACE_OUTER_BOUND ( 'NONE', #4369, .T. ) ;
#725 = VECTOR ( 'NONE', #2141, 1000.000000000000000 ) ;
#726 = CIRCLE ( 'NONE', #3091, 0.3000000000000001554 ) ;
#727 = DIRECTION ( 'NONE',  ( 0.000000000000000000, 1.000000000000000000, 0.000000000000000000 ) ) ;
#728 = EDGE_CURVE ( 'NONE', #1316, #4388, #2126, .T. ) ;
#729 = LINE ( 'NONE', #2194, #1396 ) ;
#730 = EDGE_LOOP ( 'NONE', ( #191, #1451, #3320, #2412 ) ) ;
#731 = ORIENTED_EDGE ( 'NONE', *, *, #4454, .F. ) ;
#732 = FACE_OUTER_BOUND ( 'NONE', #3855, .T. ) ;
#733 = CARTESIAN_POINT ( 'NONE',  ( 4.000000000000000000, 0.000000000000000000, 0.7500000000000001110 ) ) ;
#734 = ORIENTED_EDGE ( 'NONE', *, *, #645, .F. ) ;
#735 = ADVANCED_FACE ( 'NONE', ( #2804 ), #227, .T. ) ;
#736 = LINE ( 'NONE', #2543, #2495 ) ;
#737 = CIRCLE ( 'NONE', #3433, 1.599999999999999867 ) ;
#738 = LINE ( 'NONE', #2932, #1785 ) ;
#739 = CARTESIAN_POINT ( 'NONE',  ( 5.352000000000001201, 0.000000000000000000, -2.750000000000000000 ) ) ;
#740 = ORIENTED_EDGE ( 'NONE', *, *, #2005, .T. ) ;
#741 = DIRECTION ( 'NONE',  ( 0.000000000000000000, 0.000000000000000000, 1.000000000000000000 ) ) ;
#742 =( NAMED_UNIT ( * ) PLANE_ANGLE_UNIT ( ) SI_UNIT ( $, .RADIAN. ) );
#743 = ORIENTED_EDGE ( 'NONE', *, *, #1869, .F. ) ;
#744 = AXIS2_PLACEMENT_3D ( 'NONE', #1269, #1657, #131 ) ;
#745 = DIRECTION ( 'NONE',  ( 1.000000000000000000, -0.000000000000000000, -0.000000000000000000 ) ) ;
#746 = CARTESIAN_POINT ( 'NONE',  ( 2.400000000000000355, 2.749999999999499511, -3.750000000000000000 ) ) ;
#747 = ADVANCED_FACE ( 'NONE', ( #4653 ), #2852, .F. ) ;
#748 = SHAPE_REPRESENTATION ( 'AVX-00-9176-002-701-996_00-9176-002-701-X96', ( #2698 ), #464 ) ;
#749 = DIRECTION ( 'NONE',  ( 0.7071067811875976217, 0.7071067811854975238, -0.000000000000000000 ) ) ;
#750 = CARTESIAN_POINT ( 'NONE',  ( 1.600000000000000089, 0.5500000000000500044, -3.750000000000000000 ) ) ;
#751 = EDGE_CURVE ( 'NONE', #1298, #3741, #1352, .T. ) ;
#752 = ORIENTED_EDGE ( 'NONE', *, *, #3351, .T. ) ;
#753 = EDGE_LOOP ( 'NONE', ( #1186, #367, #4127, #4728 ) ) ;
#754 = EDGE_CURVE ( 'NONE', #1525, #3275, #3235, .T. ) ;
#755 = DIRECTION ( 'NONE',  ( 8.340016712738614037E-17, -0.000000000000000000, 1.000000000000000000 ) ) ;
#756 = DIRECTION ( 'NONE',  ( 0.000000000000000000, -0.7071067811865475727, 0.7071067811865475727 ) ) ;
#757 = ORIENTED_EDGE ( 'NONE', *, *, #1292, .F. ) ;
#758 = DIRECTION ( 'NONE',  ( 0.000000000000000000, 0.000000000000000000, 1.000000000000000000 ) ) ;
#759 = VECTOR ( 'NONE', #4591, 1000.000000000000000 ) ;
#760 = CARTESIAN_POINT ( 'NONE',  ( -1.500000000000077938, 5.450000000000000178, -2.449999904632891745 ) ) ;
#761 = DIRECTION ( 'NONE',  ( -1.000000000000000000, 0.000000000000000000, -0.000000000000000000 ) ) ;
#762 = DIRECTION ( 'NONE',  ( 0.000000000000000000, -1.000000000000000000, 0.000000000000000000 ) ) ;
#763 = ORIENTED_EDGE ( 'NONE', *, *, #2367, .F. ) ;
#764 = CARTESIAN_POINT ( 'NONE',  ( -2.001655327279209473, 5.398139574263673524, -3.198240118821387590 ) ) ;
#765 = ORIENTED_EDGE ( 'NONE', *, *, #2667, .T. ) ;
#766 = LINE ( 'NONE', #2940, #2865 ) ;
#767 = CARTESIAN_POINT ( 'NONE',  ( 5.912132034355964905, 5.150000000000000355, -3.412132034355964461 ) ) ;
#768 = FACE_OUTER_BOUND ( 'NONE', #4239, .T. ) ;
#769 = DIRECTION ( 'NONE',  ( 0.000000000000000000, 1.000000000000000000, -0.000000000000000000 ) ) ;
#770 = EDGE_CURVE ( 'NONE', #2519, #1941, #2057, .T. ) ;
#771 = AXIS2_PLACEMENT_3D ( 'NONE', #610, #3209, #563 ) ;
#772 = LINE ( 'NONE', #2241, #2087 ) ;
#773 = ORIENTED_EDGE ( 'NONE', *, *, #176, .F. ) ;
#774 = EDGE_LOOP ( 'NONE', ( #1198, #1992, #1639 ) ) ;
#775 = AXIS2_PLACEMENT_3D ( 'NONE', #1373, #3890, #248 ) ;
#776 = VECTOR ( 'NONE', #4029, 1000.000000000000000 ) ;
#777 = DIRECTION ( 'NONE',  ( 0.7071067811867421948, -0.7071067811863529506, 0.000000000000000000 ) ) ;
#778 = DIRECTION ( 'NONE',  ( 0.000000000000000000, 0.000000000000000000, -1.000000000000000000 ) ) ;
#779 = EDGE_LOOP ( 'NONE', ( #1584, #2347, #649, #565 ) ) ;
#780 = CARTESIAN_POINT ( 'NONE',  ( 2.000000000000000000, 0.5500000000000000444, -2.532055052822999919 ) ) ;
#781 = CARTESIAN_POINT ( 'NONE',  ( -1.700000000000000400, 5.236937359832100292, 1.537326708879826587 ) ) ;
#782 = LINE ( 'NONE', #3367, #862 ) ;
#783 = DIRECTION ( 'NONE',  ( -0.3162277999441077125, 0.000000000000000000, 0.9486832867414232151 ) ) ;
#784 = EDGE_CURVE ( 'NONE', #4363, #638, #4576, .T. ) ;
#785 = ORIENTED_EDGE ( 'NONE', *, *, #1377, .T. ) ;
#786 = ORIENTED_EDGE ( 'NONE', *, *, #1901, .T. ) ;
#787 = FACE_OUTER_BOUND ( 'NONE', #2356, .T. ) ;
#788 = EDGE_CURVE ( 'NONE', #3840, #518, #2512, .T. ) ;
#789 = EDGE_LOOP ( 'NONE', ( #2961, #3714, #1907, #1478 ) ) ;
#790 = DIRECTION ( 'NONE',  ( 0.000000000000000000, 0.000000000000000000, 1.000000000000000000 ) ) ;
#791 = CARTESIAN_POINT ( 'NONE',  ( -1.449999999999999956, 0.1499999999999999944, -3.500000000000000000 ) ) ;
#792 = CYLINDRICAL_SURFACE ( 'NONE', #2444, 0.5000000000000000000 ) ;
#793 = CARTESIAN_POINT ( 'NONE',  ( -0.4531914889813000169, 5.400000000000000355, 1.192093118115999962E-08 ) ) ;
#794 = CIRCLE ( 'NONE', #1800, 1.000000000000000000 ) ;
#795 = LINE ( 'NONE', #3522, #2480 ) ;
#796 = VERTEX_POINT ( 'NONE', #3981 ) ;
#797 = VERTEX_POINT ( 'NONE', #3162 ) ;
#798 = EDGE_CURVE ( 'NONE', #2711, #297, #2419, .T. ) ;
#799 = DIRECTION ( 'NONE',  ( 0.000000000000000000, -0.000000000000000000, 1.000000000000000000 ) ) ;
#800 = CARTESIAN_POINT ( 'NONE',  ( 5.948139574263675122, 5.451655327279210539, -3.198240118821387146 ) ) ;
#801 = ORIENTED_EDGE ( 'NONE', *, *, #2771, .T. ) ;
#802 = CARTESIAN_POINT ( 'NONE',  ( -1.024999999999999911, 0.2500000000000000000, 1.500000000000000000 ) ) ;
#803 = EDGE_LOOP ( 'NONE', ( #765, #3313, #1499, #1502, #4420, #443, #2559, #622 ) ) ;
#804 = EDGE_CURVE ( 'NONE', #4375, #3652, #681, .T. ) ;
#805 = DIRECTION ( 'NONE',  ( 0.9483937700677619320, 0.000000000000000000, -0.3170950281802872306 ) ) ;
#806 = CARTESIAN_POINT ( 'NONE',  ( 4.000000000000000000, 2.750000000000000000, 1.499999999623469193 ) ) ;
#807 = ORIENTED_EDGE ( 'NONE', *, *, #4365, .F. ) ;
#808 = ORIENTED_EDGE ( 'NONE', *, *, #1152, .F. ) ;
#809 = ADVANCED_FACE ( 'NONE', ( #275 ), #3210, .F. ) ;
#810 = CARTESIAN_POINT ( 'NONE',  ( 5.600000000003996448, 5.950000000002997780, -3.750000000000000000 ) ) ;
#811 = CARTESIAN_POINT ( 'NONE',  ( 2.649999999999999911, 0.5500000000000000444, -1.600000000000000089 ) ) ;
#812 = VERTEX_POINT ( 'NONE', #2443 ) ;
#813 = ORIENTED_EDGE ( 'NONE', *, *, #3524, .T. ) ;
#814 = VECTOR ( 'NONE', #4203, 1000.000000000000000 ) ;
#815 = LINE ( 'NONE', #3396, #1086 ) ;
#816 = DIRECTION ( 'NONE',  ( -1.000000000000000000, 3.125212762189466531E-13, 0.000000000000000000 ) ) ;
#817 = AXIS2_PLACEMENT_3D ( 'NONE', #2600, #3710, #41 ) ;
#818 = CARTESIAN_POINT ( 'NONE',  ( 5.700000000000000178, 2.600000000000000533, -3.500000000000000000 ) ) ;
#819 = AXIS2_PLACEMENT_3D ( 'NONE', #1723, #687, #2520 ) ;
#820 = FACE_OUTER_BOUND ( 'NONE', #4695, .T. ) ;
#821 = DIRECTION ( 'NONE',  ( -1.000000000000000000, 0.000000000000000000, 0.000000000000000000 ) ) ;
#822 = DIRECTION ( 'NONE',  ( 0.000000000000000000, 0.000000000000000000, -1.000000000000000000 ) ) ;
#823 = ORIENTED_EDGE ( 'NONE', *, *, #2854, .T. ) ;
#824 = ORIENTED_EDGE ( 'NONE', *, *, #4700, .F. ) ;
#825 = CARTESIAN_POINT ( 'NONE',  ( 1.449999999999999956, 0.1499999999999999944, 0.5500000000000000444 ) ) ;
#826 = AXIS2_PLACEMENT_3D ( 'NONE', #1643, #1899, #4521 ) ;
#827 = LINE ( 'NONE', #4204, #3756 ) ;
#828 =( LENGTH_UNIT ( ) NAMED_UNIT ( * ) SI_UNIT ( .MILLI., .METRE. ) );
#829 = EDGE_LOOP ( 'NONE', ( #2404, #3239, #2304, #1297 ) ) ;
#830 = AXIS2_PLACEMENT_3D ( 'NONE', #4522, #867, #2174 ) ;
#831 = CARTESIAN_POINT ( 'NONE',  ( -0.9765957444903998752, 5.400000000000000355, -0.7249999761581999991 ) ) ;
#832 = DIRECTION ( 'NONE',  ( 1.000000000000000000, -0.000000000000000000, 0.000000000000000000 ) ) ;
#833 = VERTEX_POINT ( 'NONE', #2083 ) ;
#834 = VECTOR ( 'NONE', #4136, 1000.000000000000000 ) ;
#835 = ORIENTED_EDGE ( 'NONE', *, *, #1421, .F. ) ;
#836 = FACE_OUTER_BOUND ( 'NONE', #3719, .T. ) ;
#837 = SHAPE_DEFINITION_REPRESENTATION ( #658, #748 ) ;
#838 = EDGE_LOOP ( 'NONE', ( #136, #3308, #494, #4113, #4674 ) ) ;
#839 = EDGE_LOOP ( 'NONE', ( #2265, #1455, #1168, #4036 ) ) ;
#840 = CARTESIAN_POINT ( 'NONE',  ( 3.250000000000000444, 0.000000000000000000, -3.500000000000000000 ) ) ;
#841 = CARTESIAN_POINT ( 'NONE',  ( 1.300000000003248113, 5.350000000001625899, -4.049999999999999822 ) ) ;
#842 = CARTESIAN_POINT ( 'NONE',  ( 2.700000000000000178, 0.000000000000000000, -2.750000000000000000 ) ) ;
#843 = DIRECTION ( 'NONE',  ( 1.000000000000000000, -0.000000000000000000, 0.000000000000000000 ) ) ;
#844 = CARTESIAN_POINT ( 'NONE',  ( -1.499999999999997335, 5.450000000000000178, 0.3999999880790922058 ) ) ;
#845 = CARTESIAN_POINT ( 'NONE',  ( -1.699999999999999289, 5.362132034355964194, 1.412132034355965127 ) ) ;
#846 = ADVANCED_FACE ( 'NONE', ( #4297 ), #1718, .F. ) ;
#847 = EDGE_CURVE ( 'NONE', #1172, #3051, #4677, .T. ) ;
#848 = CARTESIAN_POINT ( 'NONE',  ( -0.3000000000000639933, 5.349999999999999645, 0.6499999999999267475 ) ) ;
#849 = EDGE_CURVE ( 'NONE', #2538, #2449, #1375, .T. ) ;
#850 = EDGE_LOOP ( 'NONE', ( #4458, #2644, #2732, #977, #1814, #2507 ) ) ;
#851 = CYLINDRICAL_SURFACE ( 'NONE', #37, 1.100000000000000089 ) ;
#852 = DIRECTION ( 'NONE',  ( 0.000000000000000000, 0.000000000000000000, 1.000000000000000000 ) ) ;
#853 =( NAMED_UNIT ( * ) SI_UNIT ( $, .STERADIAN. ) SOLID_ANGLE_UNIT ( ) );
#854 = ORIENTED_EDGE ( 'NONE', *, *, #4212, .T. ) ;
#855 = CIRCLE ( 'NONE', #1705, 0.7500000000000002220 ) ;
#856 = VECTOR ( 'NONE', #4428, 1000.000000000000000 ) ;
#857 = CARTESIAN_POINT ( 'NONE',  ( -1.876705599558066817, 5.059887319042352338, 1.536492374042707887 ) ) ;
#858 = LINE ( 'NONE', #3797, #3013 ) ;
#859 = VERTEX_POINT ( 'NONE', #2489 ) ;
#860 = ORIENTED_EDGE ( 'NONE', *, *, #1847, .F. ) ;
#861 = DIRECTION ( 'NONE',  ( 0.9486832952232236993, 0.000000000000000000, 0.3162277744987078698 ) ) ;
#862 = VECTOR ( 'NONE', #1142, 1000.000000000000000 ) ;
#863 = ORIENTED_EDGE ( 'NONE', *, *, #4198, .F. ) ;
#864 = ORIENTED_EDGE ( 'NONE', *, *, #3612, .F. ) ;
#865 = DIRECTION ( 'NONE',  ( 0.000000000000000000, 0.000000000000000000, 1.000000000000000000 ) ) ;
#866 = DIRECTION ( 'NONE',  ( -0.7071067811854974128, -0.7071067811875975107, -0.000000000000000000 ) ) ;
#867 = DIRECTION ( 'NONE',  ( 1.000000000000000000, 0.000000000000000000, 0.000000000000000000 ) ) ;
#868 = CARTESIAN_POINT ( 'NONE',  ( 5.675000000000000711, 0.2999999999999999889, -0.4000000000000000222 ) ) ;
#869 = FACE_OUTER_BOUND ( 'NONE', #1177, .T. ) ;
#870 = CARTESIAN_POINT ( 'NONE',  ( -1.699999999999999512, 5.362132034355964194, 1.412132034355965349 ) ) ;
#871 = LINE ( 'NONE', #3355, #549 ) ;
#872 = ORIENTED_EDGE ( 'NONE', *, *, #173, .T. ) ;
#873 =( BOUNDED_SURFACE ( )  B_SPLINE_SURFACE ( 3, 3, ( 
 ( #4226, #1282, #1759, #4651 ),
 ( #2031, #3502, #2082, #3954 ),
 ( #4579, #4275, #1693, #2103 ),
 ( #970, #2441, #2125, #3933 ) ),
 .UNSPECIFIED., .F., .F., .T. ) 
 B_SPLINE_SURFACE_WITH_KNOTS ( ( 4, 4 ),
 ( 4, 4 ),
 ( 0.000000000000000000, 1.000000000000000000 ),
 ( 0.000000000000000000, 1.000000000000000000 ),
 .UNSPECIFIED. ) 
 GEOMETRIC_REPRESENTATION_ITEM ( )  RATIONAL_B_SPLINE_SURFACE ( (
 ( 1.000000000000000000, 0.3333333333328126202, 0.3333333333328126202, 1.000000000000000000),
 ( 0.8047378541243648264, 0.2682459513743692403, 0.2682459513743692403, 0.8047378541243648264),
 ( 0.8047378541243648264, 0.2682459513743692403, 0.2682459513743692403, 0.8047378541243648264),
 ( 1.000000000000000000, 0.3333333333328126202, 0.3333333333328126202, 1.000000000000000000) ) ) 
 REPRESENTATION_ITEM ( '' )  SURFACE ( )  );
#874 = VECTOR ( 'NONE', #1796, 1000.000000000000227 ) ;
#875 = DIRECTION ( 'NONE',  ( 0.000000000000000000, 0.000000000000000000, -1.000000000000000000 ) ) ;
#876 = EDGE_CURVE ( 'NONE', #4468, #3464, #4763, .T. ) ;
#877 = LINE ( 'NONE', #1237, #4498 ) ;
#878 = DIRECTION ( 'NONE',  ( 0.000000000000000000, 1.000000000000000000, -0.000000000000000000 ) ) ;
#879 = COLOUR_RGB ( '',0.7921568627450980005, 0.8196078431372548767, 0.9333333333333333481 ) ;
#880 = ORIENTED_EDGE ( 'NONE', *, *, #144, .T. ) ;
#881 = VECTOR ( 'NONE', #3685, 1000.000000000000000 ) ;
#882 = CARTESIAN_POINT ( 'NONE',  ( -0.6063829779624999583, 5.400000000000000355, -2.387500000000000178 ) ) ;
#883 = DIRECTION ( 'NONE',  ( -0.000000000000000000, 0.000000000000000000, -1.000000000000000000 ) ) ;
#884 = ORIENTED_EDGE ( 'NONE', *, *, #3491, .F. ) ;
#885 = VERTEX_POINT ( 'NONE', #4360 ) ;
#886 = ORIENTED_EDGE ( 'NONE', *, *, #2854, .F. ) ;
#887 = EDGE_LOOP ( 'NONE', ( #1590, #3192, #1812, #3764 ) ) ;
#888 = DIRECTION ( 'NONE',  ( -1.630640067418198669E-16, 1.000000000000000000, 0.000000000000000000 ) ) ;
#889 = CARTESIAN_POINT ( 'NONE',  ( -0.6500000000000001332, 0.5000000000000000000, -3.500000000000000000 ) ) ;
#890 = CYLINDRICAL_SURFACE ( 'NONE', #3142, 0.2999999999999999334 ) ;
#891 = DIRECTION ( 'NONE',  ( -0.000000000000000000, -1.000000000000000000, -0.000000000000000000 ) ) ;
#892 = DIRECTION ( 'NONE',  ( -0.8217039423201337733, 0.000000000000000000, -0.5699145823503292130 ) ) ;
#893 = AXIS2_PLACEMENT_3D ( 'NONE', #4003, #384, #3330 ) ;
#894 = LINE ( 'NONE', #455, #2832 ) ;
#895 = CARTESIAN_POINT ( 'NONE',  ( -1.699999999999999956, 5.362132034355964194, 1.412132034355964905 ) ) ;
#896 = EDGE_CURVE ( 'NONE', #629, #300, #4409, .T. ) ;
#897 = VERTEX_POINT ( 'NONE', #3304 ) ;
#898 = CARTESIAN_POINT ( 'NONE',  ( -1.350000000000000089, 0.2999999999999999889, -0.4000000000000000222 ) ) ;
#899 = DIRECTION ( 'NONE',  ( -0.000000000000000000, -1.000000000000000000, -0.000000000000000000 ) ) ;
#900 = ADVANCED_FACE ( 'NONE', ( #12 ), #2555, .T. ) ;
#901 = CARTESIAN_POINT ( 'NONE',  ( 4.000000000000000000, 2.750000000000000000, 1.499999999623469193 ) ) ;
#902 = ORIENTED_EDGE ( 'NONE', *, *, #94, .T. ) ;
#903 = EDGE_CURVE ( 'NONE', #1285, #1720, #1467, .T. ) ;
#904 = VERTEX_POINT ( 'NONE', #701 ) ;
#905 = CARTESIAN_POINT ( 'NONE',  ( 2.549999999999999822, 0.1499999999999999944, 0.5500000000000000444 ) ) ;
#906 = FACE_BOUND ( 'NONE', #3344, .T. ) ;
#907 = LINE ( 'NONE', #2714, #374 ) ;
#908 = VERTEX_POINT ( 'NONE', #746 ) ;
#909 = EDGE_CURVE ( 'NONE', #2582, #3493, #3708, .T. ) ;
#910 = CARTESIAN_POINT ( 'NONE',  ( 5.475735931291757730, 5.701471862578905814, -4.049999999999999822 ) ) ;
#911 = ADVANCED_FACE ( 'NONE', ( #3258 ), #536, .T. ) ;
#912 = ORIENTED_EDGE ( 'NONE', *, *, #3351, .F. ) ;
#913 = ORIENTED_EDGE ( 'NONE', *, *, #2781, .F. ) ;
#914 = DIRECTION ( 'NONE',  ( -1.000000000000000000, -0.000000000000000000, -0.000000000000000000 ) ) ;
#915 = DIRECTION ( 'NONE',  ( 0.000000000000000000, 1.000000000000000000, -0.000000000000000000 ) ) ;
#916 = CARTESIAN_POINT ( 'NONE',  ( 5.698000732276107705, 5.148000732276107883, 1.499986676132684771 ) ) ;
#917 = CARTESIAN_POINT ( 'NONE',  ( -0.7851063966751552492, 5.349999999999999645, -2.100000095367343889 ) ) ;
#918 = VECTOR ( 'NONE', #953, 1000.000000000000000 ) ;
#919 = ORIENTED_EDGE ( 'NONE', *, *, #3529, .T. ) ;
#920 = CARTESIAN_POINT ( 'NONE',  ( 2.700000000000000178, 0.5500000000000000444, -1.856971445025206169 ) ) ;
#921 = DIRECTION ( 'NONE',  ( -0.000000000000000000, -1.000000000000000000, -0.000000000000000000 ) ) ;
#922 = VERTEX_POINT ( 'NONE', #2236 ) ;
#923 = ADVANCED_FACE ( 'NONE', ( #724 ), #1105, .T. ) ;
#924 = CARTESIAN_POINT ( 'NONE',  ( 1.350000000000000089, 0.5500000000000000444, -1.274999999999999911 ) ) ;
#925 = DIRECTION ( 'NONE',  ( 0.000000000000000000, 1.000000000000000000, 0.000000000000000000 ) ) ;
#926 = ORIENTED_EDGE ( 'NONE', *, *, #849, .T. ) ;
#927 = VERTEX_POINT ( 'NONE', #1827 ) ;
#928 = DIRECTION ( 'NONE',  ( 0.7071067811875976217, -0.7071067811854975238, 0.000000000000000000 ) ) ;
#929 = LINE ( 'NONE', #2402, #1830 ) ;
#930 = CARTESIAN_POINT ( 'NONE',  ( -1.500000000000000000, 5.349999999999999645, 0.2999999940395000064 ) ) ;
#931 = VERTEX_POINT ( 'NONE', #1518 ) ;
#932 = DIRECTION ( 'NONE',  ( -0.000000000000000000, -1.000000000000000000, -0.000000000000000000 ) ) ;
#933 = CIRCLE ( 'NONE', #3624, 0.2999999999999999334 ) ;
#934 = VECTOR ( 'NONE', #1781, 1000.000000000000000 ) ;
#935 = ORIENTED_EDGE ( 'NONE', *, *, #1574, .F. ) ;
#936 = VERTEX_POINT ( 'NONE', #3641 ) ;
#937 = VECTOR ( 'NONE', #4524, 1000.000000000000000 ) ;
#938 = DIRECTION ( 'NONE',  ( -0.000000000000000000, 0.000000000000000000, -1.000000000000000000 ) ) ;
#939 = CARTESIAN_POINT ( 'NONE',  ( 1.549999999999846612, 0.04999999999985632604, 0.5500000000000000444 ) ) ;
#940 = ORIENTED_EDGE ( 'NONE', *, *, #3120, .T. ) ;
#941 = VECTOR ( 'NONE', #3882, 1000.000000000000000 ) ;
#942 = ADVANCED_FACE ( 'NONE', ( #363 ), #2987, .T. ) ;
#943 = LINE ( 'NONE', #585, #2726 ) ;
#944 = ORIENTED_EDGE ( 'NONE', *, *, #3217, .T. ) ;
#945 = DIRECTION ( 'NONE',  ( -1.000000000000000000, 0.000000000000000000, 0.000000000000000000 ) ) ;
#946 = CARTESIAN_POINT ( 'NONE',  ( 2.975000000000000089, 0.2500000000000000000, -3.500000000000000000 ) ) ;
#947 = EDGE_CURVE ( 'NONE', #1528, #931, #317, .T. ) ;
#948 = CARTESIAN_POINT ( 'NONE',  ( -1.500000000000000000, 5.349999999999999645, -0.4749999999999999778 ) ) ;
#949 = DIRECTION ( 'NONE',  ( -1.000000000000000000, -0.000000000000000000, -0.000000000000000000 ) ) ;
#950 = ORIENTED_EDGE ( 'NONE', *, *, #1313, .T. ) ;
#951 = ORIENTED_EDGE ( 'NONE', *, *, #1758, .T. ) ;
#952 = CARTESIAN_POINT ( 'NONE',  ( -1.500000000000025757, 5.450000000000000178, -1.400000047683922499 ) ) ;
#953 = DIRECTION ( 'NONE',  ( 1.000000000000000000, 0.000000000000000000, 0.000000000000000000 ) ) ;
#954 = AXIS2_PLACEMENT_3D ( 'NONE', #3155, #1342, #4289 ) ;
#955 = CARTESIAN_POINT ( 'NONE',  ( 0.6500000000000001332, 0.000000000000000000, -3.125000000000000000 ) ) ;
#956 = ORIENTED_EDGE ( 'NONE', *, *, #968, .F. ) ;
#957 = VECTOR ( 'NONE', #3545, 1000.000000000000000 ) ;
#958 = CARTESIAN_POINT ( 'NONE',  ( 4.000000000000000000, 0.000000000000000000, -2.750000000000000000 ) ) ;
#959 = EDGE_CURVE ( 'NONE', #1528, #4649, #2921, .T. ) ;
#960 = CARTESIAN_POINT ( 'NONE',  ( 1.350000000000000089, 0.4000000000000000222, -1.600000000000000089 ) ) ;
#961 = CARTESIAN_POINT ( 'NONE',  ( -1.300000000000000266, 2.750000000000000000, -4.049999999999999822 ) ) ;
#962 = VERTEX_POINT ( 'NONE', #1786 ) ;
#963 = EDGE_CURVE ( 'NONE', #3325, #4664, #1080, .T. ) ;
#964 = CARTESIAN_POINT ( 'NONE',  ( -0.2999999999998665401, 5.400000000000000355, -1.000000000000300204 ) ) ;
#965 = EDGE_CURVE ( 'NONE', #4005, #2449, #1423, .T. ) ;
#966 = DIRECTION ( 'NONE',  ( 0.000000000000000000, -1.000000000000000000, -0.000000000000000000 ) ) ;
#967 = ORIENTED_EDGE ( 'NONE', *, *, #3813, .T. ) ;
#968 = EDGE_CURVE ( 'NONE', #1333, #1817, #2283, .T. ) ;
#969 = PRODUCT_DEFINITION_CONTEXT ( 'detailed design', #3122, 'design' ) ;
#970 = CARTESIAN_POINT ( 'NONE',  ( -1.600000000000000311, 2.749999999999499067, -3.750000000000000000 ) ) ;
#971 = DIRECTION ( 'NONE',  ( 1.000000000000000000, -0.000000000000000000, 0.000000000000000000 ) ) ;
#972 = CIRCLE ( 'NONE', #2435, 1.000000000000000000 ) ;
#973 = LINE ( 'NONE', #1889, #2128 ) ;
#974 = LINE ( 'NONE', #3532, #3423 ) ;
#975 = VERTEX_POINT ( 'NONE', #4471 ) ;
#976 = VECTOR ( 'NONE', #2088, 1000.000000000000114 ) ;
#977 = ORIENTED_EDGE ( 'NONE', *, *, #2170, .T. ) ;
#978 = LINE ( 'NONE', #597, #1819 ) ;
#979 = DIRECTION ( 'NONE',  ( 0.000000000000000000, 0.000000000000000000, 1.000000000000000000 ) ) ;
#980 = DIRECTION ( 'NONE',  ( -0.000000000000000000, 0.000000000000000000, -1.000000000000000000 ) ) ;
#981 = EDGE_LOOP ( 'NONE', ( #1332, #237, #4670, #1049 ) ) ;
#982 = CARTESIAN_POINT ( 'NONE',  ( -1.300000000000000266, 0.000000000000000000, 1.500000000000000222 ) ) ;
#983 = LINE ( 'NONE', #3927, #4631 ) ;
#984 = DIRECTION ( 'NONE',  ( 1.000000000000000000, -0.000000000000000000, 0.000000000000000000 ) ) ;
#985 = ORIENTED_EDGE ( 'NONE', *, *, #3705, .F. ) ;
#986 = LINE ( 'NONE', #2413, #1932 ) ;
#987 = CARTESIAN_POINT ( 'NONE',  ( 2.549999999999999822, 0.1499999999999999944, -2.549999999999999822 ) ) ;
#988 = ORIENTED_EDGE ( 'NONE', *, *, #1069, .F. ) ;
#989 = LINE ( 'NONE', #4676, #4081 ) ;
#990 = DIRECTION ( 'NONE',  ( -0.000000000000000000, 0.000000000000000000, 1.000000000000000000 ) ) ;
#991 = AXIS2_PLACEMENT_3D ( 'NONE', #2300, #3770, #3463 ) ;
#992 = ADVANCED_FACE ( 'NONE', ( #3377 ), #2695, .T. ) ;
#993 = EDGE_CURVE ( 'NONE', #2124, #626, #4600, .T. ) ;
#994 = ADVANCED_FACE ( 'NONE', ( #1179 ), #1923, .F. ) ;
#995 = DIRECTION ( 'NONE',  ( 1.000000000000000000, 0.000000000000000000, 0.000000000000000000 ) ) ;
#996 = VERTEX_POINT ( 'NONE', #2723 ) ;
#997 = ORIENTED_EDGE ( 'NONE', *, *, #968, .T. ) ;
#998 = CARTESIAN_POINT ( 'NONE',  ( -1.300000000000000266, 1.000000000000000000, 0.7500000000000000000 ) ) ;
#999 = CARTESIAN_POINT ( 'NONE',  ( 5.700000000000000178, -0.05199999999999999761, -3.200000000000000178 ) ) ;
#1000 = CARTESIAN_POINT ( 'NONE',  ( 2.700000000000000178, 0.5500000000000000444, -1.274999999999999911 ) ) ;
#1001 = ORIENTED_EDGE ( 'NONE', *, *, #3294, .F. ) ;
#1002 = FACE_BOUND ( 'NONE', #2880, .T. ) ;
#1003 = DIRECTION ( 'NONE',  ( 0.000000000000000000, 1.000000000000000000, 0.000000000000000000 ) ) ;
#1004 = LINE ( 'NONE', #939, #2217 ) ;
#1005 = EDGE_CURVE ( 'NONE', #1172, #1339, #3010, .T. ) ;
#1006 = EDGE_LOOP ( 'NONE', ( #1124, #1757, #4645, #2079 ) ) ;
#1007 =( GEOMETRIC_REPRESENTATION_CONTEXT ( 3 ) GLOBAL_UNCERTAINTY_ASSIGNED_CONTEXT ( ( #4626 ) ) GLOBAL_UNIT_ASSIGNED_CONTEXT ( ( #3324, #2641, #2211 ) ) REPRESENTATION_CONTEXT ( 'NONE', 'WORKASPACE' ) );
#1008 = LINE ( 'NONE', #650, #957 ) ;
#1009 = LINE ( 'NONE', #2438, #1156 ) ;
#1010 = ORIENTED_EDGE ( 'NONE', *, *, #1844, .T. ) ;
#1011 = ADVANCED_FACE ( 'NONE', ( #4120 ), #2910, .F. ) ;
#1012 = VECTOR ( 'NONE', #3684, 1000.000000000000000 ) ;
#1013 = VECTOR ( 'NONE', #1066, 1000.000000000000000 ) ;
#1014 = ADVANCED_FACE ( 'NONE', ( #170 ), #890, .T. ) ;
#1015 = CARTESIAN_POINT ( 'NONE',  ( -1.500000000000000000, 5.349999999999999645, -1.325000047684000037 ) ) ;
#1016 = DIRECTION ( 'NONE',  ( 1.000000000000000000, -0.000000000000000000, 0.000000000000000000 ) ) ;
#1017 = EDGE_CURVE ( 'NONE', #2908, #409, #436, .T. ) ;
#1018 = DIRECTION ( 'NONE',  ( -0.000000000000000000, 1.000000000000000000, 0.000000000000000000 ) ) ;
#1019 = ORIENTED_EDGE ( 'NONE', *, *, #2578, .T. ) ;
#1020 = ORIENTED_EDGE ( 'NONE', *, *, #2287, .T. ) ;
#1021 = ORIENTED_EDGE ( 'NONE', *, *, #2705, .T. ) ;
#1022 = CARTESIAN_POINT ( 'NONE',  ( -0.2999999999998412825, 5.400000000000000355, -1.600000000000228573 ) ) ;
#1023 = ADVANCED_FACE ( 'NONE', ( #2673 ), #2286, .F. ) ;
#1024 = CARTESIAN_POINT ( 'NONE',  ( 1.300000000000000266, 0.5000000000000000000, -2.250000000000000444 ) ) ;
#1025 = CARTESIAN_POINT ( 'NONE',  ( -1.700000000000000178, 5.150000000000000355, 1.500000000000000000 ) ) ;
#1026 = ORIENTED_EDGE ( 'NONE', *, *, #142, .T. ) ;
#1027 = DIRECTION ( 'NONE',  ( 0.000000000000000000, 1.000000000000000000, 0.000000000000000000 ) ) ;
#1028 =( BOUNDED_SURFACE ( )  B_SPLINE_SURFACE ( 3, 3, ( 
 ( #3466, #520, #1991, #163 ),
 ( #2743, #4216, #910, #2381 ),
 ( #4466, #3852, #2021, #3492 ),
 ( #1174, #4115, #810, #2279 ) ),
 .UNSPECIFIED., .F., .F., .T. ) 
 B_SPLINE_SURFACE_WITH_KNOTS ( ( 4, 4 ),
 ( 4, 4 ),
 ( 0.000000000000000000, 1.000000000000000000 ),
 ( 0.000000000000000000, 1.000000000000000000 ),
 .UNSPECIFIED. ) 
 GEOMETRIC_REPRESENTATION_ITEM ( )  RATIONAL_B_SPLINE_SURFACE ( (
 ( 1.000000000000000000, 0.3333333333328126202, 0.3333333333328126202, 1.000000000000000000),
 ( 0.8047378541243649375, 0.2682459513743692958, 0.2682459513743692958, 0.8047378541243649375),
 ( 0.8047378541243649375, 0.2682459513743692958, 0.2682459513743692958, 0.8047378541243649375),
 ( 1.000000000000000000, 0.3333333333328126202, 0.3333333333328126202, 1.000000000000000000) ) ) 
 REPRESENTATION_ITEM ( '' )  SURFACE ( )  );
#1029 = DIRECTION ( 'NONE',  ( 0.000000000000000000, 0.000000000000000000, 1.000000000000000000 ) ) ;
#1030 = LINE ( 'NONE', #4393, #3646 ) ;
#1031 = VECTOR ( 'NONE', #190, 1000.000000000000000 ) ;
#1032 = VERTEX_POINT ( 'NONE', #1277 ) ;
#1033 = CARTESIAN_POINT ( 'NONE',  ( 1.300000000000000266, 2.300000000358000118, -4.049999999999999822 ) ) ;
#1034 = DIRECTION ( 'NONE',  ( 0.000000000000000000, -0.000000000000000000, 1.000000000000000000 ) ) ;
#1035 = ORIENTED_EDGE ( 'NONE', *, *, #4654, .F. ) ;
#1036 = AXIS2_PLACEMENT_3D ( 'NONE', #802, #4482, #1189 ) ;
#1037 = DIRECTION ( 'NONE',  ( -1.000000000000000000, -0.000000000000000000, -0.000000000000000000 ) ) ;
#1038 = DIRECTION ( 'NONE',  ( 0.7071067811854974128, 0.7071067811875975107, 0.000000000000000000 ) ) ;
#1039 = CARTESIAN_POINT ( 'NONE',  ( -0.2999999999999999334, 5.450000000000000178, -1.000000000000000000 ) ) ;
#1040 = ORIENTED_EDGE ( 'NONE', *, *, #2467, .F. ) ;
#1041 = ORIENTED_EDGE ( 'NONE', *, *, #1504, .T. ) ;
#1042 = VERTEX_POINT ( 'NONE', #2360 ) ;
#1043 = EDGE_CURVE ( 'NONE', #4218, #3679, #3754, .T. ) ;
#1044 = CARTESIAN_POINT ( 'NONE',  ( 2.699999999999999289, 5.350000000003249490, -4.049999999999999822 ) ) ;
#1045 = VECTOR ( 'NONE', #4151, 1000.000000000000000 ) ;
#1046 = EDGE_CURVE ( 'NONE', #4712, #3950, #3108, .T. ) ;
#1047 = CARTESIAN_POINT ( 'NONE',  ( -1.550000000000000266, 0.05000000000000000278, 1.500000000000000000 ) ) ;
#1048 = CARTESIAN_POINT ( 'NONE',  ( 0.000000000000000000, 0.000000000000000000, -2.750000000000000000 ) ) ;
#1049 = ORIENTED_EDGE ( 'NONE', *, *, #373, .T. ) ;
#1050 = DIRECTION ( 'NONE',  ( 1.000000000000000000, 0.000000000000000000, -0.000000000000000000 ) ) ;
#1051 = ADVANCED_FACE ( 'NONE', ( #1540 ), #527, .F. ) ;
#1052 = VECTOR ( 'NONE', #1571, 1000.000000000000114 ) ;
#1053 = DIRECTION ( 'NONE',  ( 1.000000000000000000, -0.000000000000000000, -0.000000000000000000 ) ) ;
#1054 = DIRECTION ( 'NONE',  ( 1.000000000000000000, -0.000000000000000000, -0.000000000000000000 ) ) ;
#1055 = ORIENTED_EDGE ( 'NONE', *, *, #699, .F. ) ;
#1056 = EDGE_CURVE ( 'NONE', #2033, #713, #3035, .T. ) ;
#1057 = DIRECTION ( 'NONE',  ( 0.000000000000000000, 1.000000000000000000, 0.000000000000000000 ) ) ;
#1058 = LINE ( 'NONE', #1371, #2395 ) ;
#1059 = ORIENTED_EDGE ( 'NONE', *, *, #2417, .T. ) ;
#1060 =( BOUNDED_SURFACE ( )  B_SPLINE_SURFACE ( 3, 3, ( 
 ( #1845, #1893, #9, #2592 ),
 ( #1485, #696, #4062, #4419 ),
 ( #4019, #764, #720, #3704 ),
 ( #31, #357, #1823, #1514 ) ),
 .UNSPECIFIED., .F., .F., .T. ) 
 B_SPLINE_SURFACE_WITH_KNOTS ( ( 4, 4 ),
 ( 4, 4 ),
 ( 0.000000000000000000, 1.000000000000000000 ),
 ( 0.000000000000000000, 1.000000000000000000 ),
 .UNSPECIFIED. ) 
 GEOMETRIC_REPRESENTATION_ITEM ( )  RATIONAL_B_SPLINE_SURFACE ( (
 ( 1.000000000000000000, 0.8047378541243652705, 0.8047378541243652705, 1.000000000000000000),
 ( 0.8025111867385941178, 0.6458111303268140313, 0.6458111303268140313, 0.8025111867385941178),
 ( 0.8025111867385941178, 0.6458111303268140313, 0.6458111303268140313, 0.8025111867385941178),
 ( 1.000000000000000000, 0.8047378541243652705, 0.8047378541243652705, 1.000000000000000000) ) ) 
 REPRESENTATION_ITEM ( '' )  SURFACE ( )  );
#1061 = DIRECTION ( 'NONE',  ( 1.000000000000000000, -0.000000000000000000, 0.000000000000000000 ) ) ;
#1062 = CARTESIAN_POINT ( 'NONE',  ( 2.700000000431828528, 2.750000000000000000, 1.499999999566625775 ) ) ;
#1063 = AXIS2_PLACEMENT_3D ( 'NONE', #2361, #451, #4170 ) ;
#1064 = DIRECTION ( 'NONE',  ( -0.7071067811854974128, 0.7071067811875975107, 0.000000000000000000 ) ) ;
#1065 = EDGE_CURVE ( 'NONE', #2176, #3906, #2260, .T. ) ;
#1066 = DIRECTION ( 'NONE',  ( -0.000000000000000000, 1.000000000000000000, 0.000000000000000000 ) ) ;
#1067 = ORIENTED_EDGE ( 'NONE', *, *, #3412, .F. ) ;
#1068 = VERTEX_POINT ( 'NONE', #3731 ) ;
#1069 = EDGE_CURVE ( 'NONE', #4329, #1249, #1366, .T. ) ;
#1070 = CARTESIAN_POINT ( 'NONE',  ( 1.350000000000000089, 0.2499999999998999967, -1.600000000000000089 ) ) ;
#1071 = DIRECTION ( 'NONE',  ( -0.000000000000000000, -1.000000000000000000, -0.000000000000000000 ) ) ;
#1072 = ORIENTED_EDGE ( 'NONE', *, *, #341, .T. ) ;
#1073 = FACE_OUTER_BOUND ( 'NONE', #2753, .T. ) ;
#1074 = PLANE ( 'NONE',  #1087 ) ;
#1075 = LINE ( 'NONE', #3678, #3454 ) ;
#1076 = EDGE_LOOP ( 'NONE', ( #4233, #919, #111, #499 ) ) ;
#1077 = FACE_OUTER_BOUND ( 'NONE', #4747, .T. ) ;
#1078 = ORIENTED_EDGE ( 'NONE', *, *, #3233, .T. ) ;
#1079 = DIRECTION ( 'NONE',  ( 1.000000000000000000, 0.000000000000000000, 0.000000000000000000 ) ) ;
#1080 = LINE ( 'NONE', #4722, #3982 ) ;
#1081 = ADVANCED_FACE ( 'NONE', ( #4494 ), #2120, .T. ) ;
#1082 = AXIS2_PLACEMENT_3D ( 'NONE', #2337, #3733, #4473 ) ;
#1083 = VECTOR ( 'NONE', #1209, 1000.000000000000000 ) ;
#1084 = EDGE_CURVE ( 'NONE', #4311, #1944, #3586, .T. ) ;
#1085 = PLANE ( 'NONE',  #817 ) ;
#1086 = VECTOR ( 'NONE', #2282, 1000.000000000000000 ) ;
#1087 = AXIS2_PLACEMENT_3D ( 'NONE', #4015, #3390, #466 ) ;
#1088 = CARTESIAN_POINT ( 'NONE',  ( -0.7085106253623999484, 5.349999999999999645, 0.3000000119207000271 ) ) ;
#1089 = EDGE_LOOP ( 'NONE', ( #2425, #3100, #1145, #3535 ) ) ;
#1090 = ORIENTED_EDGE ( 'NONE', *, *, #138, .T. ) ;
#1091 = DIRECTION ( 'NONE',  ( 0.000000000000000000, 1.000000000000000000, 0.000000000000000000 ) ) ;
#1092 = DIRECTION ( 'NONE',  ( 0.8109604400572790750, 0.000000000000000000, 0.5851009867211849347 ) ) ;
#1093 = ORIENTED_EDGE ( 'NONE', *, *, #3943, .F. ) ;
#1094 = CARTESIAN_POINT ( 'NONE',  ( 0.000000000000000000, -0.01000000000000000021, -3.500000000000000000 ) ) ;
#1095 = CARTESIAN_POINT ( 'NONE',  ( -0.2999999999999899414, 5.450000000000000178, -0.8000000476837698660 ) ) ;
#1096 = DIRECTION ( 'NONE',  ( -1.000000000000000000, -0.000000000000000000, -0.000000000000000000 ) ) ;
#1097 = EDGE_CURVE ( 'NONE', #8, #155, #1300, .T. ) ;
#1098 = VERTEX_POINT ( 'NONE', #2411 ) ;
#1099 = DIRECTION ( 'NONE',  ( 0.000000000000000000, 0.000000000000000000, 1.000000000000000000 ) ) ;
#1100 = DIRECTION ( 'NONE',  ( 0.000000000000000000, 0.000000000000000000, 1.000000000000000000 ) ) ;
#1101 = EDGE_LOOP ( 'NONE', ( #1945, #1289, #4158 ) ) ;
#1102 = VECTOR ( 'NONE', #1754, 1000.000000000000000 ) ;
#1103 = EDGE_CURVE ( 'NONE', #4513, #4582, #1322, .T. ) ;
#1104 = CARTESIAN_POINT ( 'NONE',  ( 1.352000000000000091, 0.5000000000000000000, -2.750000000000000000 ) ) ;
#1105 = PLANE ( 'NONE',  #2526 ) ;
#1106 = EDGE_CURVE ( 'NONE', #422, #3894, #2049, .T. ) ;
#1107 = ADVANCED_FACE ( 'NONE', ( #1711 ), #2844, .F. ) ;
#1108 = AXIS2_PLACEMENT_3D ( 'NONE', #1738, #200, #3891 ) ;
#1109 = DIRECTION ( 'NONE',  ( -0.000000000000000000, -1.000000000000000000, -0.000000000000000000 ) ) ;
#1110 = DIRECTION ( 'NONE',  ( 0.000000000000000000, 0.000000000000000000, 1.000000000000000000 ) ) ;
#1111 = ORIENTED_EDGE ( 'NONE', *, *, #4026, .T. ) ;
#1112 = ORIENTED_EDGE ( 'NONE', *, *, #1162, .F. ) ;
#1113 = DIRECTION ( 'NONE',  ( 0.000000000000000000, 0.000000000000000000, 1.000000000000000000 ) ) ;
#1114 = FACE_OUTER_BOUND ( 'NONE', #1363, .T. ) ;
#1115 = VERTEX_POINT ( 'NONE', #4266 ) ;
#1116 = LINE ( 'NONE', #2524, #1873 ) ;
#1117 = VECTOR ( 'NONE', #1092, 1000.000000000000000 ) ;
#1118 = FACE_OUTER_BOUND ( 'NONE', #115, .T. ) ;
#1119 = VECTOR ( 'NONE', #4583, 1000.000000000000000 ) ;
#1120 = CARTESIAN_POINT ( 'NONE',  ( 3.250000000000000444, 0.5000000000000000000, -3.500000000000000000 ) ) ;
#1121 = CARTESIAN_POINT ( 'NONE',  ( -1.053191488980999901, 5.400000000000000355, 0.4125000029802999846 ) ) ;
#1122 = EDGE_LOOP ( 'NONE', ( #192, #860, #2686, #3132 ) ) ;
#1123 = CARTESIAN_POINT ( 'NONE',  ( 5.299999999999999822, 0.5000000000000000000, -2.250000000000000444 ) ) ;
#1124 = ORIENTED_EDGE ( 'NONE', *, *, #4475, .F. ) ;
#1125 = EDGE_CURVE ( 'NONE', #3438, #1333, #3067, .T. ) ;
#1126 = DIRECTION ( 'NONE',  ( -7.228014483236697541E-16, 0.000000000000000000, -1.000000000000000000 ) ) ;
#1127 = CARTESIAN_POINT ( 'NONE',  ( 2.975000000000000089, 0.2500000000000000000, 1.500000000000000000 ) ) ;
#1128 = CARTESIAN_POINT ( 'NONE',  ( 2.000000000000000000, 0.05000000000000000278, -2.549999999999999822 ) ) ;
#1129 = FACE_OUTER_BOUND ( 'NONE', #3594, .T. ) ;
#1130 = DIRECTION ( 'NONE',  ( -0.000000000000000000, 1.000000000000000000, -0.000000000000000000 ) ) ;
#1131 = ORIENTED_EDGE ( 'NONE', *, *, #3791, .F. ) ;
#1132 = VERTEX_POINT ( 'NONE', #4690 ) ;
#1133 = EDGE_CURVE ( 'NONE', #1822, #3333, #1004, .T. ) ;
#1134 = DIRECTION ( 'NONE',  ( 1.000000000000000000, 0.000000000000000000, 0.000000000000000000 ) ) ;
#1135 = VECTOR ( 'NONE', #915, 1000.000000000000000 ) ;
#1136 = ADVANCED_FACE ( 'NONE', ( #3519 ), #2074, .F. ) ;
#1137 = FACE_OUTER_BOUND ( 'NONE', #1632, .T. ) ;
#1138 = ORIENTED_EDGE ( 'NONE', *, *, #1574, .T. ) ;
#1139 = DIRECTION ( 'NONE',  ( -0.000000000000000000, -1.000000000000000000, -0.000000000000000000 ) ) ;
#1140 = CIRCLE ( 'NONE', #1989, 0.2999999999999999334 ) ;
#1141 = DIRECTION ( 'NONE',  ( 0.000000000000000000, 1.000000000000000000, 0.000000000000000000 ) ) ;
#1142 = DIRECTION ( 'NONE',  ( -0.000000000000000000, -0.000000000000000000, -1.000000000000000000 ) ) ;
#1143 = DIRECTION ( 'NONE',  ( -0.000000000000000000, -0.000000000000000000, 1.000000000000000000 ) ) ;
#1144 = EDGE_LOOP ( 'NONE', ( #698, #2539, #3007, #3168 ) ) ;
#1145 = ORIENTED_EDGE ( 'NONE', *, *, #1522, .T. ) ;
#1146 = CARTESIAN_POINT ( 'NONE',  ( 1.549999999999904343, 0.04999999999992816441, -1.600000000000000089 ) ) ;
#1147 = DIRECTION ( 'NONE',  ( 1.000000000000000000, 0.000000000000000000, 0.000000000000000000 ) ) ;
#1148 = VERTEX_POINT ( 'NONE', #3543 ) ;
#1149 = EDGE_CURVE ( 'NONE', #2664, #2342, #266, .T. ) ;
#1150 = DIRECTION ( 'NONE',  ( 0.000000000000000000, 0.000000000000000000, 1.000000000000000000 ) ) ;
#1151 = CARTESIAN_POINT ( 'NONE',  ( -1.257446801661999958, 5.400000000000000355, -1.925000047684000126 ) ) ;
#1152 = EDGE_CURVE ( 'NONE', #885, #936, #3496, .T. ) ;
#1153 = EDGE_CURVE ( 'NONE', #4680, #3391, #3228, .T. ) ;
#1154 = LINE ( 'NONE', #477, #2278 ) ;
#1155 = DIRECTION ( 'NONE',  ( 0.5862940913054849323, -0.000000000000000000, 0.8100982894070791751 ) ) ;
#1156 = VECTOR ( 'NONE', #3184, 1000.000000000000000 ) ;
#1157 = DIRECTION ( 'NONE',  ( 1.000000000000000000, 0.000000000000000000, 0.000000000000000000 ) ) ;
#1158 = ORIENTED_EDGE ( 'NONE', *, *, #4584, .T. ) ;
#1159 = EDGE_LOOP ( 'NONE', ( #524, #1021, #4280, #4301, #1245, #3998 ) ) ;
#1160 = VECTOR ( 'NONE', #452, 1000.000000000000000 ) ;
#1161 = CIRCLE ( 'NONE', #3322, 1.299999999795545369 ) ;
#1162 = EDGE_CURVE ( 'NONE', #4117, #1817, #3949, .T. ) ;
#1163 = CARTESIAN_POINT ( 'NONE',  ( -0.2999999999999264366, 5.450000000000000178, -2.599999904632894321 ) ) ;
#1164 = AXIS2_PLACEMENT_3D ( 'NONE', #3026, #1940, #1218 ) ;
#1165 = CARTESIAN_POINT ( 'NONE',  ( 6.037326708879828807, 5.150000000000000355, -3.286937359832102779 ) ) ;
#1166 = ORIENTED_EDGE ( 'NONE', *, *, #3171, .F. ) ;
#1167 = CARTESIAN_POINT ( 'NONE',  ( 2.700000000000000178, 0.5500000000000000444, -0.1430285549745937967 ) ) ;
#1168 = ORIENTED_EDGE ( 'NONE', *, *, #550, .F. ) ;
#1169 = EDGE_CURVE ( 'NONE', #2903, #1524, #625, .T. ) ;
#1170 = LINE ( 'NONE', #1913, #1199 ) ;
#1171 = CARTESIAN_POINT ( 'NONE',  ( 0.7500000000000000000, 0.000000000000000000, -3.500000000000000000 ) ) ;
#1172 = VERTEX_POINT ( 'NONE', #647 ) ;
#1173 = VERTEX_POINT ( 'NONE', #3156 ) ;
#1174 = CARTESIAN_POINT ( 'NONE',  ( 2.400000000000000355, 2.749999999999499511, -3.750000000000000000 ) ) ;
#1175 =( NAMED_UNIT ( * ) SI_UNIT ( $, .STERADIAN. ) SOLID_ANGLE_UNIT ( ) );
#1176 = ORIENTED_EDGE ( 'NONE', *, *, #4472, .T. ) ;
#1177 = EDGE_LOOP ( 'NONE', ( #3920, #3628, #4031, #950, #1131, #1356 ) ) ;
#1178 = LINE ( 'NONE', #33, #1469 ) ;
#1179 = FACE_OUTER_BOUND ( 'NONE', #2659, .T. ) ;
#1180 = LINE ( 'NONE', #2727, #2164 ) ;
#1181 = CARTESIAN_POINT ( 'NONE',  ( -1.499999999999995781, 5.450000000000000178, -0.5500000000000370148 ) ) ;
#1182 = AXIS2_PLACEMENT_3D ( 'NONE', #3252, #762, #4715 ) ;
#1183 = VECTOR ( 'NONE', #579, 1000.000000000000000 ) ;
#1184 = CARTESIAN_POINT ( 'NONE',  ( 5.350000000000099121, 0.2499999999999992506, -1.600000000000000089 ) ) ;
#1185 = EDGE_LOOP ( 'NONE', ( #3675, #3690, #1843, #3861 ) ) ;
#1186 = ORIENTED_EDGE ( 'NONE', *, *, #36, .T. ) ;
#1187 = PLANE ( 'NONE',  #2379 ) ;
#1188 = DIRECTION ( 'NONE',  ( 1.000000000000000000, -0.000000000000000000, 0.000000000000000000 ) ) ;
#1189 = DIRECTION ( 'NONE',  ( 1.000000000000000000, 0.000000000000000000, -0.000000000000000000 ) ) ;
#1190 = VERTEX_POINT ( 'NONE', #2386 ) ;
#1191 = ADVANCED_FACE ( 'NONE', ( #1665 ), #3135, .T. ) ;
#1192 = LINE ( 'NONE', #2299, #4124 ) ;
#1193 = DIRECTION ( 'NONE',  ( -0.000000000000000000, -0.000000000000000000, -1.000000000000000000 ) ) ;
#1194 = ORIENTED_EDGE ( 'NONE', *, *, #3224, .T. ) ;
#1195 = ORIENTED_EDGE ( 'NONE', *, *, #1707, .F. ) ;
#1196 = CARTESIAN_POINT ( 'NONE',  ( -0.9000000000001000533, 5.400000000000000355, 0.5999999940395001063 ) ) ;
#1197 = VERTEX_POINT ( 'NONE', #4245 ) ;
#1198 = ORIENTED_EDGE ( 'NONE', *, *, #4424, .T. ) ;
#1199 = VECTOR ( 'NONE', #1558, 1000.000000000000000 ) ;
#1200 = EDGE_CURVE ( 'NONE', #1803, #4623, #4441, .T. ) ;
#1201 = CARTESIAN_POINT ( 'NONE',  ( -1.499999999999991784, 5.450000000000000178, -1.749999999999988454 ) ) ;
#1202 = DIRECTION ( 'NONE',  ( 0.000000000000000000, 0.000000000000000000, 1.000000000000000000 ) ) ;
#1203 = DIRECTION ( 'NONE',  ( 0.000000000000000000, -0.000000000000000000, 1.000000000000000000 ) ) ;
#1204 = EDGE_CURVE ( 'NONE', #3465, #1720, #693, .T. ) ;
#1205 = LINE ( 'NONE', #3399, #3865 ) ;
#1206 = VECTOR ( 'NONE', #3942, 1000.000000000000114 ) ;
#1207 = LINE ( 'NONE', #64, #2514 ) ;
#1208 = LINE ( 'NONE', #2677, #1045 ) ;
#1209 = DIRECTION ( 'NONE',  ( 1.000000000000000000, 0.000000000000000000, -0.000000000000000000 ) ) ;
#1210 = ORIENTED_EDGE ( 'NONE', *, *, #571, .F. ) ;
#1211 = ADVANCED_FACE ( 'NONE', ( #3608 ), #2590, .T. ) ;
#1212 = CARTESIAN_POINT ( 'NONE',  ( -1.500000000000000000, 5.400000000000000355, -2.524999904632999836 ) ) ;
#1213 = DIRECTION ( 'NONE',  ( 0.000000000000000000, 0.000000000000000000, 1.000000000000000000 ) ) ;
#1214 = DIRECTION ( 'NONE',  ( 0.000000000000000000, 1.000000000000000000, 0.000000000000000000 ) ) ;
#1215 = ORIENTED_EDGE ( 'NONE', *, *, #2306, .F. ) ;
#1216 = CIRCLE ( 'NONE', #1828, 0.7500000000000002220 ) ;
#1217 = CARTESIAN_POINT ( 'NONE',  ( -1.700000000000000844, 5.362132034355963306, 1.412132034355964239 ) ) ;
#1218 = DIRECTION ( 'NONE',  ( 0.000000000000000000, 0.000000000000000000, -1.000000000000000000 ) ) ;
#1219 = EDGE_LOOP ( 'NONE', ( #2277, #3411, #3152, #1564 ) ) ;
#1220 = AXIS2_PLACEMENT_3D ( 'NONE', #825, #3673, #368 ) ;
#1221 = ORIENTED_EDGE ( 'NONE', *, *, #4022, .F. ) ;
#1222 = LINE ( 'NONE', #445, #3956 ) ;
#1223 = AXIS2_PLACEMENT_3D ( 'NONE', #1384, #2042, #1683 ) ;
#1224 = ORIENTED_EDGE ( 'NONE', *, *, #1999, .F. ) ;
#1225 = ORIENTED_EDGE ( 'NONE', *, *, #2667, .F. ) ;
#1226 = DIRECTION ( 'NONE',  ( 1.000000000000000000, 0.000000000000000000, 0.000000000000000000 ) ) ;
#1227 = CARTESIAN_POINT ( 'NONE',  ( 1.352000000000000091, 0.5000000000000000000, -2.750000000000000000 ) ) ;
#1228 = CARTESIAN_POINT ( 'NONE',  ( 5.912132034355964905, 5.362132034355964194, 1.199999999999999956 ) ) ;
#1229 = PLANE ( 'NONE',  #321 ) ;
#1230 = EDGE_CURVE ( 'NONE', #3929, #422, #1075, .T. ) ;
#1231 = DIRECTION ( 'NONE',  ( 0.000000000000000000, 0.000000000000000000, -1.000000000000000000 ) ) ;
#1232 = CARTESIAN_POINT ( 'NONE',  ( -1.700000000000000178, 5.362132034355964194, 1.412132034355965127 ) ) ;
#1233 = CARTESIAN_POINT ( 'NONE',  ( -0.7085106253623795203, 5.349999999999999645, 0.07499997615808279283 ) ) ;
#1234 = ORIENTED_EDGE ( 'NONE', *, *, #2874, .T. ) ;
#1235 = CARTESIAN_POINT ( 'NONE',  ( -0.2999999999999999334, 5.450000000000000178, -1.000000000000000000 ) ) ;
#1236 = AXIS2_PLACEMENT_3D ( 'NONE', #2678, #2318, #4152 ) ;
#1237 = CARTESIAN_POINT ( 'NONE',  ( -0.6063829779624999583, 5.400000000000000355, 0.04999999999990000638 ) ) ;
#1238 = FACE_OUTER_BOUND ( 'NONE', #2802, .T. ) ;
#1239 = ORIENTED_EDGE ( 'NONE', *, *, #4051, .T. ) ;
#1240 = AXIS2_PLACEMENT_3D ( 'NONE', #4359, #1061, #3999 ) ;
#1241 = VECTOR ( 'NONE', #2579, 1000.000000000000000 ) ;
#1242 = CARTESIAN_POINT ( 'NONE',  ( -1.350000000000000089, 0.4000000000000000222, 0.5500000000000000444 ) ) ;
#1243 = DIRECTION ( 'NONE',  ( -1.613292832658430598E-16, 1.000000000000000000, 0.000000000000000000 ) ) ;
#1244 = DIRECTION ( 'NONE',  ( 0.000000000000000000, 0.000000000000000000, 1.000000000000000000 ) ) ;
#1245 = ORIENTED_EDGE ( 'NONE', *, *, #2504, .T. ) ;
#1246 = CARTESIAN_POINT ( 'NONE',  ( -0.4531914889812027614, 5.400000000000000355, -0.8999999523162912629 ) ) ;
#1247 = VECTOR ( 'NONE', #3856, 1000.000000000000000 ) ;
#1248 = ORIENTED_EDGE ( 'NONE', *, *, #2366, .F. ) ;
#1249 = VERTEX_POINT ( 'NONE', #310 ) ;
#1250 = EDGE_CURVE ( 'NONE', #3391, #3906, #1030, .T. ) ;
#1251 = CARTESIAN_POINT ( 'NONE',  ( 5.700000000000000178, 5.150000000000000355, 1.199999999999999956 ) ) ;
#1252 = PLANE ( 'NONE',  #3032 ) ;
#1253 = DIRECTION ( 'NONE',  ( 1.000000000000000000, 0.000000000000000000, -0.000000000000000000 ) ) ;
#1254 = DIRECTION ( 'NONE',  ( -0.000000000000000000, 0.000000000000000000, 1.000000000000000000 ) ) ;
#1255 = LINE ( 'NONE', #2725, #1783 ) ;
#1256 = ADVANCED_FACE ( 'NONE', ( #1867 ), #1460, .T. ) ;
#1257 = LINE ( 'NONE', #4199, #4007 ) ;
#1258 = CARTESIAN_POINT ( 'NONE',  ( -1.877052006648532112, 5.435469376755158066, 1.338794691956771699 ) ) ;
#1259 = ADVANCED_FACE ( 'NONE', ( #4374 ), #2891, .T. ) ;
#1260 = ORIENTED_EDGE ( 'NONE', *, *, #3061, .F. ) ;
#1261 = VECTOR ( 'NONE', #4287, 1000.000000000000000 ) ;
#1262 = CARTESIAN_POINT ( 'NONE',  ( 4.000000000000000000, 2.750000000000000000, 1.299999999730516720 ) ) ;
#1263 = DIRECTION ( 'NONE',  ( -1.000000000000000000, 0.000000000000000000, 0.000000000000000000 ) ) ;
#1264 = DIRECTION ( 'NONE',  ( 0.7071067811854974128, 0.7071067811875975107, 0.000000000000000000 ) ) ;
#1265 = MECHANICAL_DESIGN_GEOMETRIC_PRESENTATION_REPRESENTATION (  '', ( #485 ), #411 ) ;
#1266 = ORIENTED_EDGE ( 'NONE', *, *, #593, .T. ) ;
#1267 = ORIENTED_EDGE ( 'NONE', *, *, #4401, .F. ) ;
#1268 = VECTOR ( 'NONE', #1761, 1000.000000000000000 ) ;
#1269 = CARTESIAN_POINT ( 'NONE',  ( -0.6500000000000001332, 0.5000000000000000000, -3.125000000000000000 ) ) ;
#1270 = CARTESIAN_POINT ( 'NONE',  ( 5.700000000000000178, 5.450000000000000178, -3.200000000000000178 ) ) ;
#1271 = ORIENTED_EDGE ( 'NONE', *, *, #4454, .T. ) ;
#1272 = EDGE_LOOP ( 'NONE', ( #2811, #3771, #4708, #1556 ) ) ;
#1273 = CARTESIAN_POINT ( 'NONE',  ( -1.699999999999999734, 5.362132034355964194, -3.412132034355964905 ) ) ;
#1274 = ORIENTED_EDGE ( 'NONE', *, *, #138, .F. ) ;
#1275 = VERTEX_POINT ( 'NONE', #2567 ) ;
#1276 = CARTESIAN_POINT ( 'NONE',  ( -1.449999999999999956, 0.1499999999999999944, 0.5500000000000000444 ) ) ;
#1277 = CARTESIAN_POINT ( 'NONE',  ( -1.300000000000000266, 0.000000000000000000, 0.7500000000000001110 ) ) ;
#1278 = CARTESIAN_POINT ( 'NONE',  ( 5.912132034355964905, 5.362132034355965082, 1.377052006648532112 ) ) ;
#1279 = PLANE ( 'NONE',  #2169 ) ;
#1280 = ORIENTED_EDGE ( 'NONE', *, *, #4001, .T. ) ;
#1281 = EDGE_CURVE ( 'NONE', #45, #3264, #4352, .T. ) ;
#1282 = CARTESIAN_POINT ( 'NONE',  ( -1.300000000000813838, 5.350000000003654499, -4.049999999999999822 ) ) ;
#1283 = CARTESIAN_POINT ( 'NONE',  ( -1.700000000000000178, 5.487326708879827208, 1.286937359832102112 ) ) ;
#1284 = AXIS2_PLACEMENT_3D ( 'NONE', #639, #405, #3964 ) ;
#1285 = VERTEX_POINT ( 'NONE', #1775 ) ;
#1286 = DIRECTION ( 'NONE',  ( -0.000000000000000000, -1.000000000000000000, -0.000000000000000000 ) ) ;
#1287 = DIRECTION ( 'NONE',  ( 0.000000000000000000, -0.000000000000000000, 1.000000000000000000 ) ) ;
#1288 = ORIENTED_EDGE ( 'NONE', *, *, #965, .T. ) ;
#1289 = ORIENTED_EDGE ( 'NONE', *, *, #1981, .F. ) ;
#1290 = VECTOR ( 'NONE', #1444, 1000.000000000000000 ) ;
#1291 = LINE ( 'NONE', #2040, #4667 ) ;
#1292 = EDGE_CURVE ( 'NONE', #277, #1197, #3499, .T. ) ;
#1293 = CARTESIAN_POINT ( 'NONE',  ( 2.700000000000000178, 2.750000000000000000, -3.750000000000000000 ) ) ;
#1294 = DIRECTION ( 'NONE',  ( 1.000000000000000000, 0.000000000000000000, -0.000000000000000000 ) ) ;
#1295 = ORIENTED_EDGE ( 'NONE', *, *, #1230, .F. ) ;
#1296 = DIRECTION ( 'NONE',  ( 0.000000000000000000, 1.000000000000000000, 0.000000000000000000 ) ) ;
#1297 = ORIENTED_EDGE ( 'NONE', *, *, #4228, .F. ) ;
#1298 = VERTEX_POINT ( 'NONE', #1437 ) ;
#1299 = DIRECTION ( 'NONE',  ( 0.9483937310923197250, 0.000000000000000000, 0.3170951447512065924 ) ) ;
#1300 = LINE ( 'NONE', #4310, #1374 ) ;
#1301 = CARTESIAN_POINT ( 'NONE',  ( -0.9000000000000001332, 5.349999999999999645, 0.3000000119207000271 ) ) ;
#1302 = DIRECTION ( 'NONE',  ( 1.000000000000000000, 0.000000000000000000, 0.000000000000000000 ) ) ;
#1303 = ORIENTED_EDGE ( 'NONE', *, *, #4756, .T. ) ;
#1304 = CARTESIAN_POINT ( 'NONE',  ( 2.000000000000000000, 0.05000000000000000278, -0.4000000000000000777 ) ) ;
#1305 = CARTESIAN_POINT ( 'NONE',  ( 5.700000000000000178, 5.150000000000000355, 1.199999999999999956 ) ) ;
#1306 = EDGE_CURVE ( 'NONE', #409, #3798, #3994, .T. ) ;
#1307 = CARTESIAN_POINT ( 'NONE',  ( 1.300000000000000266, 0.000000000000000000, -2.250000000000000444 ) ) ;
#1308 = CARTESIAN_POINT ( 'NONE',  ( 5.549999999999903899, 0.04999999999992816441, -0.4000000000000000777 ) ) ;
#1309 = EDGE_LOOP ( 'NONE', ( #3514, #1369, #1860, #4295 ) ) ;
#1310 = EDGE_LOOP ( 'NONE', ( #1432, #3056 ) ) ;
#1311 = EDGE_CURVE ( 'NONE', #1316, #2946, #1415, .T. ) ;
#1312 = FACE_OUTER_BOUND ( 'NONE', #1640, .T. ) ;
#1313 = EDGE_CURVE ( 'NONE', #2764, #1743, #2807, .T. ) ;
#1314 = FACE_BOUND ( 'NONE', #1380, .T. ) ;
#1315 = DIRECTION ( 'NONE',  ( 1.000000000000000000, -0.000000000000000000, -0.000000000000000000 ) ) ;
#1316 = VERTEX_POINT ( 'NONE', #2912 ) ;
#1317 = CARTESIAN_POINT ( 'NONE',  ( -1.500000000000103473, 5.400000000000000355, -1.400000047683689797 ) ) ;
#1318 = CIRCLE ( 'NONE', #1778, 1.100000000000000311 ) ;
#1319 = AXIS2_PLACEMENT_3D ( 'NONE', #4739, #1100, #1147 ) ;
#1320 = VECTOR ( 'NONE', #1976, 1000.000000000000000 ) ;
#1321 = CARTESIAN_POINT ( 'NONE',  ( -1.600000000000000089, 2.750000000000000000, -3.486639386241999983 ) ) ;
#1322 = LINE ( 'NONE', #583, #4299 ) ;
#1323 = ORIENTED_EDGE ( 'NONE', *, *, #4166, .T. ) ;
#1324 = VECTOR ( 'NONE', #3633, 1000.000000000000000 ) ;
#1325 = LINE ( 'NONE', #2800, #2182 ) ;
#1326 = CARTESIAN_POINT ( 'NONE',  ( 2.700000000000000178, 0.5500000000000000444, -1.274999999999999911 ) ) ;
#1327 = ORIENTED_EDGE ( 'NONE', *, *, #2170, .F. ) ;
#1328 = FACE_OUTER_BOUND ( 'NONE', #3238, .T. ) ;
#1329 = DIRECTION ( 'NONE',  ( 0.000000000000000000, 0.000000000000000000, 1.000000000000000000 ) ) ;
#1330 = LINE ( 'NONE', #2809, #1427 ) ;
#1331 = CARTESIAN_POINT ( 'NONE',  ( -1.699999999999999956, 5.150000000000000355, 1.199999999999999956 ) ) ;
#1332 = ORIENTED_EDGE ( 'NONE', *, *, #4675, .F. ) ;
#1333 = VERTEX_POINT ( 'NONE', #674 ) ;
#1334 = VECTOR ( 'NONE', #112, 1000.000000000000000 ) ;
#1335 = CARTESIAN_POINT ( 'NONE',  ( 5.299999999999999822, 0.5000000000000000000, 1.500000000000000222 ) ) ;
#1336 = CARTESIAN_POINT ( 'NONE',  ( 2.700000000000000178, 0.000000000000000000, -3.125000000000000000 ) ) ;
#1337 = AXIS2_PLACEMENT_3D ( 'NONE', #3296, #3319, #7 ) ;
#1338 = LINE ( 'NONE', #1747, #1449 ) ;
#1339 = VERTEX_POINT ( 'NONE', #3634 ) ;
#1340 = VECTOR ( 'NONE', #230, 1000.000000000000000 ) ;
#1341 = CARTESIAN_POINT ( 'NONE',  ( -0.2999999999999383160, 5.450000000000000178, -1.750000000000085709 ) ) ;
#1342 = DIRECTION ( 'NONE',  ( 0.000000000000000000, 0.000000000000000000, 1.000000000000000000 ) ) ;
#1343 = CARTESIAN_POINT ( 'NONE',  ( -0.2999999999999999889, 5.400000000000000355, 0.7249999999999999778 ) ) ;
#1344 = ORIENTED_EDGE ( 'NONE', *, *, #3279, .F. ) ;
#1345 = DIRECTION ( 'NONE',  ( -0.000000000000000000, -1.000000000000000000, 0.000000000000000000 ) ) ;
#1346 = CARTESIAN_POINT ( 'NONE',  ( 5.549999999999847056, 0.04999999999985632604, -2.549999999999999822 ) ) ;
#1347 = ORIENTED_EDGE ( 'NONE', *, *, #151, .F. ) ;
#1348 = ADVANCED_FACE ( 'NONE', ( #2161 ), #1509, .F. ) ;
#1349 = EDGE_CURVE ( 'NONE', #713, #2499, #1841, .T. ) ;
#1350 = EDGE_CURVE ( 'NONE', #2124, #2092, #332, .T. ) ;
#1351 = PLANE ( 'NONE',  #318 ) ;
#1352 = LINE ( 'NONE', #294, #2731 ) ;
#1353 = ADVANCED_FACE ( 'NONE', ( #3656 ), #1821, .F. ) ;
#1354 = VECTOR ( 'NONE', #2475, 1000.000000000000000 ) ;
#1355 = CARTESIAN_POINT ( 'NONE',  ( -1.014893603325000004, 5.450000000000000178, -2.100000095367000164 ) ) ;
#1356 = ORIENTED_EDGE ( 'NONE', *, *, #3813, .F. ) ;
#1357 = CIRCLE ( 'NONE', #1977, 0.7500000000000002220 ) ;
#1358 = ORIENTED_EDGE ( 'NONE', *, *, #1960, .T. ) ;
#1359 = EDGE_CURVE ( 'NONE', #3647, #4279, #1483, .T. ) ;
#1360 = DIRECTION ( 'NONE',  ( 0.000000000000000000, 0.000000000000000000, -1.000000000000000000 ) ) ;
#1361 = DIRECTION ( 'NONE',  ( 0.000000000000000000, 0.000000000000000000, 1.000000000000000000 ) ) ;
#1362 = DIRECTION ( 'NONE',  ( 0.000000000000000000, -0.000000000000000000, 1.000000000000000000 ) ) ;
#1363 = EDGE_LOOP ( 'NONE', ( #2970, #4364, #3847 ) ) ;
#1364 = PLANE ( 'NONE',  #3649 ) ;
#1365 = ADVANCED_FACE ( 'NONE', ( #4086 ), #2979, .T. ) ;
#1366 =( BOUNDED_CURVE ( )  B_SPLINE_CURVE ( 3, ( #4143, #841, #2308, #961 ),
 .UNSPECIFIED., .F., .T. ) 
 B_SPLINE_CURVE_WITH_KNOTS ( ( 4, 4 ),
 ( 0.000000000000000000, 1.000000000000000000 ),
 .UNSPECIFIED. ) 
 CURVE ( )  GEOMETRIC_REPRESENTATION_ITEM ( )  RATIONAL_B_SPLINE_CURVE ( ( 1.000000000000000000, 0.3333333333329168147, 0.3333333333329168147, 1.000000000000000000 ) ) 
 REPRESENTATION_ITEM ( '' )  );
#1367 = DIRECTION ( 'NONE',  ( 0.000000000000000000, 0.000000000000000000, 1.000000000000000000 ) ) ;
#1368 = DIRECTION ( 'NONE',  ( 0.000000000000000000, 0.000000000000000000, 1.000000000000000000 ) ) ;
#1369 = ORIENTED_EDGE ( 'NONE', *, *, #2198, .T. ) ;
#1370 = DIRECTION ( 'NONE',  ( -8.340016712738614037E-17, 0.000000000000000000, -1.000000000000000000 ) ) ;
#1371 = CARTESIAN_POINT ( 'NONE',  ( 2.700000000000000178, 2.300000000358000118, -4.049999999999999822 ) ) ;
#1372 = ORIENTED_EDGE ( 'NONE', *, *, #1809, .F. ) ;
#1373 = CARTESIAN_POINT ( 'NONE',  ( 4.000000000000000000, 2.750000000000000000, 1.299999999730516720 ) ) ;
#1374 = VECTOR ( 'NONE', #241, 1000.000000000000000 ) ;
#1375 = LINE ( 'NONE', #4317, #1729 ) ;
#1376 = AXIS2_PLACEMENT_3D ( 'NONE', #303, #2497, #2906 ) ;
#1377 = EDGE_CURVE ( 'NONE', #2352, #2529, #1687, .T. ) ;
#1378 = DIRECTION ( 'NONE',  ( 0.000000000000000000, -1.000000000000000000, -0.000000000000000000 ) ) ;
#1379 = ORIENTED_EDGE ( 'NONE', *, *, #38, .T. ) ;
#1380 = EDGE_LOOP ( 'NONE', ( #2859, #835, #763, #1684 ) ) ;
#1381 = ORIENTED_EDGE ( 'NONE', *, *, #2080, .T. ) ;
#1382 = CARTESIAN_POINT ( 'NONE',  ( -1.500000000000000000, 5.400000000000000355, 0.3999999880790999773 ) ) ;
#1383 = CARTESIAN_POINT ( 'NONE',  ( 5.700000000000000178, 0.05000000000000003747, -3.500000000000000000 ) ) ;
#1384 = CARTESIAN_POINT ( 'NONE',  ( 5.700000000000000178, 5.150000000000000355, 1.200000000000000178 ) ) ;
#1385 = ORIENTED_EDGE ( 'NONE', *, *, #2027, .T. ) ;
#1386 = CARTESIAN_POINT ( 'NONE',  ( 0.000000000000000000, 2.750000000000000000, 0.8000000000000000444 ) ) ;
#1387 = DIRECTION ( 'NONE',  ( -0.000000000000000000, -0.000000000000000000, 1.000000000000000000 ) ) ;
#1388 = CARTESIAN_POINT ( 'NONE',  ( -0.2999999999999999889, 5.349999999999999645, -1.675000000000000044 ) ) ;
#1389 = ORIENTED_EDGE ( 'NONE', *, *, #770, .F. ) ;
#1390 = AXIS2_PLACEMENT_3D ( 'NONE', #4251, #945, #2418 ) ;
#1391 = VECTOR ( 'NONE', #479, 1000.000000000000000 ) ;
#1392 = LINE ( 'NONE', #2871, #407 ) ;
#1393 = DIRECTION ( 'NONE',  ( -0.7071067811854974128, -0.7071067811875975107, -0.000000000000000000 ) ) ;
#1394 = EDGE_LOOP ( 'NONE', ( #2816, #3297, #4488, #4729, #2904 ) ) ;
#1395 = CIRCLE ( 'NONE', #3400, 0.2999999999999999334 ) ;
#1396 = VECTOR ( 'NONE', #4727, 1000.000000000000000 ) ;
#1397 = LINE ( 'NONE', #2146, #2701 ) ;
#1398 = DIRECTION ( 'NONE',  ( -1.000000000000000000, 0.000000000000000000, 0.000000000000000000 ) ) ;
#1399 = EDGE_CURVE ( 'NONE', #2538, #1115, #602, .T. ) ;
#1400 = ADVANCED_FACE ( 'NONE', ( #3180 ), #1252, .T. ) ;
#1401 = ADVANCED_FACE ( 'NONE', ( #2722 ), #3472, .F. ) ;
#1402 = DIRECTION ( 'NONE',  ( 0.000000000000000000, 0.000000000000000000, 1.000000000000000000 ) ) ;
#1403 = ORIENTED_EDGE ( 'NONE', *, *, #993, .T. ) ;
#1404 = ORIENTED_EDGE ( 'NONE', *, *, #1349, .F. ) ;
#1405 = ORIENTED_EDGE ( 'NONE', *, *, #2350, .T. ) ;
#1406 = PRODUCT_RELATED_PRODUCT_CATEGORY ( 'part', '', ( #346 ) ) ;
#1407 = FACE_OUTER_BOUND ( 'NONE', #1630, .T. ) ;
#1408 = EDGE_CURVE ( 'NONE', #2020, #3027, #4193, .T. ) ;
#1409 = LINE ( 'NONE', #4731, #61 ) ;
#1410 = CARTESIAN_POINT ( 'NONE',  ( 5.786937359832102779, 5.487326708879827208, 1.199999999999999956 ) ) ;
#1411 = ORIENTED_EDGE ( 'NONE', *, *, #3859, .F. ) ;
#1412 = CARTESIAN_POINT ( 'NONE',  ( 1.300000000000000266, 0.000000000000000000, -2.750000000000000000 ) ) ;
#1413 = VECTOR ( 'NONE', #1143, 1000.000000000000000 ) ;
#1414 = CARTESIAN_POINT ( 'NONE',  ( 5.299999999999999822, 0.5500000000000000444, -1.856971445025206169 ) ) ;
#1415 = LINE ( 'NONE', #397, #2645 ) ;
#1416 = VECTOR ( 'NONE', #1296, 1000.000000000000000 ) ;
#1417 = ORIENTED_EDGE ( 'NONE', *, *, #715, .F. ) ;
#1418 = CARTESIAN_POINT ( 'NONE',  ( -0.2999999999999999889, 5.349999999999999645, -0.9000000238416999698 ) ) ;
#1419 = CARTESIAN_POINT ( 'NONE',  ( 1.300000000000000266, 0.5000000000000000000, -2.250000000000000444 ) ) ;
#1420 = ORIENTED_EDGE ( 'NONE', *, *, #4129, .F. ) ;
#1421 = EDGE_CURVE ( 'NONE', #3577, #4030, #4642, .T. ) ;
#1422 = LINE ( 'NONE', #1784, #1012 ) ;
#1423 = LINE ( 'NONE', #2648, #2065 ) ;
#1424 = ADVANCED_FACE ( 'NONE', ( #193 ), #1996, .T. ) ;
#1425 = CARTESIAN_POINT ( 'NONE',  ( -1.257446801661999958, 5.349999999999999645, -2.274999999999999911 ) ) ;
#1426 = ORIENTED_EDGE ( 'NONE', *, *, #1169, .F. ) ;
#1427 = VECTOR ( 'NONE', #4277, 1000.000000000000000 ) ;
#1428 = ORIENTED_EDGE ( 'NONE', *, *, #4292, .F. ) ;
#1429 = ORIENTED_EDGE ( 'NONE', *, *, #2597, .T. ) ;
#1430 = FACE_OUTER_BOUND ( 'NONE', #1219, .T. ) ;
#1431 = CARTESIAN_POINT ( 'NONE',  ( 4.000000000000000000, 2.750000000000000000, -3.500000000000000000 ) ) ;
#1432 = ORIENTED_EDGE ( 'NONE', *, *, #1435, .T. ) ;
#1433 = LINE ( 'NONE', #1818, #3418 ) ;
#1434 = CIRCLE ( 'NONE', #1284, 0.2999999999999999334 ) ;
#1435 = EDGE_CURVE ( 'NONE', #134, #718, #1797, .T. ) ;
#1436 = LINE ( 'NONE', #4331, #3172 ) ;
#1437 = CARTESIAN_POINT ( 'NONE',  ( 1.350000000000000089, 0.5500000000000749845, -0.4000000000000000222 ) ) ;
#1438 = ORIENTED_EDGE ( 'NONE', *, *, #1811, .T. ) ;
#1439 = CARTESIAN_POINT ( 'NONE',  ( 1.350000000000000089, 0.4000000000000000222, 0.5500000000000000444 ) ) ;
#1440 = EDGE_CURVE ( 'NONE', #626, #1941, #2749, .T. ) ;
#1441 = ORIENTED_EDGE ( 'NONE', *, *, #1544, .T. ) ;
#1442 = LINE ( 'NONE', #3616, #246 ) ;
#1443 = AXIS2_PLACEMENT_3D ( 'NONE', #3449, #140, #2333 ) ;
#1444 = DIRECTION ( 'NONE',  ( -1.000000000000000000, -0.000000000000000000, 0.000000000000000000 ) ) ;
#1445 = AXIS2_PLACEMENT_3D ( 'NONE', #1829, #3686, #4764 ) ;
#1446 = DIRECTION ( 'NONE',  ( 0.000000000000000000, 1.000000000000000000, 0.000000000000000000 ) ) ;
#1447 = AXIS2_PLACEMENT_3D ( 'NONE', #1024, #2886, #667 ) ;
#1448 = LINE ( 'NONE', #3261, #3703 ) ;
#1449 = VECTOR ( 'NONE', #2793, 1000.000000000000000 ) ;
#1450 = ORIENTED_EDGE ( 'NONE', *, *, #3700, .F. ) ;
#1451 = ORIENTED_EDGE ( 'NONE', *, *, #2823, .T. ) ;
#1452 = ADVANCED_FACE ( 'NONE', ( #240 ), #169, .T. ) ;
#1453 = DIRECTION ( 'NONE',  ( 1.000000000000000000, 0.000000000000000000, 0.000000000000000000 ) ) ;
#1454 = CARTESIAN_POINT ( 'NONE',  ( 5.912132034355964905, 5.150000000000000355, -3.412132034355964461 ) ) ;
#1455 = ORIENTED_EDGE ( 'NONE', *, *, #3460, .F. ) ;
#1456 = CARTESIAN_POINT ( 'NONE',  ( 5.025000000000001243, 0.2500000000000000000, -3.500000000000000000 ) ) ;
#1457 = EDGE_CURVE ( 'NONE', #1197, #3840, #2385, .T. ) ;
#1458 = EDGE_CURVE ( 'NONE', #4375, #2, #983, .T. ) ;
#1459 = DIRECTION ( 'NONE',  ( 0.000000000000000000, -0.000000000000000000, 1.000000000000000000 ) ) ;
#1460 = PLANE ( 'NONE',  #574 ) ;
#1461 = EDGE_LOOP ( 'NONE', ( #3182, #97, #1379, #690 ) ) ;
#1462 = PRODUCT ( 'AVX-00-9176-002-701-996', 'AVX-00-9176-002-701-996', '', ( #113 ) ) ;
#1463 = EDGE_CURVE ( 'NONE', #4279, #3894, #555, .T. ) ;
#1464 = CARTESIAN_POINT ( 'NONE',  ( 5.299999999999999822, 0.5500000000000000444, -1.274999999999999911 ) ) ;
#1465 = ORIENTED_EDGE ( 'NONE', *, *, #903, .F. ) ;
#1466 = DIRECTION ( 'NONE',  ( -0.9506452136281219323, -0.000000000000000000, -0.3102799990427071442 ) ) ;
#1467 = LINE ( 'NONE', #4000, #1493 ) ;
#1468 = CIRCLE ( 'NONE', #4765, 1.000000000000000000 ) ;
#1469 = VECTOR ( 'NONE', #4493, 1000.000000000000000 ) ;
#1470 = AXIS2_PLACEMENT_3D ( 'NONE', #2037, #949, #2810 ) ;
#1471 = CARTESIAN_POINT ( 'NONE',  ( -1.206382977962999981, 5.400000000000000355, -1.812500047684000082 ) ) ;
#1472 = AXIS2_PLACEMENT_3D ( 'NONE', #2119, #2184, #2160 ) ;
#1473 = DIRECTION ( 'NONE',  ( 0.000000000000000000, 1.000000000000000000, 0.000000000000000000 ) ) ;
#1474 = EDGE_LOOP ( 'NONE', ( #1625, #2069, #1585, #1072 ) ) ;
#1475 = VERTEX_POINT ( 'NONE', #3542 ) ;
#1476 = LINE ( 'NONE', #3361, #3302 ) ;
#1477 = CARTESIAN_POINT ( 'NONE',  ( -1.699999999999999956, 5.150000000000000355, 1.199999999999999956 ) ) ;
#1478 = ORIENTED_EDGE ( 'NONE', *, *, #2202, .F. ) ;
#1479 = DIRECTION ( 'NONE',  ( 1.000000000000000000, 0.000000000000000000, -0.000000000000000000 ) ) ;
#1480 = EDGE_CURVE ( 'NONE', #2580, #4602, #322, .T. ) ;
#1481 = CARTESIAN_POINT ( 'NONE',  ( -1.700000000000000178, 5.362132034355963306, 1.412132034355964239 ) ) ;
#1482 = DIRECTION ( 'NONE',  ( -1.000000000000000000, -0.000000000000000000, -0.000000000000000000 ) ) ;
#1483 = LINE ( 'NONE', #2955, #1413 ) ;
#1484 = ORIENTED_EDGE ( 'NONE', *, *, #505, .T. ) ;
#1485 = CARTESIAN_POINT ( 'NONE',  ( -1.877052006648531890, 5.362132034355964194, -3.412132034355964461 ) ) ;
#1486 = VERTEX_POINT ( 'NONE', #4244 ) ;
#1487 = AXIS2_PLACEMENT_3D ( 'NONE', #1123, #2188, #3345 ) ;
#1488 = CARTESIAN_POINT ( 'NONE',  ( -1.300000000000000266, 0.5000000000000000000, -3.500000000000000000 ) ) ;
#1489 = CARTESIAN_POINT ( 'NONE',  ( 5.912132034355965793, 5.150000000000000355, -3.412132034355965349 ) ) ;
#1490 = VECTOR ( 'NONE', #2889, 1000.000000000000000 ) ;
#1491 = EDGE_CURVE ( 'NONE', #155, #3363, #1552, .T. ) ;
#1492 = EDGE_CURVE ( 'NONE', #1651, #175, #2048, .T. ) ;
#1493 = VECTOR ( 'NONE', #1850, 1000.000000000000000 ) ;
#1494 = EDGE_CURVE ( 'NONE', #3751, #1173, #3518, .T. ) ;
#1495 = CARTESIAN_POINT ( 'NONE',  ( 1.300000000000000266, 2.794000000000000039, -3.750000000000000000 ) ) ;
#1496 = CARTESIAN_POINT ( 'NONE',  ( -1.699999999999999956, -0.05199999999999999761, 1.199999999999999956 ) ) ;
#1497 = DIRECTION ( 'NONE',  ( 0.000000000000000000, 1.000000000000000000, 0.000000000000000000 ) ) ;
#1498 = ORIENTED_EDGE ( 'NONE', *, *, #1281, .T. ) ;
#1499 = ORIENTED_EDGE ( 'NONE', *, *, #3460, .T. ) ;
#1500 = LINE ( 'NONE', #4077, #4525 ) ;
#1501 = DIRECTION ( 'NONE',  ( -0.000000000000000000, 0.000000000000000000, -1.000000000000000000 ) ) ;
#1502 = ORIENTED_EDGE ( 'NONE', *, *, #4225, .T. ) ;
#1503 = CARTESIAN_POINT ( 'NONE',  ( -1.300000000000000266, 1.000000000000000000, -2.750000000000000000 ) ) ;
#1504 = EDGE_CURVE ( 'NONE', #2992, #3854, #3867, .T. ) ;
#1505 = VECTOR ( 'NONE', #4474, 1000.000000000000114 ) ;
#1506 = DIRECTION ( 'NONE',  ( 0.000000000000000000, 0.000000000000000000, -1.000000000000000000 ) ) ;
#1507 = VECTOR ( 'NONE', #2394, 1000.000000000000000 ) ;
#1508 = LINE ( 'NONE', #442, #2400 ) ;
#1509 = PLANE ( 'NONE',  #3422 ) ;
#1510 = ORIENTED_EDGE ( 'NONE', *, *, #3970, .F. ) ;
#1511 = ADVANCED_FACE ( 'NONE', ( #2911 ), #2207, .F. ) ;
#1512 = ORIENTED_EDGE ( 'NONE', *, *, #429, .F. ) ;
#1513 = EDGE_CURVE ( 'NONE', #4620, #74, #2566, .T. ) ;
#1514 = CARTESIAN_POINT ( 'NONE',  ( -1.699999999999999289, 5.360123345235142445, -2.985878119317074475 ) ) ;
#1515 = APPLICATION_PROTOCOL_DEFINITION ( 'draft international standard', 'automotive_design', 1998, #2476 ) ;
#1516 = ORIENTED_EDGE ( 'NONE', *, *, #4756, .F. ) ;
#1517 = DIRECTION ( 'NONE',  ( -0.8109606669984994465, 0.000000000000000000, 0.5851006721764631102 ) ) ;
#1518 = CARTESIAN_POINT ( 'NONE',  ( -1.700000000000000178, 0.05000000000008011231, -3.500000000000000000 ) ) ;
#1519 = EDGE_CURVE ( 'NONE', #60, #277, #331, .T. ) ;
#1520 = DIRECTION ( 'NONE',  ( 1.000000000000000000, 0.000000000000000000, 0.000000000000000000 ) ) ;
#1521 = LINE ( 'NONE', #4361, #2917 ) ;
#1522 = EDGE_CURVE ( 'NONE', #3747, #552, #2867, .T. ) ;
#1523 = LINE ( 'NONE', #3788, #1391 ) ;
#1524 = VERTEX_POINT ( 'NONE', #2481 ) ;
#1525 = VERTEX_POINT ( 'NONE', #309 ) ;
#1526 = FACE_OUTER_BOUND ( 'NONE', #447, .T. ) ;
#1527 = CARTESIAN_POINT ( 'NONE',  ( 5.299999999999999822, 2.749999999999594102, -4.049999999999999822 ) ) ;
#1528 = VERTEX_POINT ( 'NONE', #4309 ) ;
#1529 = PLANE ( 'NONE',  #1036 ) ;
#1530 = VECTOR ( 'NONE', #598, 1000.000000000000000 ) ;
#1531 = VERTEX_POINT ( 'NONE', #3971 ) ;
#1532 = FACE_OUTER_BOUND ( 'NONE', #2633, .T. ) ;
#1533 = CARTESIAN_POINT ( 'NONE',  ( 5.100000000000000533, 2.750000000000000000, 0.8000000000000000444 ) ) ;
#1534 = ORIENTED_EDGE ( 'NONE', *, *, #3223, .T. ) ;
#1535 = ORIENTED_EDGE ( 'NONE', *, *, #4076, .T. ) ;
#1536 = CARTESIAN_POINT ( 'NONE',  ( -1.700000000000000400, 5.236937359832101180, -3.537326708879827475 ) ) ;
#1537 = VERTEX_POINT ( 'NONE', #1095 ) ;
#1538 = ORIENTED_EDGE ( 'NONE', *, *, #4584, .F. ) ;
#1539 = LINE ( 'NONE', #4142, #1851 ) ;
#1540 = FACE_OUTER_BOUND ( 'NONE', #305, .T. ) ;
#1541 = DIRECTION ( 'NONE',  ( 0.000000000000000000, 0.000000000000000000, 1.000000000000000000 ) ) ;
#1542 = LINE ( 'NONE', #4528, #1888 ) ;
#1543 = AXIS2_PLACEMENT_3D ( 'NONE', #3257, #2553, #4721 ) ;
#1544 = EDGE_CURVE ( 'NONE', #2204, #931, #716, .T. ) ;
#1545 = CARTESIAN_POINT ( 'NONE',  ( 5.349999999999999645, 0.4000000000000000222, 0.5500000000000000444 ) ) ;
#1546 = EDGE_LOOP ( 'NONE', ( #4217, #1323, #1554, #2518 ) ) ;
#1547 = ORIENTED_EDGE ( 'NONE', *, *, #4615, .F. ) ;
#1548 = SHAPE_REPRESENTATION ( 'AVX-00-9176-002-701-996', ( #1627, #1319 ), #2785 ) ;
#1549 = AXIS2_PLACEMENT_3D ( 'NONE', #1995, #525, #3471 ) ;
#1550 = EDGE_CURVE ( 'NONE', #996, #284, #2843, .T. ) ;
#1551 = DIRECTION ( 'NONE',  ( 0.000000000000000000, 0.000000000000000000, 1.000000000000000000 ) ) ;
#1552 = CIRCLE ( 'NONE', #2016, 0.7500000000000002220 ) ;
#1553 = DIRECTION ( 'NONE',  ( -0.000000000000000000, -1.000000000000000000, -0.000000000000000000 ) ) ;
#1554 = ORIENTED_EDGE ( 'NONE', *, *, #1457, .T. ) ;
#1555 = DIRECTION ( 'NONE',  ( 0.000000000000000000, -0.000000000000000000, 1.000000000000000000 ) ) ;
#1556 = ORIENTED_EDGE ( 'NONE', *, *, #36, .F. ) ;
#1557 = EDGE_CURVE ( 'NONE', #3332, #423, #4689, .T. ) ;
#1558 = DIRECTION ( 'NONE',  ( -0.000000000000000000, -1.000000000000000000, -0.000000000000000000 ) ) ;
#1559 = PLANE ( 'NONE',  #1164 ) ;
#1560 = DIRECTION ( 'NONE',  ( 0.000000000000000000, 1.000000000000000000, 0.000000000000000000 ) ) ;
#1561 = VERTEX_POINT ( 'NONE', #376 ) ;
#1562 = CARTESIAN_POINT ( 'NONE',  ( -1.877052006648532112, 5.288794691956771210, -3.485469376755158777 ) ) ;
#1563 = ORIENTED_EDGE ( 'NONE', *, *, #3428, .T. ) ;
#1564 = ORIENTED_EDGE ( 'NONE', *, *, #347, .F. ) ;
#1565 = DIRECTION ( 'NONE',  ( 0.8109604400573264815, 0.000000000000000000, -0.5851009867211192095 ) ) ;
#1566 = DIRECTION ( 'NONE',  ( -0.000000000000000000, 1.000000000000000000, 0.000000000000000000 ) ) ;
#1567 = DIRECTION ( 'NONE',  ( 0.000000000000000000, -1.000000000000000000, -0.000000000000000000 ) ) ;
#1568 = FACE_OUTER_BOUND ( 'NONE', #3621, .T. ) ;
#1569 = VECTOR ( 'NONE', #3153, 1000.000000000000114 ) ;
#1570 = EDGE_CURVE ( 'NONE', #162, #4363, #738, .T. ) ;
#1571 = DIRECTION ( 'NONE',  ( 0.7071067811854974128, -0.7071067811875975107, -0.000000000000000000 ) ) ;
#1572 = DIRECTION ( 'NONE',  ( -1.000000000000000000, -0.000000000000000000, -0.000000000000000000 ) ) ;
#1573 = VECTOR ( 'NONE', #3699, 1000.000000000000000 ) ;
#1574 = EDGE_CURVE ( 'NONE', #975, #2580, #251, .T. ) ;
#1575 = PLANE ( 'NONE',  #3315 ) ;
#1576 = VERTEX_POINT ( 'NONE', #1840 ) ;
#1577 = EDGE_LOOP ( 'NONE', ( #1863, #586, #2440, #1616, #1484 ) ) ;
#1578 = DIRECTION ( 'NONE',  ( 1.000000000000000000, 0.000000000000000000, 0.000000000000000000 ) ) ;
#1579 = DIRECTION ( 'NONE',  ( 0.000000000000000000, 0.000000000000000000, -1.000000000000000000 ) ) ;
#1580 = LINE ( 'NONE', #3045, #2729 ) ;
#1581 = ORIENTED_EDGE ( 'NONE', *, *, #704, .T. ) ;
#1582 = CARTESIAN_POINT ( 'NONE',  ( -1.803714664249338906, 5.236937359832100292, 1.537326708879826809 ) ) ;
#1583 = CARTESIAN_POINT ( 'NONE',  ( -0.2999999999999603539, 5.450000000000000178, -1.600000000000057154 ) ) ;
#1584 = ORIENTED_EDGE ( 'NONE', *, *, #3823, .F. ) ;
#1585 = ORIENTED_EDGE ( 'NONE', *, *, #754, .F. ) ;
#1586 = AXIS2_PLACEMENT_3D ( 'NONE', #1477, #756, #328 ) ;
#1587 = CARTESIAN_POINT ( 'NONE',  ( -1.877052006648532778, 5.362132034355965082, -3.412132034355964905 ) ) ;
#1588 = EDGE_CURVE ( 'NONE', #4463, #2519, #4735, .T. ) ;
#1589 = VERTEX_POINT ( 'NONE', #1414 ) ;
#1590 = ORIENTED_EDGE ( 'NONE', *, *, #963, .F. ) ;
#1591 = VECTOR ( 'NONE', #152, 1000.000000000000000 ) ;
#1592 = PLANE ( 'NONE',  #1549 ) ;
#1593 = CARTESIAN_POINT ( 'NONE',  ( 5.700000000000000178, 5.150000000000000355, -3.287999999999999812 ) ) ;
#1594 = FACE_OUTER_BOUND ( 'NONE', #67, .T. ) ;
#1595 = CARTESIAN_POINT ( 'NONE',  ( -1.053191488980999901, 5.450000000000000178, 0.2999999850989999994 ) ) ;
#1596 = ADVANCED_FACE ( 'NONE', ( #4668 ), #3993, .F. ) ;
#1597 = AXIS2_PLACEMENT_3D ( 'NONE', #2376, #3824, #185 ) ;
#1598 = LINE ( 'NONE', #3064, #3241 ) ;
#1599 = PLANE ( 'NONE',  #2899 ) ;
#1600 = DIRECTION ( 'NONE',  ( 1.000000000000000000, 0.000000000000000000, -0.000000000000000000 ) ) ;
#1601 = ORIENTED_EDGE ( 'NONE', *, *, #1918, .T. ) ;
#1602 = LINE ( 'NONE', #1653, #4663 ) ;
#1603 = CARTESIAN_POINT ( 'NONE',  ( 3.350000000000000089, 0.000000000000000000, -3.125000000000000000 ) ) ;
#1604 = LINE ( 'NONE', #3436, #3573 ) ;
#1605 = ADVANCED_FACE ( 'NONE', ( #692 ), #1820, .T. ) ;
#1606 = ORIENTED_EDGE ( 'NONE', *, *, #2468, .F. ) ;
#1607 = VECTOR ( 'NONE', #1096, 1000.000000000000000 ) ;
#1608 = CARTESIAN_POINT ( 'NONE',  ( 5.700000000000000178, 5.150000000000000355, -3.200000000000000178 ) ) ;
#1609 = CARTESIAN_POINT ( 'NONE',  ( -1.500000000000000000, 5.349999999999999645, -1.675000000000000044 ) ) ;
#1610 = ORIENTED_EDGE ( 'NONE', *, *, #13, .F. ) ;
#1611 = AXIS2_PLACEMENT_3D ( 'NONE', #3244, #3966, #4346 ) ;
#1612 = VERTEX_POINT ( 'NONE', #1798 ) ;
#1613 = CARTESIAN_POINT ( 'NONE',  ( -0.7085106253623294492, 5.450000000000000178, 0.07499997615812283025 ) ) ;
#1614 = AXIS2_PLACEMENT_3D ( 'NONE', #2741, #1560, #1244 ) ;
#1615 = EDGE_CURVE ( 'NONE', #1068, #885, #3251, .T. ) ;
#1616 = ORIENTED_EDGE ( 'NONE', *, *, #4177, .T. ) ;
#1617 = ORIENTED_EDGE ( 'NONE', *, *, #4274, .T. ) ;
#1618 = EDGE_CURVE ( 'NONE', #908, #2499, #4373, .T. ) ;
#1619 = CARTESIAN_POINT ( 'NONE',  ( -1.350000000000000089, 0.4000000000000000222, -3.500000000000000000 ) ) ;
#1620 = CARTESIAN_POINT ( 'NONE',  ( -2.000000000000000000, 5.150000000000000355, 1.288000000000000034 ) ) ;
#1621 = CARTESIAN_POINT ( 'NONE',  ( 6.037326708879827031, 5.236937359832101180, 1.200000000000000400 ) ) ;
#1622 = DIRECTION ( 'NONE',  ( -1.000000000000000000, -0.000000000000000000, -0.000000000000000000 ) ) ;
#1623 = FACE_OUTER_BOUND ( 'NONE', #2746, .T. ) ;
#1624 = CARTESIAN_POINT ( 'NONE',  ( -1.449999999999999956, 0.1499999999999999944, -0.4000000000000000777 ) ) ;
#1625 = ORIENTED_EDGE ( 'NONE', *, *, #1084, .T. ) ;
#1626 = CARTESIAN_POINT ( 'NONE',  ( 5.700000000000000178, 5.450000000000000178, -1.000000000000000000 ) ) ;
#1627 = AXIS2_PLACEMENT_3D ( 'NONE', #4467, #2550, #2593 ) ;
#1628 = CARTESIAN_POINT ( 'NONE',  ( -2.000000000000000000, 2.600000000000000533, -1.000000000000000000 ) ) ;
#1629 = DIRECTION ( 'NONE',  ( 0.000000000000000000, 0.000000000000000000, -1.000000000000000000 ) ) ;
#1630 = EDGE_LOOP ( 'NONE', ( #2399, #4429, #3288, #652 ) ) ;
#1631 = VECTOR ( 'NONE', #1517, 1000.000000000000114 ) ;
#1632 = EDGE_LOOP ( 'NONE', ( #3214, #110 ) ) ;
#1633 = LINE ( 'NONE', #210, #3212 ) ;
#1634 = CARTESIAN_POINT ( 'NONE',  ( -1.206382977962999981, 5.349999999999999645, -2.387500000000000178 ) ) ;
#1635 = CARTESIAN_POINT ( 'NONE',  ( 1.549999999999846612, 0.04999999999985632604, -2.549999999999999822 ) ) ;
#1636 = ORIENTED_EDGE ( 'NONE', *, *, #728, .T. ) ;
#1637 = EDGE_CURVE ( 'NONE', #3055, #414, #1436, .T. ) ;
#1638 = CARTESIAN_POINT ( 'NONE',  ( 5.299999999999999822, 1.000000000000000000, 0.7500000000000000000 ) ) ;
#1639 = ORIENTED_EDGE ( 'NONE', *, *, #4449, .T. ) ;
#1640 = EDGE_LOOP ( 'NONE', ( #46, #4457, #3417, #3880 ) ) ;
#1641 = DIRECTION ( 'NONE',  ( -0.000000000000000000, -1.000000000000000000, -0.000000000000000000 ) ) ;
#1642 = CARTESIAN_POINT ( 'NONE',  ( 5.299999999999999822, 2.794000000000000039, -3.750000000000000000 ) ) ;
#1643 = CARTESIAN_POINT ( 'NONE',  ( 2.700000000000000178, 1.000000000000000000, -2.750000000000000000 ) ) ;
#1644 = CARTESIAN_POINT ( 'NONE',  ( 5.985469376755158777, 5.288794691956770322, 1.377052006648532112 ) ) ;
#1645 = DIRECTION ( 'NONE',  ( 0.000000000000000000, 0.000000000000000000, 1.000000000000000000 ) ) ;
#1646 = VERTEX_POINT ( 'NONE', #673 ) ;
#1647 = DIRECTION ( 'NONE',  ( -1.000000000000000000, -0.000000000000000000, -0.000000000000000000 ) ) ;
#1648 = DIRECTION ( 'NONE',  ( 0.000000000000000000, 0.000000000000000000, 1.000000000000000000 ) ) ;
#1649 = ADVANCED_FACE ( 'NONE', ( #2140 ), #1074, .T. ) ;
#1650 = EDGE_CURVE ( 'NONE', #3493, #1537, #858, .T. ) ;
#1651 = VERTEX_POINT ( 'NONE', #2978 ) ;
#1652 = AXIS2_PLACEMENT_3D ( 'NONE', #3886, #2485, #2848 ) ;
#1653 = CARTESIAN_POINT ( 'NONE',  ( 2.649999999999999911, 0.4000000000000000222, -0.4000000000000000777 ) ) ;
#1654 = LINE ( 'NONE', #3870, #4169 ) ;
#1655 = ORIENTED_EDGE ( 'NONE', *, *, #1399, .F. ) ;
#1656 = EDGE_LOOP ( 'NONE', ( #4538, #223, #4595, #1606, #1834, #2378 ) ) ;
#1657 = DIRECTION ( 'NONE',  ( -0.000000000000000000, 1.000000000000000000, 0.000000000000000000 ) ) ;
#1658 = DIRECTION ( 'NONE',  ( -0.7071067811854974128, 0.7071067811875975107, 0.000000000000000000 ) ) ;
#1659 = LINE ( 'NONE', #1000, #1354 ) ;
#1660 = EDGE_LOOP ( 'NONE', ( #3850, #1288, #3940, #4164, #2368, #669 ) ) ;
#1661 = LINE ( 'NONE', #2817, #3189 ) ;
#1662 = ORIENTED_EDGE ( 'NONE', *, *, #1311, .F. ) ;
#1663 = ORIENTED_EDGE ( 'NONE', *, *, #1733, .T. ) ;
#1664 = DIRECTION ( 'NONE',  ( 1.000000000000000000, -0.000000000000000000, 0.000000000000000000 ) ) ;
#1665 = FACE_OUTER_BOUND ( 'NONE', #3995, .T. ) ;
#1666 = EDGE_CURVE ( 'NONE', #3363, #1148, #1508, .T. ) ;
#1667 = DIRECTION ( 'NONE',  ( -1.000000000000000000, 0.000000000000000000, -0.000000000000000000 ) ) ;
#1668 = LINE ( 'NONE', #4197, #553 ) ;
#1669 = ORIENTED_EDGE ( 'NONE', *, *, #3610, .F. ) ;
#1670 = VECTOR ( 'NONE', #1064, 1000.000000000000114 ) ;
#1671 = DIRECTION ( 'NONE',  ( -0.000000000000000000, 0.000000000000000000, -1.000000000000000000 ) ) ;
#1672 = DIRECTION ( 'NONE',  ( 1.000000000000000000, -0.000000000000000000, -0.000000000000000000 ) ) ;
#1673 = EDGE_CURVE ( 'NONE', #414, #2664, #3632, .T. ) ;
#1674 = ORIENTED_EDGE ( 'NONE', *, *, #4399, .T. ) ;
#1675 = DIRECTION ( 'NONE',  ( 0.000000000000000000, 1.000000000000000000, 0.000000000000000000 ) ) ;
#1676 = ADVANCED_FACE ( 'NONE', ( #2326 ), #3745, .F. ) ;
#1677 = DIRECTION ( 'NONE',  ( 0.000000000000000000, 1.000000000000000000, 0.000000000000000000 ) ) ;
#1678 = ORIENTED_EDGE ( 'NONE', *, *, #4001, .F. ) ;
#1679 = ORIENTED_EDGE ( 'NONE', *, *, #2061, .F. ) ;
#1680 = AXIS2_PLACEMENT_3D ( 'NONE', #89, #4168, #1253 ) ;
#1681 = DIRECTION ( 'NONE',  ( 0.7071067811867590702, 0.7071067811863359642, 0.000000000000000000 ) ) ;
#1682 = CARTESIAN_POINT ( 'NONE',  ( -2.000000000000000000, 0.05000000000000000278, -2.549999999999999822 ) ) ;
#1683 = DIRECTION ( 'NONE',  ( 1.000000000000000000, 0.000000000000000000, 0.000000000000000000 ) ) ;
#1684 = ORIENTED_EDGE ( 'NONE', *, *, #798, .F. ) ;
#1685 = CARTESIAN_POINT ( 'NONE',  ( -0.2999999999999999334, 5.450000000000000178, -0.04999997615809002177 ) ) ;
#1686 = AXIS2_PLACEMENT_3D ( 'NONE', #538, #2009, #3844 ) ;
#1687 = LINE ( 'NONE', #624, #4105 ) ;
#1688 = DIRECTION ( 'NONE',  ( -0.000000000000000000, -0.000000000000000000, -1.000000000000000000 ) ) ;
#1689 = ORIENTED_EDGE ( 'NONE', *, *, #2720, .F. ) ;
#1690 = LINE ( 'NONE', #243, #1950 ) ;
#1691 = DIRECTION ( 'NONE',  ( 0.000000000000000000, 0.000000000000000000, 1.000000000000000000 ) ) ;
#1692 = ORIENTED_EDGE ( 'NONE', *, *, #1149, .T. ) ;
#1693 = CARTESIAN_POINT ( 'NONE',  ( 1.600000000003996004, 5.950000000003000444, -3.925735931288071967 ) ) ;
#1694 = DIRECTION ( 'NONE',  ( -0.000000000000000000, -1.000000000000000000, 0.000000000000000000 ) ) ;
#1695 = DIRECTION ( 'NONE',  ( 0.000000000000000000, 0.000000000000000000, 1.000000000000000000 ) ) ;
#1696 = DIRECTION ( 'NONE',  ( -1.000000000000000000, 0.000000000000000000, 0.000000000000000000 ) ) ;
#1697 = ORIENTED_EDGE ( 'NONE', *, *, #3987, .T. ) ;
#1698 = VERTEX_POINT ( 'NONE', #1866 ) ;
#1699 = AXIS2_PLACEMENT_3D ( 'NONE', #2801, #3931, #1691 ) ;
#1700 = CARTESIAN_POINT ( 'NONE',  ( -1.350000000000099343, 0.2499999999999991396, -0.4000000000000000777 ) ) ;
#1701 = DIRECTION ( 'NONE',  ( 0.8100984768635948186, 0.000000000000000000, 0.5862938322916961820 ) ) ;
#1702 = CARTESIAN_POINT ( 'NONE',  ( -0.9000000000003000045, 5.349999999999999645, 1.192103859653999985E-08 ) ) ;
#1703 = ORIENTED_EDGE ( 'NONE', *, *, #2267, .T. ) ;
#1704 = CARTESIAN_POINT ( 'NONE',  ( -0.7500000000000000000, 0.5000000000000000000, 1.500000000000000000 ) ) ;
#1705 = AXIS2_PLACEMENT_3D ( 'NONE', #2465, #587, #2056 ) ;
#1706 = AXIS2_PLACEMENT_3D ( 'NONE', #4396, #3277, #4020 ) ;
#1707 = EDGE_CURVE ( 'NONE', #3679, #2020, #4391, .T. ) ;
#1708 =( BOUNDED_SURFACE ( )  B_SPLINE_SURFACE ( 3, 3, ( 
 ( #1228, #3782, #2387, #3755 ),
 ( #1278, #1644, #1975, #1621 ),
 ( #3497, #2026, #475, #1998 ),
 ( #916, #3450, #4246, #3036 ) ),
 .UNSPECIFIED., .F., .F., .T. ) 
 B_SPLINE_SURFACE_WITH_KNOTS ( ( 4, 4 ),
 ( 4, 4 ),
 ( 0.000000000000000000, 1.000000000000000000 ),
 ( 0.000000000000000000, 1.000000000000000000 ),
 .UNSPECIFIED. ) 
 GEOMETRIC_REPRESENTATION_ITEM ( )  RATIONAL_B_SPLINE_SURFACE ( (
 ( 1.000000000000000000, 0.8047378541243647154, 0.8047378541243647154, 1.000000000000000000),
 ( 0.8025111867385934517, 0.6458111303268130321, 0.6458111303268130321, 0.8025111867385934517),
 ( 0.8025111867385934517, 0.6458111303268130321, 0.6458111303268130321, 0.8025111867385934517),
 ( 1.000000000000000000, 0.8047378541243647154, 0.8047378541243647154, 1.000000000000000000) ) ) 
 REPRESENTATION_ITEM ( '' )  SURFACE ( )  );
#1709 = VECTOR ( 'NONE', #1645, 1000.000000000000000 ) ;
#1710 = DIRECTION ( 'NONE',  ( -0.000000000000000000, 1.000000000000000000, -0.000000000000000000 ) ) ;
#1711 = FACE_OUTER_BOUND ( 'NONE', #2670, .T. ) ;
#1712 = ORIENTED_EDGE ( 'NONE', *, *, #3561, .T. ) ;
#1713 = AXIS2_PLACEMENT_3D ( 'NONE', #354, #2527, #2544 ) ;
#1714 = DIRECTION ( 'NONE',  ( 0.9486833037050929063, 0.000000000000000000, -0.3162277490530996937 ) ) ;
#1715 = CARTESIAN_POINT ( 'NONE',  ( -2.000000000000000000, 0.05000000000000004441, -0.4000000000000000222 ) ) ;
#1716 = EDGE_LOOP ( 'NONE', ( #4568, #1438, #232, #4691 ) ) ;
#1717 = CYLINDRICAL_SURFACE ( 'NONE', #771, 0.2999999999999999334 ) ;
#1718 = PLANE ( 'NONE',  #2341 ) ;
#1719 = DIRECTION ( 'NONE',  ( -1.000000000000000000, -0.000000000000000000, 0.000000000000000000 ) ) ;
#1720 = VERTEX_POINT ( 'NONE', #1171 ) ;
#1721 = EDGE_LOOP ( 'NONE', ( #2835, #3776, #4138, #2266, #2605 ) ) ;
#1722 = AXIS2_PLACEMENT_3D ( 'NONE', #135, #4139, #3773 ) ;
#1723 = CARTESIAN_POINT ( 'NONE',  ( -0.6500000000000001332, 0.000000000000000000, -3.125000000000000000 ) ) ;
#1724 = CARTESIAN_POINT ( 'NONE',  ( -1.499999999999982236, 5.400000000000000355, -0.5499999999999476419 ) ) ;
#1725 = CARTESIAN_POINT ( 'NONE',  ( 6.000000000000000000, 2.600000000000000533, -3.200000000000000178 ) ) ;
#1726 = ORIENTED_EDGE ( 'NONE', *, *, #1618, .T. ) ;
#1727 = VECTOR ( 'NONE', #1629, 1000.000000000000000 ) ;
#1728 = DIRECTION ( 'NONE',  ( 0.9506452082486437360, 0.000000000000000000, 0.3102800155245142855 ) ) ;
#1729 = VECTOR ( 'NONE', #1016, 1000.000000000000000 ) ;
#1730 = CARTESIAN_POINT ( 'NONE',  ( 5.700000000000000178, 0.05000000000016015939, 1.199999999999999956 ) ) ;
#1731 = DIRECTION ( 'NONE',  ( 0.000000000000000000, -0.000000000000000000, 1.000000000000000000 ) ) ;
#1732 = ORIENTED_EDGE ( 'NONE', *, *, #158, .T. ) ;
#1733 = EDGE_CURVE ( 'NONE', #3157, #300, #3318, .T. ) ;
#1734 = DIRECTION ( 'NONE',  ( -0.000000000000000000, 1.000000000000000000, 0.000000000000000000 ) ) ;
#1735 = LINE ( 'NONE', #1326, #3935 ) ;
#1736 = VERTEX_POINT ( 'NONE', #4059 ) ;
#1737 = CARTESIAN_POINT ( 'NONE',  ( -0.7085106253623912886, 5.349999999999999645, 0.5249999940396236076 ) ) ;
#1738 = CARTESIAN_POINT ( 'NONE',  ( -0.9765957444903998752, 5.400000000000000355, -1.074999999999999956 ) ) ;
#1739 = VECTOR ( 'NONE', #2709, 1000.000000000000000 ) ;
#1740 = AXIS2_PLACEMENT_3D ( 'NONE', #3790, #2343, #3817 ) ;
#1741 = DIRECTION ( 'NONE',  ( -1.000000000000000000, -0.000000000000000000, 0.000000000000000000 ) ) ;
#1742 = ORIENTED_EDGE ( 'NONE', *, *, #4109, .T. ) ;
#1743 = VERTEX_POINT ( 'NONE', #2230 ) ;
#1744 = VERTEX_POINT ( 'NONE', #1583 ) ;
#1745 = LINE ( 'NONE', #3218, #976 ) ;
#1746 = LINE ( 'NONE', #3219, #3226 ) ;
#1747 = CARTESIAN_POINT ( 'NONE',  ( -2.000000000000000000, 0.5500000000000001554, -1.000000000000000000 ) ) ;
#1748 = ORIENTED_EDGE ( 'NONE', *, *, #505, .F. ) ;
#1749 = ADVANCED_FACE ( 'NONE', ( #1914 ), #1559, .T. ) ;
#1750 = CARTESIAN_POINT ( 'NONE',  ( 4.650000000000000355, 0.000000000000000000, 1.500000000000000000 ) ) ;
#1751 = CARTESIAN_POINT ( 'NONE',  ( 3.350000000000000089, 0.000000000000000000, 1.125000000000000222 ) ) ;
#1752 = CARTESIAN_POINT ( 'NONE',  ( 4.000000000000000000, -0.01000000000000000021, -3.500000000000000000 ) ) ;
#1753 = ORIENTED_EDGE ( 'NONE', *, *, #1359, .T. ) ;
#1754 = DIRECTION ( 'NONE',  ( -1.000000000000000000, -0.000000000000000000, -0.000000000000000000 ) ) ;
#1755 = EDGE_CURVE ( 'NONE', #1848, #519, #3341, .T. ) ;
#1756 = CARTESIAN_POINT ( 'NONE',  ( -0.6063829779624999583, 5.349999999999999645, -1.812500047684000082 ) ) ;
#1757 = ORIENTED_EDGE ( 'NONE', *, *, #3113, .F. ) ;
#1758 = EDGE_CURVE ( 'NONE', #540, #1698, #782, .T. ) ;
#1759 = CARTESIAN_POINT ( 'NONE',  ( 1.300000000003248557, 5.350000000002437694, -4.049999999999999822 ) ) ;
#1760 = VECTOR ( 'NONE', #1731, 1000.000000000000000 ) ;
#1761 = DIRECTION ( 'NONE',  ( 0.000000000000000000, -0.000000000000000000, -1.000000000000000000 ) ) ;
#1762 = VECTOR ( 'NONE', #3076, 1000.000000000000000 ) ;
#1763 = EDGE_CURVE ( 'NONE', #4602, #2204, #4486, .T. ) ;
#1764 = ADVANCED_FACE ( 'NONE', ( #2954 ), #27, .T. ) ;
#1765 = DIRECTION ( 'NONE',  ( 0.000000000000000000, 1.000000000000000000, 0.000000000000000000 ) ) ;
#1766 = ORIENTED_EDGE ( 'NONE', *, *, #2965, .T. ) ;
#1767 = ORIENTED_EDGE ( 'NONE', *, *, #361, .F. ) ;
#1768 = EDGE_LOOP ( 'NONE', ( #4657, #4348, #3932, #2560 ) ) ;
#1769 = CARTESIAN_POINT ( 'NONE',  ( -1.300000000000000044, 0.5500000000000000444, -1.274999999999999911 ) ) ;
#1770 = DIRECTION ( 'NONE',  ( 0.000000000000000000, 1.000000000000000000, 0.000000000000000000 ) ) ;
#1771 = DIRECTION ( 'NONE',  ( 0.000000000000000000, -0.000000000000000000, 1.000000000000000000 ) ) ;
#1772 = ORIENTED_EDGE ( 'NONE', *, *, #4654, .T. ) ;
#1773 = CARTESIAN_POINT ( 'NONE',  ( 5.349999999999999645, 0.5500000000000000444, -1.274999999999999911 ) ) ;
#1774 = CARTESIAN_POINT ( 'NONE',  ( 2.000000000000000000, 0.5500000000000998535, -3.500000000000000000 ) ) ;
#1775 = CARTESIAN_POINT ( 'NONE',  ( 0.7500000000000000000, 0.5000000000000000000, -3.500000000000000000 ) ) ;
#1776 = VERTEX_POINT ( 'NONE', #1120 ) ;
#1777 = EDGE_CURVE ( 'NONE', #462, #3464, #4, .T. ) ;
#1778 = AXIS2_PLACEMENT_3D ( 'NONE', #2534, #4378, #1079 ) ;
#1779 = VECTOR ( 'NONE', #4622, 1000.000000000000000 ) ;
#1780 = DIRECTION ( 'NONE',  ( -0.000000000000000000, -1.000000000000000000, -0.000000000000000000 ) ) ;
#1781 = DIRECTION ( 'NONE',  ( 0.000000000000000000, -0.000000000000000000, 1.000000000000000000 ) ) ;
#1782 = ORIENTED_EDGE ( 'NONE', *, *, #1861, .F. ) ;
#1783 = VECTOR ( 'NONE', #1714, 1000.000000000000114 ) ;
#1784 = CARTESIAN_POINT ( 'NONE',  ( -1.500000000000000000, 5.400000000000000355, -2.449999904633000103 ) ) ;
#1785 = VECTOR ( 'NONE', #1053, 1000.000000000000000 ) ;
#1786 = CARTESIAN_POINT ( 'NONE',  ( -0.9127659559249434729, 5.450000000000000178, -2.025000095367359254 ) ) ;
#1787 = EDGE_CURVE ( 'NONE', #3264, #4751, #3401, .T. ) ;
#1788 = CARTESIAN_POINT ( 'NONE',  ( -0.9000000000000001332, 5.349999999999999645, -2.099999952316999874 ) ) ;
#1789 = ORIENTED_EDGE ( 'NONE', *, *, #4002, .T. ) ;
#1790 = ORIENTED_EDGE ( 'NONE', *, *, #676, .F. ) ;
#1791 = ORIENTED_EDGE ( 'NONE', *, *, #4134, .F. ) ;
#1792 = LINE ( 'NONE', #1070, #3841 ) ;
#1793 = LINE ( 'NONE', #3245, #2193 ) ;
#1794 = ORIENTED_EDGE ( 'NONE', *, *, #959, .F. ) ;
#1795 = EDGE_CURVE ( 'NONE', #3333, #3741, #2250, .T. ) ;
#1796 = DIRECTION ( 'NONE',  ( 0.8100984768629296839, 0.000000000000000000, 0.5862938322926154466 ) ) ;
#1797 = CIRCLE ( 'NONE', #954, 1.100000000000000089 ) ;
#1798 = CARTESIAN_POINT ( 'NONE',  ( 1.300000000000000266, 0.5000000000000000000, -3.500000000000000000 ) ) ;
#1799 = CARTESIAN_POINT ( 'NONE',  ( 1.024999999999999911, 0.2500000000000000000, -3.500000000000000000 ) ) ;
#1800 = AXIS2_PLACEMENT_3D ( 'NONE', #1638, #1917, #3828 ) ;
#1801 = VERTEX_POINT ( 'NONE', #1890 ) ;
#1802 = LINE ( 'NONE', #2233, #3501 ) ;
#1803 = VERTEX_POINT ( 'NONE', #1533 ) ;
#1804 = LINE ( 'NONE', #2595, #2479 ) ;
#1805 = DIRECTION ( 'NONE',  ( 0.5851009867211193205, 0.000000000000000000, 0.8109604400573265925 ) ) ;
#1806 = EDGE_CURVE ( 'NONE', #60, #4040, #2275, .T. ) ;
#1807 = FACE_OUTER_BOUND ( 'NONE', #3494, .T. ) ;
#1808 = AXIS2_PLACEMENT_3D ( 'NONE', #2296, #3021, #3071 ) ;
#1809 = EDGE_CURVE ( 'NONE', #931, #350, #2990, .T. ) ;
#1810 = CARTESIAN_POINT ( 'NONE',  ( -1.699999999999999956, 0.05000000000000000278, 1.199999999999999956 ) ) ;
#1811 = EDGE_CURVE ( 'NONE', #1333, #1776, #2601, .T. ) ;
#1812 = ORIENTED_EDGE ( 'NONE', *, *, #3259, .F. ) ;
#1813 = AXIS2_PLACEMENT_3D ( 'NONE', #3739, #3020, #4479 ) ;
#1814 = ORIENTED_EDGE ( 'NONE', *, *, #4665, .F. ) ;
#1815 = DIRECTION ( 'NONE',  ( 0.000000000000000000, -1.000000000000000000, -0.000000000000000000 ) ) ;
#1816 = CARTESIAN_POINT ( 'NONE',  ( 5.912132034355965793, 5.150000000000000355, -3.412132034355965793 ) ) ;
#1817 = VERTEX_POINT ( 'NONE', #160 ) ;
#1818 = CARTESIAN_POINT ( 'NONE',  ( -1.397872352600000090, 5.349999999999999645, 0.3000000119208999783 ) ) ;
#1819 = VECTOR ( 'NONE', #4259, 1000.000000000000000 ) ;
#1820 = CYLINDRICAL_SURFACE ( 'NONE', #1472, 0.2999999999999999334 ) ;
#1821 = PLANE ( 'NONE',  #1337 ) ;
#1822 = VERTEX_POINT ( 'NONE', #3175 ) ;
#1823 = CARTESIAN_POINT ( 'NONE',  ( -1.875728126347300240, 5.360123345235142445, -2.985878119317074475 ) ) ;
#1824 = CARTESIAN_POINT ( 'NONE',  ( 0.000000000000000000, 0.000000000000000000, 0.000000000000000000 ) ) ;
#1825 = EDGE_LOOP ( 'NONE', ( #130, #940, #3432, #1035 ) ) ;
#1826 = DIRECTION ( 'NONE',  ( 0.000000000000000000, 0.000000000000000000, -1.000000000000000000 ) ) ;
#1827 = CARTESIAN_POINT ( 'NONE',  ( 1.300000000000000266, 0.5000000000000000000, 1.500000000000000222 ) ) ;
#1828 = AXIS2_PLACEMENT_3D ( 'NONE', #3136, #891, #2284 ) ;
#1829 = CARTESIAN_POINT ( 'NONE',  ( 2.700000000000000178, 0.5000000000000000000, 0.2500000000000000000 ) ) ;
#1830 = VECTOR ( 'NONE', #3488, 1000.000000000000000 ) ;
#1831 = PLANE ( 'NONE',  #1852 ) ;
#1832 = AXIS2_PLACEMENT_3D ( 'NONE', #955, #4285, #1362 ) ;
#1833 = ORIENTED_EDGE ( 'NONE', *, *, #158, .F. ) ;
#1834 = ORIENTED_EDGE ( 'NONE', *, *, #2964, .T. ) ;
#1835 = CARTESIAN_POINT ( 'NONE',  ( 4.000000000000000000, 0.5000000000000000000, 0.7500000000000000000 ) ) ;
#1836 = DIRECTION ( 'NONE',  ( -0.000000000000000000, -0.000000000000000000, -1.000000000000000000 ) ) ;
#1837 = ORIENTED_EDGE ( 'NONE', *, *, #4427, .F. ) ;
#1838 = DIRECTION ( 'NONE',  ( -0.000000000000000000, -1.000000000000000000, -0.000000000000000000 ) ) ;
#1839 = PLANE ( 'NONE',  #2439 ) ;
#1840 = CARTESIAN_POINT ( 'NONE',  ( -1.299999999795545369, 2.750000000000000000, 1.499999999850842869 ) ) ;
#1841 = LINE ( 'NONE', #4332, #2183 ) ;
#1842 = EDGE_CURVE ( 'NONE', #278, #2292, #3150, .T. ) ;
#1843 = ORIENTED_EDGE ( 'NONE', *, *, #2627, .T. ) ;
#1844 = EDGE_CURVE ( 'NONE', #2189, #975, #2067, .T. ) ;
#1845 = CARTESIAN_POINT ( 'NONE',  ( -1.699999999999999956, 5.362132034355964194, -3.412132034355964461 ) ) ;
#1846 = SURFACE_SIDE_STYLE ('',( #4442 ) ) ;
#1847 = EDGE_CURVE ( 'NONE', #2280, #2187, #2814, .T. ) ;
#1848 = VERTEX_POINT ( 'NONE', #3511 ) ;
#1849 = CARTESIAN_POINT ( 'NONE',  ( 6.000000000000000000, 0.5500000000000001554, -1.600000000000000089 ) ) ;
#1850 = DIRECTION ( 'NONE',  ( 0.000000000000000000, -1.000000000000000000, -0.000000000000000000 ) ) ;
#1851 = VECTOR ( 'NONE', #2332, 1000.000000000000000 ) ;
#1852 = AXIS2_PLACEMENT_3D ( 'NONE', #1788, #1497, #2558 ) ;
#1853 = DIRECTION ( 'NONE',  ( 1.000000000000000000, -0.000000000000000000, 0.000000000000000000 ) ) ;
#1854 = CARTESIAN_POINT ( 'NONE',  ( 5.450000000000000178, 0.1499999999999999944, -3.500000000000000000 ) ) ;
#1855 =( BOUNDED_SURFACE ( )  B_SPLINE_SURFACE ( 3, 3, ( 
 ( #3996, #2166, #3637, #1273 ),
 ( #1536, #3393, #1562, #1587 ),
 ( #3444, #83, #2303, #3102 ),
 ( #4567, #3748, #4515, #4163 ) ),
 .UNSPECIFIED., .F., .F., .T. ) 
 B_SPLINE_SURFACE_WITH_KNOTS ( ( 4, 4 ),
 ( 4, 4 ),
 ( 0.000000000000000000, 1.000000000000000000 ),
 ( 0.000000000000000000, 1.000000000000000000 ),
 .UNSPECIFIED. ) 
 GEOMETRIC_REPRESENTATION_ITEM ( )  RATIONAL_B_SPLINE_SURFACE ( (
 ( 1.000000000000000000, 0.8047378541243649375, 0.8047378541243649375, 1.000000000000000000),
 ( 0.8025111867385934517, 0.6458111303268132541, 0.6458111303268132541, 0.8025111867385934517),
 ( 0.8025111867385934517, 0.6458111303268132541, 0.6458111303268132541, 0.8025111867385934517),
 ( 1.000000000000000000, 0.8047378541243649375, 0.8047378541243649375, 1.000000000000000000) ) ) 
 REPRESENTATION_ITEM ( '' )  SURFACE ( )  );
#1856 = EDGE_CURVE ( 'NONE', #4229, #2690, #3440, .T. ) ;
#1857 = VECTOR ( 'NONE', #4714, 1000.000000000000000 ) ;
#1858 = LINE ( 'NONE', #3983, #171 ) ;
#1859 = ORIENTED_EDGE ( 'NONE', *, *, #1480, .T. ) ;
#1860 = ORIENTED_EDGE ( 'NONE', *, *, #4134, .T. ) ;
#1861 = EDGE_CURVE ( 'NONE', #4751, #162, #1140, .T. ) ;
#1862 = FACE_OUTER_BOUND ( 'NONE', #829, .T. ) ;
#1863 = ORIENTED_EDGE ( 'NONE', *, *, #4235, .F. ) ;
#1864 = LINE ( 'NONE', #3, #648 ) ;
#1865 = PLANE ( 'NONE',  #353 ) ;
#1866 = CARTESIAN_POINT ( 'NONE',  ( 5.349999999999999645, 0.5500000000000500044, -0.4000000000000000222 ) ) ;
#1867 = FACE_OUTER_BOUND ( 'NONE', #1872, .T. ) ;
#1868 = ORIENTED_EDGE ( 'NONE', *, *, #616, .F. ) ;
#1869 = EDGE_CURVE ( 'NONE', #1148, #8, #3099, .T. ) ;
#1870 = FACE_OUTER_BOUND ( 'NONE', #4021, .T. ) ;
#1871 = DIRECTION ( 'NONE',  ( 0.000000000000000000, 0.000000000000000000, 1.000000000000000000 ) ) ;
#1872 = EDGE_LOOP ( 'NONE', ( #2718, #3729, #3743, #1753 ) ) ;
#1873 = VECTOR ( 'NONE', #3654, 1000.000000000000000 ) ;
#1874 = DIRECTION ( 'NONE',  ( -1.000000000000000000, 0.000000000000000000, 0.000000000000000000 ) ) ;
#1875 = DIRECTION ( 'NONE',  ( 0.9486832867412360315, 0.000000000000000000, 0.3162277999446691523 ) ) ;
#1876 = EDGE_CURVE ( 'NONE', #409, #3446, #4638, .T. ) ;
#1877 = AXIS2_PLACEMENT_3D ( 'NONE', #4558, #1214, #1555 ) ;
#1878 = VECTOR ( 'NONE', #971, 1000.000000000000000 ) ;
#1879 = FACE_OUTER_BOUND ( 'NONE', #2324, .T. ) ;
#1880 = DIRECTION ( 'NONE',  ( 0.8100982894070791751, 0.000000000000000000, -0.5862940913054849323 ) ) ;
#1881 = CARTESIAN_POINT ( 'NONE',  ( -0.2999999999999999889, 5.400000000000000355, -1.675000000000000044 ) ) ;
#1882 = ORIENTED_EDGE ( 'NONE', *, *, #3268, .T. ) ;
#1883 = ORIENTED_EDGE ( 'NONE', *, *, #804, .T. ) ;
#1884 = CARTESIAN_POINT ( 'NONE',  ( -1.699999999999999956, 5.251999999999999780, -3.200000000000000178 ) ) ;
#1885 = CARTESIAN_POINT ( 'NONE',  ( 6.000000000000000888, 0.05000000000000004441, -0.4000000000000000222 ) ) ;
#1886 = ORIENTED_EDGE ( 'NONE', *, *, #2927, .F. ) ;
#1887 = DIRECTION ( 'NONE',  ( 0.000000000000000000, 0.000000000000000000, 1.000000000000000000 ) ) ;
#1888 = VECTOR ( 'NONE', #921, 1000.000000000000000 ) ;
#1889 = CARTESIAN_POINT ( 'NONE',  ( -1.350000000000000089, 0.5500000000000000444, -1.274999999999999911 ) ) ;
#1890 = CARTESIAN_POINT ( 'NONE',  ( -1.014893603324916738, 5.349999999999999645, -2.100000095367230202 ) ) ;
#1891 = ORIENTED_EDGE ( 'NONE', *, *, #1787, .F. ) ;
#1892 = EDGE_LOOP ( 'NONE', ( #1601, #1942, #997, #1112 ) ) ;
#1893 = CARTESIAN_POINT ( 'NONE',  ( -1.699999999999999734, 5.362132034355964194, -3.412132034355964461 ) ) ;
#1894 = FILL_AREA_STYLE ('',( #2983 ) ) ;
#1895 = ORIENTED_EDGE ( 'NONE', *, *, #2515, .T. ) ;
#1896 = ORIENTED_EDGE ( 'NONE', *, *, #3105, .T. ) ;
#1897 = EDGE_CURVE ( 'NONE', #3822, #908, #4753, .T. ) ;
#1898 = CARTESIAN_POINT ( 'NONE',  ( -0.2999999999999999334, 5.450000000000000178, -2.449999904633000103 ) ) ;
#1899 = DIRECTION ( 'NONE',  ( 1.000000000000000000, -0.000000000000000000, -0.000000000000000000 ) ) ;
#1900 = EDGE_CURVE ( 'NONE', #3747, #540, #4185, .T. ) ;
#1901 = EDGE_CURVE ( 'NONE', #350, #885, #4237, .T. ) ;
#1902 = AXIS2_PLACEMENT_3D ( 'NONE', #3425, #1566, #3083 ) ;
#1903 = CARTESIAN_POINT ( 'NONE',  ( 2.700000000000000178, 0.2500000000000000000, -3.125000000000000000 ) ) ;
#1904 = LINE ( 'NONE', #2967, #3356 ) ;
#1905 = PLANE ( 'NONE',  #2623 ) ;
#1906 = ADVANCED_FACE ( 'NONE', ( #906, #1314, #132, #4536, #2351 ), #2713, .F. ) ;
#1907 = ORIENTED_EDGE ( 'NONE', *, *, #4371, .T. ) ;
#1908 = ORIENTED_EDGE ( 'NONE', *, *, #1377, .F. ) ;
#1909 = FACE_OUTER_BOUND ( 'NONE', #4210, .T. ) ;
#1910 = LINE ( 'NONE', #2632, #1739 ) ;
#1911 = ORIENTED_EDGE ( 'NONE', *, *, #3705, .T. ) ;
#1912 = VERTEX_POINT ( 'NONE', #1270 ) ;
#1913 = CARTESIAN_POINT ( 'NONE',  ( -1.300000000000000266, 0.5000000000000000000, 1.500000000000000000 ) ) ;
#1914 = FACE_OUTER_BOUND ( 'NONE', #1546, .T. ) ;
#1915 = ORIENTED_EDGE ( 'NONE', *, *, #3762, .F. ) ;
#1916 = ORIENTED_EDGE ( 'NONE', *, *, #2923, .F. ) ;
#1917 = DIRECTION ( 'NONE',  ( 1.000000000000000000, 0.000000000000000000, 0.000000000000000000 ) ) ;
#1918 = EDGE_CURVE ( 'NONE', #4117, #3438, #3825, .T. ) ;
#1919 = ORIENTED_EDGE ( 'NONE', *, *, #2198, .F. ) ;
#1920 = ORIENTED_EDGE ( 'NONE', *, *, #4646, .F. ) ;
#1921 = ADVANCED_FACE ( 'NONE', ( #2740 ), #4213, .F. ) ;
#1922 = DIRECTION ( 'NONE',  ( -1.000000000000000000, 0.000000000000000000, 0.000000000000000000 ) ) ;
#1923 = PLANE ( 'NONE',  #1680 ) ;
#1924 = DIRECTION ( 'NONE',  ( 0.000000000000000000, 1.000000000000000000, 0.000000000000000000 ) ) ;
#1925 = LINE ( 'NONE', #530, #1709 ) ;
#1926 = CARTESIAN_POINT ( 'NONE',  ( 2.700000000000000178, 0.5500000000000000444, -2.532055052822983043 ) ) ;
#1927 = CARTESIAN_POINT ( 'NONE',  ( 5.352000000000001201, 1.000000000000000000, -2.750000000000000000 ) ) ;
#1928 = CIRCLE ( 'NONE', #4624, 0.3000000000000004330 ) ;
#1929 = FACE_OUTER_BOUND ( 'NONE', #4614, .T. ) ;
#1930 = ORIENTED_EDGE ( 'NONE', *, *, #1963, .F. ) ;
#1931 = ORIENTED_EDGE ( 'NONE', *, *, #1777, .T. ) ;
#1932 = VECTOR ( 'NONE', #4334, 1000.000000000000000 ) ;
#1933 = DIRECTION ( 'NONE',  ( 0.000000000000000000, 0.000000000000000000, 1.000000000000000000 ) ) ;
#1934 = VECTOR ( 'NONE', #3904, 1000.000000000000000 ) ;
#1935 = EDGE_CURVE ( 'NONE', #2029, #4635, #929, .T. ) ;
#1936 = CARTESIAN_POINT ( 'NONE',  ( 2.700000000000000178, 0.5500000000000000444, 0.5320550528229832654 ) ) ;
#1937 = ORIENTED_EDGE ( 'NONE', *, *, #3179, .F. ) ;
#1938 = LINE ( 'NONE', #2325, #4501 ) ;
#1939 = EDGE_CURVE ( 'NONE', #4242, #897, #186, .T. ) ;
#1940 = DIRECTION ( 'NONE',  ( 1.000000000000000000, 0.000000000000000000, 0.000000000000000000 ) ) ;
#1941 = VERTEX_POINT ( 'NONE', #2018 ) ;
#1942 = ORIENTED_EDGE ( 'NONE', *, *, #1125, .T. ) ;
#1943 = CARTESIAN_POINT ( 'NONE',  ( 2.649999999999999911, 0.5500000000000749845, 1.500000000000000000 ) ) ;
#1944 = VERTEX_POINT ( 'NONE', #3875 ) ;
#1945 = ORIENTED_EDGE ( 'NONE', *, *, #173, .F. ) ;
#1946 = FACE_OUTER_BOUND ( 'NONE', #1461, .T. ) ;
#1947 = DIRECTION ( 'NONE',  ( -0.000000000000000000, -0.000000000000000000, 1.000000000000000000 ) ) ;
#1948 = PLANE ( 'NONE',  #3916 ) ;
#1949 = CARTESIAN_POINT ( 'NONE',  ( 4.750000000000000000, 0.5000000000000000000, -3.500000000000000000 ) ) ;
#1950 = VECTOR ( 'NONE', #4647, 1000.000000000000000 ) ;
#1951 = CYLINDRICAL_SURFACE ( 'NONE', #1082, 0.5000000000000000000 ) ;
#1952 = CARTESIAN_POINT ( 'NONE',  ( -1.700000000000000622, 5.360123345235142445, 0.9858781193170730317 ) ) ;
#1953 = EDGE_CURVE ( 'NONE', #2038, #1190, #573, .T. ) ;
#1954 = ADVANCED_FACE ( 'NONE', ( #3989 ), #3650, .T. ) ;
#1955 = FACE_OUTER_BOUND ( 'NONE', #839, .T. ) ;
#1956 = ORIENTED_EDGE ( 'NONE', *, *, #3974, .F. ) ;
#1957 = ADVANCED_FACE ( 'NONE', ( #2090 ), #620, .F. ) ;
#1958 = LINE ( 'NONE', #1235, #508 ) ;
#1959 = CARTESIAN_POINT ( 'NONE',  ( 6.000000000000000000, 0.05000000000000003747, -3.200000000000000178 ) ) ;
#1960 = EDGE_CURVE ( 'NONE', #422, #155, #4444, .T. ) ;
#1961 = DIRECTION ( 'NONE',  ( 1.000000000000000000, -0.000000000000000000, 0.000000000000000000 ) ) ;
#1962 = ORIENTED_EDGE ( 'NONE', *, *, #3378, .F. ) ;
#1963 = EDGE_CURVE ( 'NONE', #345, #2038, #684, .T. ) ;
#1964 = DIRECTION ( 'NONE',  ( 1.000000000000000000, 0.000000000000000000, 0.000000000000000000 ) ) ;
#1965 = DIRECTION ( 'NONE',  ( 0.000000000000000000, 0.000000000000000000, 1.000000000000000000 ) ) ;
#1966 = ORIENTED_EDGE ( 'NONE', *, *, #292, .T. ) ;
#1967 = ORIENTED_EDGE ( 'NONE', *, *, #645, .T. ) ;
#1968 = CIRCLE ( 'NONE', #2577, 0.7500000000000002220 ) ;
#1969 = DIRECTION ( 'NONE',  ( -0.000000000000000000, 0.000000000000000000, -1.000000000000000000 ) ) ;
#1970 = EDGE_LOOP ( 'NONE', ( #1732, #1429, #81, #2463, #2331 ) ) ;
#1971 = ORIENTED_EDGE ( 'NONE', *, *, #548, .T. ) ;
#1972 = VECTOR ( 'NONE', #1675, 1000.000000000000000 ) ;
#1973 = CARTESIAN_POINT ( 'NONE',  ( 2.700000000000000178, 0.5060000000000000053, -3.750000000000000000 ) ) ;
#1974 = DIRECTION ( 'NONE',  ( -0.000000000000000000, -0.000000000000000000, 1.000000000000000000 ) ) ;
#1975 = CARTESIAN_POINT ( 'NONE',  ( 6.037326708879827919, 5.236937359832102068, 1.303714664249338906 ) ) ;
#1976 = DIRECTION ( 'NONE',  ( 0.000000000000000000, 1.000000000000000000, 0.000000000000000000 ) ) ;
#1977 = AXIS2_PLACEMENT_3D ( 'NONE', #2349, #3439, #3148 ) ;
#1978 = CARTESIAN_POINT ( 'NONE',  ( 1.449999999999999956, 0.1499999999999999944, 1.500000000000000000 ) ) ;
#1979 = LINE ( 'NONE', #149, #2744 ) ;
#1980 = ORIENTED_EDGE ( 'NONE', *, *, #488, .T. ) ;
#1981 = EDGE_CURVE ( 'NONE', #2204, #114, #4230, .T. ) ;
#1982 = DIRECTION ( 'NONE',  ( 0.5851006721749786310, -0.000000000000000000, 0.8109606669995704786 ) ) ;
#1983 = CARTESIAN_POINT ( 'NONE',  ( 5.698000732276107705, 5.449986676132684948, -3.198000732276107705 ) ) ;
#1984 = VERTEX_POINT ( 'NONE', #4661 ) ;
#1985 = VECTOR ( 'NONE', #2482, 1000.000000000000000 ) ;
#1986 = CARTESIAN_POINT ( 'NONE',  ( 6.000000000000000000, 0.5500000000000001554, -1.000000000000000000 ) ) ;
#1987 = CARTESIAN_POINT ( 'NONE',  ( -0.9127659559249999832, 5.450000000000000178, -2.175000095366999897 ) ) ;
#1988 = CARTESIAN_POINT ( 'NONE',  ( 1.300000000000000266, 0.000000000000000000, 0.7500000000000001110 ) ) ;
#1989 = AXIS2_PLACEMENT_3D ( 'NONE', #2041, #211, #4260 ) ;
#1990 = ORIENTED_EDGE ( 'NONE', *, *, #4166, .F. ) ;
#1991 = CARTESIAN_POINT ( 'NONE',  ( 5.300000000003246114, 5.350000000002435918, -4.049999999999999822 ) ) ;
#1992 = ORIENTED_EDGE ( 'NONE', *, *, #3970, .T. ) ;
#1993 = VERTEX_POINT ( 'NONE', #2155 ) ;
#1994 = ADVANCED_FACE ( 'NONE', ( #2540 ), #259, .F. ) ;
#1995 = CARTESIAN_POINT ( 'NONE',  ( 2.649999999999999911, 0.4000000000000000222, 0.5500000000000000444 ) ) ;
#1996 = PLANE ( 'NONE',  #2420 ) ;
#1997 = CARTESIAN_POINT ( 'NONE',  ( 5.352000000000001201, 0.5000000000000000000, -2.750000000000000000 ) ) ;
#1998 = CARTESIAN_POINT ( 'NONE',  ( 6.036492374042709663, 5.059887319042355003, 1.199999999999999734 ) ) ;
#1999 = EDGE_CURVE ( 'NONE', #675, #2769, #4367, .T. ) ;
#2000 = LINE ( 'NONE', #4577, #3784 ) ;
#2001 = VERTEX_POINT ( 'NONE', #4009 ) ;
#2002 = DIRECTION ( 'NONE',  ( 1.000000000000000000, 0.000000000000000000, -0.000000000000000000 ) ) ;
#2003 = FACE_OUTER_BOUND ( 'NONE', #4017, .T. ) ;
#2004 = ORIENTED_EDGE ( 'NONE', *, *, #4472, .F. ) ;
#2005 = EDGE_CURVE ( 'NONE', #3447, #3363, #640, .T. ) ;
#2006 = AXIS2_PLACEMENT_3D ( 'NONE', #2574, #4023, #2235 ) ;
#2007 = LINE ( 'NONE', #2036, #2747 ) ;
#2008 = VECTOR ( 'NONE', #1034, 1000.000000000000000 ) ;
#2009 = DIRECTION ( 'NONE',  ( 1.000000000000000000, 0.000000000000000000, -0.000000000000000000 ) ) ;
#2010 = LINE ( 'NONE', #2062, #1340 ) ;
#2011 = ORIENTED_EDGE ( 'NONE', *, *, #301, .F. ) ;
#2012 = EDGE_CURVE ( 'NONE', #3465, #1612, #1409, .T. ) ;
#2013 = ORIENTED_EDGE ( 'NONE', *, *, #4704, .T. ) ;
#2014 = AXIS2_PLACEMENT_3D ( 'NONE', #43, #1130, #3761 ) ;
#2015 = ADVANCED_FACE ( 'NONE', ( #1430 ), #4749, .F. ) ;
#2016 = AXIS2_PLACEMENT_3D ( 'NONE', #2410, #3563, #2433 ) ;
#2017 = DIRECTION ( 'NONE',  ( 1.000000000000000000, -0.000000000000000000, 0.000000000000000000 ) ) ;
#2018 = CARTESIAN_POINT ( 'NONE',  ( -1.599999999999999867, 2.750000000000000000, -3.500000000000000000 ) ) ;
#2019 = ORIENTED_EDGE ( 'NONE', *, *, #3715, .F. ) ;
#2020 = VERTEX_POINT ( 'NONE', #2837 ) ;
#2021 = CARTESIAN_POINT ( 'NONE',  ( 5.600000000003997336, 5.950000000002997780, -3.925735931288071967 ) ) ;
#2022 = VERTEX_POINT ( 'NONE', #3626 ) ;
#2023 = ORIENTED_EDGE ( 'NONE', *, *, #2467, .T. ) ;
#2024 = CARTESIAN_POINT ( 'NONE',  ( -0.6500000000000001332, 0.5000000000000000000, 1.500000000000000000 ) ) ;
#2025 = DIRECTION ( 'NONE',  ( -0.000000000000000000, -1.000000000000000000, -0.000000000000000000 ) ) ;
#2026 = CARTESIAN_POINT ( 'NONE',  ( 5.948139574263674234, 5.148240118821386879, 1.501655327279209917 ) ) ;
#2027 = EDGE_CURVE ( 'NONE', #1817, #4578, #2768, .T. ) ;
#2028 = CARTESIAN_POINT ( 'NONE',  ( -1.350000000000066480, 0.2499999999999661104, -1.600000000000000089 ) ) ;
#2029 = VERTEX_POINT ( 'NONE', #1047 ) ;
#2030 = EDGE_CURVE ( 'NONE', #1944, #3275, #1746, .T. ) ;
#2031 = CARTESIAN_POINT ( 'NONE',  ( -1.475735931288071789, 2.749999999999538147, -4.049999999999999822 ) ) ;
#2032 = CARTESIAN_POINT ( 'NONE',  ( -2.001655327279210361, 5.398139574263674412, 1.198240118821387590 ) ) ;
#2033 = VERTEX_POINT ( 'NONE', #2861 ) ;
#2034 = VECTOR ( 'NONE', #216, 1000.000000000000000 ) ;
#2035 = CIRCLE ( 'NONE', #4403, 0.3000000000000001554 ) ;
#2036 = CARTESIAN_POINT ( 'NONE',  ( 1.100000000000000089, 2.750000000000000000, 0.7866393862416000138 ) ) ;
#2037 = CARTESIAN_POINT ( 'NONE',  ( 5.299999999999999822, 1.000000000000000000, 0.7500000000000000000 ) ) ;
#2038 = VERTEX_POINT ( 'NONE', #1383 ) ;
#2039 = EDGE_LOOP ( 'NONE', ( #1766, #4162, #3104, #3050, #2639 ) ) ;
#2040 = CARTESIAN_POINT ( 'NONE',  ( -0.9127659559253930022, 5.400000000000000355, -2.025000095367543551 ) ) ;
#2041 = CARTESIAN_POINT ( 'NONE',  ( -1.700000000000000178, 5.150000000000000355, 1.199999999999999956 ) ) ;
#2042 = DIRECTION ( 'NONE',  ( -0.000000000000000000, -0.000000000000000000, -1.000000000000000000 ) ) ;
#2043 = ORIENTED_EDGE ( 'NONE', *, *, #1125, .F. ) ;
#2044 = DIRECTION ( 'NONE',  ( -0.3102800155245142855, 0.000000000000000000, 0.9506452082486437360 ) ) ;
#2045 = EDGE_LOOP ( 'NONE', ( #202, #3441, #1956, #2011 ) ) ;
#2046 = EDGE_LOOP ( 'NONE', ( #1441, #218, #2493, #2762 ) ) ;
#2047 =( BOUNDED_SURFACE ( )  B_SPLINE_SURFACE ( 3, 3, ( 
 ( #2584, #4711, #2179, #2245 ),
 ( #1410, #4732, #2907, #2203 ),
 ( #3270, #4055, #3674, #3990 ),
 ( #4010, #4347, #2522, #4078 ) ),
 .UNSPECIFIED., .F., .F., .F. ) 
 B_SPLINE_SURFACE_WITH_KNOTS ( ( 4, 4 ),
 ( 4, 4 ),
 ( 0.000000000000000000, 1.000000000000000000 ),
 ( 0.000000000000000000, 1.000000000000000000 ),
 .UNSPECIFIED. ) 
 GEOMETRIC_REPRESENTATION_ITEM ( )  RATIONAL_B_SPLINE_SURFACE ( (
 ( 1.000000000000000000, 0.8047378541243649375, 0.8047378541243649375, 1.000000000000000000),
 ( 0.8025111867385934517, 0.6458111303268132541, 0.6458111303268132541, 0.8025111867385934517),
 ( 0.8025111867385934517, 0.6458111303268132541, 0.6458111303268132541, 0.8025111867385934517),
 ( 1.000000000000000000, 0.8047378541243649375, 0.8047378541243649375, 1.000000000000000000) ) ) 
 REPRESENTATION_ITEM ( '' )  SURFACE ( )  );
#2048 = LINE ( 'NONE', #582, #941 ) ;
#2049 = LINE ( 'NONE', #287, #4063 ) ;
#2050 = ORIENTED_EDGE ( 'NONE', *, *, #4692, .F. ) ;
#2051 = DIRECTION ( 'NONE',  ( 1.000000000000000000, 0.000000000000000000, 0.000000000000000000 ) ) ;
#2052 = FACE_OUTER_BOUND ( 'NONE', #850, .T. ) ;
#2053 = CIRCLE ( 'NONE', #2357, 0.7500000000000002220 ) ;
#2054 = EDGE_LOOP ( 'NONE', ( #4383, #3884, #3523, #3301, #434, #3925, #1789, #3469, #137, #4183, #4559, #268, #3490, #4093, #1883, #3568 ) ) ;
#2055 = ADVANCED_FACE ( 'NONE', ( #4386 ), #4327, .T. ) ;
#2056 = DIRECTION ( 'NONE',  ( 1.776356839400249873E-15, 0.000000000000000000, 1.000000000000000000 ) ) ;
#2057 = LINE ( 'NONE', #4605, #3809 ) ;
#2058 = CIRCLE ( 'NONE', #4047, 1.000000000000000000 ) ;
#2059 = EDGE_CURVE ( 'NONE', #165, #2029, #2521, .T. ) ;
#2060 = LINE ( 'NONE', #898, #3205 ) ;
#2061 = EDGE_CURVE ( 'NONE', #1173, #3671, #1792, .T. ) ;
#2062 = CARTESIAN_POINT ( 'NONE',  ( 5.349999999999999645, 0.2999999999999999889, -0.4000000000000000222 ) ) ;
#2063 = VERTEX_POINT ( 'NONE', #100 ) ;
#2064 = ORIENTED_EDGE ( 'NONE', *, *, #3873, .F. ) ;
#2065 = VECTOR ( 'NONE', #1974, 1000.000000000000000 ) ;
#2066 = PLANE ( 'NONE',  #744 ) ;
#2067 = LINE ( 'NONE', #3538, #759 ) ;
#2068 = CARTESIAN_POINT ( 'NONE',  ( -1.700000000000000178, 5.450000000000000178, -3.200000000000000622 ) ) ;
#2069 = ORIENTED_EDGE ( 'NONE', *, *, #2030, .T. ) ;
#2070 = LINE ( 'NONE', #1317, #1031 ) ;
#2071 = AXIS2_PLACEMENT_3D ( 'NONE', #1628, #1188, #1579 ) ;
#2072 = AXIS2_PLACEMENT_3D ( 'NONE', #3557, #3944, #348 ) ;
#2073 = DIRECTION ( 'NONE',  ( -0.000000000000000000, -1.000000000000000000, -0.000000000000000000 ) ) ;
#2074 = PLANE ( 'NONE',  #3681 ) ;
#2075 = ORIENTED_EDGE ( 'NONE', *, *, #2417, .F. ) ;
#2076 = ADVANCED_FACE ( 'NONE', ( #2583 ), #1187, .T. ) ;
#2077 = DIRECTION ( 'NONE',  ( -1.000000000000000000, -0.000000000000000000, 0.000000000000000000 ) ) ;
#2078 = DIRECTION ( 'NONE',  ( 0.000000000000000000, 0.000000000000000000, -1.000000000000000000 ) ) ;
#2079 = ORIENTED_EDGE ( 'NONE', *, *, #4399, .F. ) ;
#2080 = EDGE_CURVE ( 'NONE', #4578, #1589, #1476, .T. ) ;
#2081 = UNCERTAINTY_MEASURE_WITH_UNIT (LENGTH_MEASURE( 1.000000000000000082E-05 ), #58, 'distance_accuracy_value', 'NONE');
#2082 = CARTESIAN_POINT ( 'NONE',  ( 1.475735931291759284, 5.701471862578911143, -4.050000000000000711 ) ) ;
#2083 = CARTESIAN_POINT ( 'NONE',  ( -1.397872352599995649, 5.349999999999999645, 0.3000000119209762506 ) ) ;
#2084 = DIRECTION ( 'NONE',  ( 0.000000000000000000, 0.000000000000000000, -1.000000000000000000 ) ) ;
#2085 = ORIENTED_EDGE ( 'NONE', *, *, #3211, .T. ) ;
#2086 = EDGE_LOOP ( 'NONE', ( #3851, #1403, #56, #2232 ) ) ;
#2087 = VECTOR ( 'NONE', #3712, 1000.000000000000000 ) ;
#2088 = DIRECTION ( 'NONE',  ( -0.9483937310922615493, 0.000000000000000000, -0.3170951447513805088 ) ) ;
#2089 = ADVANCED_FACE ( 'NONE', ( #1909 ), #4408, .T. ) ;
#2090 = FACE_OUTER_BOUND ( 'NONE', #3946, .T. ) ;
#2091 = DIRECTION ( 'NONE',  ( 0.9486832867414232151, 0.000000000000000000, 0.3162277999441077125 ) ) ;
#2092 = VERTEX_POINT ( 'NONE', #4130 ) ;
#2093 = FACE_OUTER_BOUND ( 'NONE', #3031, .T. ) ;
#2094 = AXIS2_PLACEMENT_3D ( 'NONE', #3806, #865, #2358 ) ;
#2095 = VECTOR ( 'NONE', #343, 1000.000000000000114 ) ;
#2096 = CARTESIAN_POINT ( 'NONE',  ( 5.700000000000001954, 5.150000000000000355, -3.200000000000001510 ) ) ;
#2097 = DIRECTION ( 'NONE',  ( 0.000000000000000000, 0.000000000000000000, 1.000000000000000000 ) ) ;
#2098 = ORIENTED_EDGE ( 'NONE', *, *, #2846, .F. ) ;
#2099 = AXIS2_PLACEMENT_3D ( 'NONE', #2637, #2612, #4415 ) ;
#2100 = DIRECTION ( 'NONE',  ( 0.000000000000000000, 1.000000000000000000, -0.000000000000000000 ) ) ;
#2101 = CARTESIAN_POINT ( 'NONE',  ( -0.2999999999999603539, 5.349999999999999645, -1.600000000000057376 ) ) ;
#2102 = ORIENTED_EDGE ( 'NONE', *, *, #1250, .T. ) ;
#2103 = CARTESIAN_POINT ( 'NONE',  ( 1.600000000000000311, 2.749999999998001599, -3.925735931288071523 ) ) ;
#2104 = CARTESIAN_POINT ( 'NONE',  ( -1.449999999999999956, 0.1499999999999999944, -2.549999999999999822 ) ) ;
#2105 = ADVANCED_FACE ( 'NONE', ( #732 ), #2994, .F. ) ;
#2106 = CARTESIAN_POINT ( 'NONE',  ( -0.2999999999999999334, 5.450000000000000178, -1.000000000000000000 ) ) ;
#2107 = ORIENTED_EDGE ( 'NONE', *, *, #849, .F. ) ;
#2108 = ORIENTED_EDGE ( 'NONE', *, *, #1230, .T. ) ;
#2109 = VECTOR ( 'NONE', #2931, 1000.000000000000000 ) ;
#2110 = DIRECTION ( 'NONE',  ( 1.000000000000000000, 0.000000000000000000, 0.000000000000000000 ) ) ;
#2111 = EDGE_CURVE ( 'NONE', #278, #1984, #1500, .T. ) ;
#2112 = CARTESIAN_POINT ( 'NONE',  ( 5.299999999999999822, 1.000000000000000000, -2.750000000000000000 ) ) ;
#2113 = CARTESIAN_POINT ( 'NONE',  ( -0.9000000000000001332, 5.349999999999999645, -1.200000023842000108 ) ) ;
#2114 = ORIENTED_EDGE ( 'NONE', *, *, #3163, .F. ) ;
#2115 = VECTOR ( 'NONE', #1378, 1000.000000000000000 ) ;
#2116 = CARTESIAN_POINT ( 'NONE',  ( 2.700000000000000178, 0.2500000000000000000, -3.500000000000000000 ) ) ;
#2117 = ADVANCED_FACE ( 'NONE', ( #2295 ), #4102, .F. ) ;
#2118 = AXIS2_PLACEMENT_3D ( 'NONE', #2104, #3596, #1038 ) ;
#2119 = CARTESIAN_POINT ( 'NONE',  ( 5.847999999999999865, 5.150000000000000355, -3.200000000000000178 ) ) ;
#2120 = CYLINDRICAL_SURFACE ( 'NONE', #2598, 1.000000000000000000 ) ;
#2121 = ORIENTED_EDGE ( 'NONE', *, *, #2985, .T. ) ;
#2122 = LINE ( 'NONE', #3589, #1102 ) ;
#2123 = LINE ( 'NONE', #3204, #2008 ) ;
#2124 = VERTEX_POINT ( 'NONE', #2973 ) ;
#2125 = CARTESIAN_POINT ( 'NONE',  ( 1.600000000003996892, 5.950000000003000444, -3.750000000000000000 ) ) ;
#2126 = LINE ( 'NONE', #4338, #4652 ) ;
#2127 = AXIS2_PLACEMENT_3D ( 'NONE', #1496, #1446, #2263 ) ;
#2128 = VECTOR ( 'NONE', #4485, 1000.000000000000000 ) ;
#2129 = CARTESIAN_POINT ( 'NONE',  ( -1.700000000000000178, 0.05000000000000003747, 1.500000000000000000 ) ) ;
#2130 = ORIENTED_EDGE ( 'NONE', *, *, #2799, .T. ) ;
#2131 = VERTEX_POINT ( 'NONE', #1835 ) ;
#2132 = ORIENTED_EDGE ( 'NONE', *, *, #2312, .F. ) ;
#2133 = ADVANCED_FACE ( 'NONE', ( #3765 ), #4455, .F. ) ;
#2134 = CARTESIAN_POINT ( 'NONE',  ( 2.000000000000000000, 2.600000000000000533, -3.500000000000000000 ) ) ;
#2135 = CARTESIAN_POINT ( 'NONE',  ( -1.449999999999999956, 0.1499999999999999944, 1.500000000000000000 ) ) ;
#2136 = DIRECTION ( 'NONE',  ( 0.000000000000000000, 0.7071067811865481278, -0.7071067811865466846 ) ) ;
#2137 = ORIENTED_EDGE ( 'NONE', *, *, #3527, .F. ) ;
#2138 = CARTESIAN_POINT ( 'NONE',  ( 2.000000000000000000, 5.450000000000000178, -1.000000000000000000 ) ) ;
#2139 = VECTOR ( 'NONE', #4044, 1000.000000000000114 ) ;
#2140 = FACE_OUTER_BOUND ( 'NONE', #4492, .T. ) ;
#2141 = DIRECTION ( 'NONE',  ( 1.000000000000000000, -0.000000000000000000, -0.000000000000000000 ) ) ;
#2142 = EDGE_LOOP ( 'NONE', ( #1931, #3022 ) ) ;
#2143 = PLANE ( 'NONE',  #3011 ) ;
#2144 = CARTESIAN_POINT ( 'NONE',  ( -1.257446801661999958, 5.400000000000000355, -2.274999999999999911 ) ) ;
#2145 = ORIENTED_EDGE ( 'NONE', *, *, #4424, .F. ) ;
#2146 = CARTESIAN_POINT ( 'NONE',  ( -1.350000000000000089, 0.5500000000000000444, -1.274999999999999911 ) ) ;
#2147 = CARTESIAN_POINT ( 'NONE',  ( -1.100000000000000089, 2.750000000000000000, 0.7999999999999001243 ) ) ;
#2148 = ADVANCED_FACE ( 'NONE', ( #2948 ), #4431, .T. ) ;
#2149 = AXIS2_PLACEMENT_3D ( 'NONE', #999, #2561, #3269 ) ;
#2150 = DIRECTION ( 'NONE',  ( 0.000000000000000000, -0.000000000000000000, 1.000000000000000000 ) ) ;
#2151 = EDGE_LOOP ( 'NONE', ( #495, #2845, #3750, #3382, #371, #2327, #2372, #3018, #213, #2242, #2997, #2895 ) ) ;
#2152 = ORIENTED_EDGE ( 'NONE', *, *, #3965, .F. ) ;
#2153 = ORIENTED_EDGE ( 'NONE', *, *, #993, .F. ) ;
#2154 = FACE_OUTER_BOUND ( 'NONE', #3420, .T. ) ;
#2155 = CARTESIAN_POINT ( 'NONE',  ( -0.7500000000000000000, 0.000000000000000000, -3.500000000000000000 ) ) ;
#2156 = DIRECTION ( 'NONE',  ( 1.000000000000000000, 0.000000000000000000, -0.000000000000000000 ) ) ;
#2157 = VERTEX_POINT ( 'NONE', #3691 ) ;
#2158 = LINE ( 'NONE', #780, #3643 ) ;
#2159 = ADVANCED_FACE ( 'NONE', ( #4505 ), #4207, .F. ) ;
#2160 = DIRECTION ( 'NONE',  ( 0.000000000000000000, 0.000000000000000000, 1.000000000000000000 ) ) ;
#2161 = FACE_OUTER_BOUND ( 'NONE', #664, .T. ) ;
#2162 = ORIENTED_EDGE ( 'NONE', *, *, #3644, .T. ) ;
#2163 = ADVANCED_FACE ( 'NONE', ( #1862 ), #283, .F. ) ;
#2164 = VECTOR ( 'NONE', #3429, 1000.000000000000000 ) ;
#2165 = VECTOR ( 'NONE', #3159, 1000.000000000000114 ) ;
#2166 = CARTESIAN_POINT ( 'NONE',  ( -1.700000000000000178, 5.362132034355964194, -3.412132034355964016 ) ) ;
#2167 = LINE ( 'NONE', #1419, #934 ) ;
#2168 = ORIENTED_EDGE ( 'NONE', *, *, #2248, .T. ) ;
#2169 = AXIS2_PLACEMENT_3D ( 'NONE', #1595, #3037, #2752 ) ;
#2170 = EDGE_CURVE ( 'NONE', #2711, #4218, #2581, .T. ) ;
#2171 = CARTESIAN_POINT ( 'NONE',  ( 5.349999999999999645, 0.5500000000000250244, -1.600000000000000089 ) ) ;
#2172 = VECTOR ( 'NONE', #761, 1000.000000000000000 ) ;
#2173 = CARTESIAN_POINT ( 'NONE',  ( 5.698240118821387590, 5.451655327279209651, -3.448139574263676455 ) ) ;
#2174 = DIRECTION ( 'NONE',  ( 0.000000000000000000, 0.000000000000000000, -1.000000000000000000 ) ) ;
#2175 = CARTESIAN_POINT ( 'NONE',  ( 2.648000000000000131, 0.5000000000000000000, 0.7500000000000001110 ) ) ;
#2176 = VERTEX_POINT ( 'NONE', #69 ) ;
#2177 = ORIENTED_EDGE ( 'NONE', *, *, #1763, .T. ) ;
#2178 = DIRECTION ( 'NONE',  ( -0.000000000000000000, -1.000000000000000000, -0.000000000000000000 ) ) ;
#2179 = CARTESIAN_POINT ( 'NONE',  ( 5.912132034355964905, 5.362132034355964194, 1.200000000000000178 ) ) ;
#2180 = ORIENTED_EDGE ( 'NONE', *, *, #2669, .F. ) ;
#2181 = CARTESIAN_POINT ( 'NONE',  ( 5.450000000000000178, 0.1499999999999999944, 0.5500000000000000444 ) ) ;
#2182 = VECTOR ( 'NONE', #1345, 1000.000000000000000 ) ;
#2183 = VECTOR ( 'NONE', #4755, 1000.000000000000000 ) ;
#2184 = DIRECTION ( 'NONE',  ( -1.000000000000000000, 0.000000000000000000, 0.000000000000000000 ) ) ;
#2185 = DIRECTION ( 'NONE',  ( 0.000000000000000000, 0.000000000000000000, 1.000000000000000000 ) ) ;
#2186 = AXIS2_PLACEMENT_3D ( 'NONE', #3893, #3167, #2786 ) ;
#2187 = VERTEX_POINT ( 'NONE', #1163 ) ;
#2188 = DIRECTION ( 'NONE',  ( 1.000000000000000000, 0.000000000000000000, -0.000000000000000000 ) ) ;
#2189 = VERTEX_POINT ( 'NONE', #47 ) ;
#2190 = CARTESIAN_POINT ( 'NONE',  ( 5.700000000000000178, 0.05000000000008011231, 1.500000000000000000 ) ) ;
#2191 = CARTESIAN_POINT ( 'NONE',  ( -1.500000000000000000, 5.450000000000000178, -1.400000047683999993 ) ) ;
#2192 = FACE_OUTER_BOUND ( 'NONE', #2246, .T. ) ;
#2193 = VECTOR ( 'NONE', #1836, 1000.000000000000000 ) ;
#2194 = CARTESIAN_POINT ( 'NONE',  ( 1.350000000000000089, 0.5500000000000000444, -1.274999999999999911 ) ) ;
#2195 = ORIENTED_EDGE ( 'NONE', *, *, #847, .T. ) ;
#2196 = AXIS2_PLACEMENT_3D ( 'NONE', #180, #1982, #229 ) ;
#2197 = ORIENTED_EDGE ( 'NONE', *, *, #1733, .F. ) ;
#2198 = EDGE_CURVE ( 'NONE', #3798, #3170, #4045, .T. ) ;
#2199 = ADVANCED_FACE ( 'NONE', ( #1526 ), #2631, .F. ) ;
#2200 = EDGE_CURVE ( 'NONE', #3906, #1744, #1958, .T. ) ;
#2201 = CARTESIAN_POINT ( 'NONE',  ( -1.206382977962999981, 5.400000000000000355, -2.387500000000000178 ) ) ;
#2202 = EDGE_CURVE ( 'NONE', #134, #3092, #2007, .T. ) ;
#2203 = CARTESIAN_POINT ( 'NONE',  ( 5.912132034355964905, 5.362132034355965082, 1.377052006648532112 ) ) ;
#2204 = VERTEX_POINT ( 'NONE', #2369 ) ;
#2205 = LINE ( 'NONE', #330, #874 ) ;
#2206 = AXIS2_PLACEMENT_3D ( 'NONE', #4447, #2110, #3353 ) ;
#2207 = PLANE ( 'NONE',  #4092 ) ;
#2208 = CARTESIAN_POINT ( 'NONE',  ( -0.5425531983375000422, 5.400000000000000355, -1.925000047684000126 ) ) ;
#2209 = ORIENTED_EDGE ( 'NONE', *, *, #1901, .F. ) ;
#2210 = DIRECTION ( 'NONE',  ( -0.8100982894070345441, 0.000000000000000000, 0.5862940913055464387 ) ) ;
#2211 =( NAMED_UNIT ( * ) SI_UNIT ( $, .STERADIAN. ) SOLID_ANGLE_UNIT ( ) );
#2212 = EDGE_LOOP ( 'NONE', ( #3246, #1417, #2563, #4405 ) ) ;
#2213 = EDGE_CURVE ( 'NONE', #3713, #2643, #1602, .T. ) ;
#2214 = DIRECTION ( 'NONE',  ( -1.000000000000000000, 0.000000000000000000, 0.000000000000000000 ) ) ;
#2215 = DIRECTION ( 'NONE',  ( 0.8109606669995704786, 0.000000000000000000, -0.5851006721749786310 ) ) ;
#2216 = ADVANCED_FACE ( 'NONE', ( #3434 ), #851, .F. ) ;
#2217 = VECTOR ( 'NONE', #1688, 1000.000000000000000 ) ;
#2218 = DIRECTION ( 'NONE',  ( -0.7071067811854974128, 0.7071067811875975107, 0.000000000000000000 ) ) ;
#2219 = AXIS2_PLACEMENT_3D ( 'NONE', #1212, #3384, #460 ) ;
#2220 = LINE ( 'NONE', #3688, #1013 ) ;
#2221 = VECTOR ( 'NONE', #236, 1000.000000000000000 ) ;
#2222 = ORIENTED_EDGE ( 'NONE', *, *, #2012, .F. ) ;
#2223 = ORIENTED_EDGE ( 'NONE', *, *, #1306, .F. ) ;
#2224 = DIRECTION ( 'NONE',  ( 0.8100982894070791751, 0.000000000000000000, -0.5862940913054849323 ) ) ;
#2225 = CARTESIAN_POINT ( 'NONE',  ( 4.000000000000000000, 2.750000000000000000, 0.8000000000000000444 ) ) ;
#2226 = EDGE_LOOP ( 'NONE', ( #1990, #209, #3968, #3804 ) ) ;
#2227 = FACE_OUTER_BOUND ( 'NONE', #3901, .T. ) ;
#2228 = ADVANCED_FACE ( 'NONE', ( #2707 ), #591, .T. ) ;
#2229 = CARTESIAN_POINT ( 'NONE',  ( 4.000000000000000000, 2.750000000000000000, -3.486639386241999983 ) ) ;
#2230 = CARTESIAN_POINT ( 'NONE',  ( 2.700000000000000178, 0.5000000000000000000, -2.750000000000000000 ) ) ;
#2231 = CARTESIAN_POINT ( 'NONE',  ( 0.6500000000000001332, 0.000000000000000000, -3.500000000000000000 ) ) ;
#2232 = ORIENTED_EDGE ( 'NONE', *, *, #4241, .T. ) ;
#2233 = CARTESIAN_POINT ( 'NONE',  ( 2.649999999999999911, 0.5500000000000000444, -1.274999999999999911 ) ) ;
#2234 = EDGE_LOOP ( 'NONE', ( #4682, #2934, #4104, #786, #2888, #4248, #4064, #2591 ) ) ;
#2235 = DIRECTION ( 'NONE',  ( 0.000000000000000000, 0.000000000000000000, 1.000000000000000000 ) ) ;
#2236 = CARTESIAN_POINT ( 'NONE',  ( -1.397872352599996981, 5.450000000000000178, 0.3000000119210043392 ) ) ;
#2237 = AXIS2_PLACEMENT_3D ( 'NONE', #2488, #226, #4316 ) ;
#2238 = VECTOR ( 'NONE', #4705, 1000.000000000000000 ) ;
#2239 = DIRECTION ( 'NONE',  ( 0.000000000000000000, 1.000000000000000000, -0.000000000000000000 ) ) ;
#2240 = CYLINDRICAL_SURFACE ( 'NONE', #2127, 0.2999999999999999334 ) ;
#2241 = CARTESIAN_POINT ( 'NONE',  ( -1.599999999999999867, 0.5500000000000000444, -1.274999999999999911 ) ) ;
#2242 = ORIENTED_EDGE ( 'NONE', *, *, #4208, .T. ) ;
#2243 = EDGE_LOOP ( 'NONE', ( #3895, #4478, #1726, #2938 ) ) ;
#2244 = CARTESIAN_POINT ( 'NONE',  ( -1.300000000000000266, 1.000000000000000000, -2.750000000000000000 ) ) ;
#2245 = CARTESIAN_POINT ( 'NONE',  ( 5.912132034355964905, 5.362132034355964194, 1.200000000000000178 ) ) ;
#2246 = EDGE_LOOP ( 'NONE', ( #535, #3961, #4325, #545 ) ) ;
#2247 = CARTESIAN_POINT ( 'NONE',  ( 5.299999999999999822, 0.5000000000000000000, -3.500000000000000000 ) ) ;
#2248 = EDGE_CURVE ( 'NONE', #3751, #2946, #3530, .T. ) ;
#2249 = CARTESIAN_POINT ( 'NONE',  ( -1.999986676132684993, 5.148000732276107883, 1.198000732276107705 ) ) ;
#2250 = LINE ( 'NONE', #3723, #2790 ) ;
#2251 = ORIENTED_EDGE ( 'NONE', *, *, #2956, .T. ) ;
#2252 = ORIENTED_EDGE ( 'NONE', *, *, #4514, .F. ) ;
#2253 = EDGE_CURVE ( 'NONE', #2494, #242, #2060, .T. ) ;
#2254 = CARTESIAN_POINT ( 'NONE',  ( -1.300000000000000266, 0.000000000000000000, 0.2500000000000000000 ) ) ;
#2255 =( NAMED_UNIT ( * ) SI_UNIT ( $, .STERADIAN. ) SOLID_ANGLE_UNIT ( ) );
#2256 = ORIENTED_EDGE ( 'NONE', *, *, #963, .T. ) ;
#2257 = VECTOR ( 'NONE', #2916, 1000.000000000000114 ) ;
#2258 = PRODUCT_DEFINITION ( 'UNKNOWN', '', #3242, #4250 ) ;
#2259 = DIRECTION ( 'NONE',  ( -0.000000000000000000, -1.000000000000000000, -0.000000000000000000 ) ) ;
#2260 = LINE ( 'NONE', #450, #4678 ) ;
#2261 = EDGE_CURVE ( 'NONE', #1698, #4406, #537, .T. ) ;
#2262 = DIRECTION ( 'NONE',  ( -0.9506451918075231600, -0.000000000000000000, 0.3102800658973076109 ) ) ;
#2263 = DIRECTION ( 'NONE',  ( 0.000000000000000000, 0.000000000000000000, 1.000000000000000000 ) ) ;
#2264 = FACE_OUTER_BOUND ( 'NONE', #498, .T. ) ;
#2265 = ORIENTED_EDGE ( 'NONE', *, *, #3588, .T. ) ;
#2266 = ORIENTED_EDGE ( 'NONE', *, *, #1513, .T. ) ;
#2267 = EDGE_CURVE ( 'NONE', #183, #3679, #4606, .T. ) ;
#2268 = DIRECTION ( 'NONE',  ( 0.000000000000000000, 1.000000000000000000, 0.000000000000000000 ) ) ;
#2269 = CARTESIAN_POINT ( 'NONE',  ( 4.650000000000000355, 0.000000000000000000, -3.500000000000000000 ) ) ;
#2270 = ORIENTED_EDGE ( 'NONE', *, *, #4372, .T. ) ;
#2271 = DIRECTION ( 'NONE',  ( -1.000000000000000000, -0.000000000000000000, 0.000000000000000000 ) ) ;
#2272 = ORIENTED_EDGE ( 'NONE', *, *, #3943, .T. ) ;
#2273 = ADVANCED_FACE ( 'NONE', ( #3869 ), #3482, .F. ) ;
#2274 = AXIS2_PLACEMENT_3D ( 'NONE', #2557, #4448, #431 ) ;
#2275 = LINE ( 'NONE', #2663, #834 ) ;
#2276 = ORIENTED_EDGE ( 'NONE', *, *, #1399, .T. ) ;
#2277 = ORIENTED_EDGE ( 'NONE', *, *, #3062, .F. ) ;
#2278 = VECTOR ( 'NONE', #2262, 1000.000000000000000 ) ;
#2279 = CARTESIAN_POINT ( 'NONE',  ( 5.599999999999998757, 2.749999999998001154, -3.750000000000000000 ) ) ;
#2280 = VERTEX_POINT ( 'NONE', #2733 ) ;
#2281 = ORIENTED_EDGE ( 'NONE', *, *, #3365, .T. ) ;
#2282 = DIRECTION ( 'NONE',  ( 0.000000000000000000, 1.000000000000000000, -0.000000000000000000 ) ) ;
#2283 = LINE ( 'NONE', #1997, #48 ) ;
#2284 = DIRECTION ( 'NONE',  ( 0.000000000000000000, 0.000000000000000000, 1.000000000000000000 ) ) ;
#2285 = LINE ( 'NONE', #2362, #4013 ) ;
#2286 = CONICAL_SURFACE ( 'NONE', #220, 1.299999999795545369, 0.7853981633974482790 ) ;
#2287 = EDGE_CURVE ( 'NONE', #188, #1115, #2053, .T. ) ;
#2288 = DIRECTION ( 'NONE',  ( 0.000000000000000000, 1.000000000000000000, 0.000000000000000000 ) ) ;
#2289 = CARTESIAN_POINT ( 'NONE',  ( 0.6500000000000001332, 0.5000000000000000000, -3.125000000000000000 ) ) ;
#2290 = CARTESIAN_POINT ( 'NONE',  ( -0.3000000000000788702, 5.349999999999999645, 0.7999999999999364286 ) ) ;
#2291 = VECTOR ( 'NONE', #1567, 1000.000000000000000 ) ;
#2292 = VERTEX_POINT ( 'NONE', #4155 ) ;
#2293 = EDGE_CURVE ( 'NONE', #3407, #2157, #4255, .T. ) ;
#2294 = ORIENTED_EDGE ( 'NONE', *, *, #1494, .F. ) ;
#2295 = FACE_OUTER_BOUND ( 'NONE', #779, .T. ) ;
#2296 = CARTESIAN_POINT ( 'NONE',  ( -1.500000000000000000, 5.400000000000000355, -0.4749999999999999778 ) ) ;
#2297 = CARTESIAN_POINT ( 'NONE',  ( 2.000000000000000000, 0.5500000000000001554, -3.500000000000000000 ) ) ;
#2298 = EDGE_LOOP ( 'NONE', ( #3978, #662 ) ) ;
#2299 = CARTESIAN_POINT ( 'NONE',  ( 1.300000000000000266, 0.5500000000000000444, -1.274999999999999911 ) ) ;
#2300 = CARTESIAN_POINT ( 'NONE',  ( -1.699999999999999956, 0.05000000000016015939, -3.200000000000000178 ) ) ;
#2301 = ORIENTED_EDGE ( 'NONE', *, *, #965, .F. ) ;
#2302 = ORIENTED_EDGE ( 'NONE', *, *, #107, .T. ) ;
#2303 = CARTESIAN_POINT ( 'NONE',  ( -2.001655327279209917, 5.148240118821387767, -3.448139574263675122 ) ) ;
#2304 = ORIENTED_EDGE ( 'NONE', *, *, #3819, .T. ) ;
#2305 = ORIENTED_EDGE ( 'NONE', *, *, #4490, .F. ) ;
#2306 = EDGE_CURVE ( 'NONE', #2471, #2769, #3506, .T. ) ;
#2307 = DIRECTION ( 'NONE',  ( 0.000000000000000000, 1.000000000000000000, 0.000000000000000000 ) ) ;
#2308 = CARTESIAN_POINT ( 'NONE',  ( -1.300000000000001155, 5.350000000003247713, -4.049999999999999822 ) ) ;
#2309 = CARTESIAN_POINT ( 'NONE',  ( -1.349999999999999867, 0.5500000000000000444, -1.600000000000000089 ) ) ;
#2310 = CARTESIAN_POINT ( 'NONE',  ( 2.699999999999999734, 0.000000000000000000, -3.500000000000000000 ) ) ;
#2311 = EDGE_CURVE ( 'NONE', #4075, #3465, #3457, .T. ) ;
#2312 = EDGE_CURVE ( 'NONE', #638, #1912, #2682, .T. ) ;
#2313 = DIRECTION ( 'NONE',  ( -0.7071067811854974128, -0.7071067811875975107, -0.000000000000000000 ) ) ;
#2314 = CARTESIAN_POINT ( 'NONE',  ( 0.000000000000000000, 0.000000000000000000, -3.500000000000000000 ) ) ;
#2315 = VECTOR ( 'NONE', #4762, 1000.000000000000000 ) ;
#2316 = EDGE_CURVE ( 'NONE', #922, #833, #2321, .T. ) ;
#2317 = CIRCLE ( 'NONE', #3480, 1.099999999959436314 ) ;
#2318 = DIRECTION ( 'NONE',  ( -1.000000000000000000, 0.000000000000000000, 0.000000000000000000 ) ) ;
#2319 = EDGE_LOOP ( 'NONE', ( #1563, #2132, #511, #179, #1010 ) ) ;
#2320 = VECTOR ( 'NONE', #2100, 1000.000000000000000 ) ;
#2321 = LINE ( 'NONE', #3093, #3513 ) ;
#2322 = AXIS2_PLACEMENT_3D ( 'NONE', #2096, #3134, #2774 ) ;
#2323 = FACE_OUTER_BOUND ( 'NONE', #2234, .T. ) ;
#2324 = EDGE_LOOP ( 'NONE', ( #1636, #3388, #3888, #813 ) ) ;
#2325 = CARTESIAN_POINT ( 'NONE',  ( 0.6500000000000001332, 0.5000000000000000000, 1.500000000000000000 ) ) ;
#2326 = FACE_OUTER_BOUND ( 'NONE', #2212, .T. ) ;
#2327 = ORIENTED_EDGE ( 'NONE', *, *, #3310, .T. ) ;
#2328 = ORIENTED_EDGE ( 'NONE', *, *, #1281, .F. ) ;
#2329 = PLANE ( 'NONE',  #3338 ) ;
#2330 = ORIENTED_EDGE ( 'NONE', *, *, #2985, .F. ) ;
#2331 = ORIENTED_EDGE ( 'NONE', *, *, #3279, .T. ) ;
#2332 = DIRECTION ( 'NONE',  ( -1.000000000000000000, -0.000000000000000000, 0.000000000000000000 ) ) ;
#2333 = DIRECTION ( 'NONE',  ( 1.000000000000000000, 0.000000000000000000, 0.000000000000000000 ) ) ;
#2334 = LINE ( 'NONE', #2388, #4629 ) ;
#2335 = AXIS2_PLACEMENT_3D ( 'NONE', #214, #3583, #4308 ) ;
#2336 = ADVANCED_FACE ( 'NONE', ( #4556 ), #3143, .T. ) ;
#2337 = CARTESIAN_POINT ( 'NONE',  ( -1.352000000000000091, 1.000000000000000000, 0.7500000000000000000 ) ) ;
#2338 = CARTESIAN_POINT ( 'NONE',  ( 5.700000000000000178, 5.450000000000000178, 1.199999999999999956 ) ) ;
#2339 = VECTOR ( 'NONE', #1741, 1000.000000000000000 ) ;
#2340 = DIRECTION ( 'NONE',  ( -0.000000000000000000, -1.000000000000000000, -0.000000000000000000 ) ) ;
#2341 = AXIS2_PLACEMENT_3D ( 'NONE', #3187, #990, #2466 ) ;
#2342 = VERTEX_POINT ( 'NONE', #513 ) ;
#2343 = DIRECTION ( 'NONE',  ( 0.000000000000000000, 0.000000000000000000, -1.000000000000000000 ) ) ;
#2344 = FACE_OUTER_BOUND ( 'NONE', #3520, .T. ) ;
#2345 = FILL_AREA_STYLE_COLOUR ( '', #879 ) ;
#2346 = EDGE_CURVE ( 'NONE', #859, #4468, #3900, .T. ) ;
#2347 = ORIENTED_EDGE ( 'NONE', *, *, #1200, .F. ) ;
#2348 = EDGE_CURVE ( 'NONE', #532, #2187, #1330, .T. ) ;
#2349 = CARTESIAN_POINT ( 'NONE',  ( 4.000000000000000000, 0.5000000000000000000, 1.500000000000000000 ) ) ;
#2350 = EDGE_CURVE ( 'NONE', #242, #4268, #973, .T. ) ;
#2351 = FACE_OUTER_BOUND ( 'NONE', #4342, .T. ) ;
#2352 = VERTEX_POINT ( 'NONE', #4110 ) ;
#2353 = ORIENTED_EDGE ( 'NONE', *, *, #3074, .F. ) ;
#2354 = CARTESIAN_POINT ( 'NONE',  ( 1.350000000000099343, 0.2499999999999991951, -0.4000000000000000777 ) ) ;
#2355 = ORIENTED_EDGE ( 'NONE', *, *, #2716, .T. ) ;
#2356 = EDGE_LOOP ( 'NONE', ( #884, #4291, #1176, #709 ) ) ;
#2357 = AXIS2_PLACEMENT_3D ( 'NONE', #3070, #3119, #1695 ) ;
#2358 = DIRECTION ( 'NONE',  ( 1.000000000000000000, 0.000000000000000000, 0.000000000000000000 ) ) ;
#2359 = DIRECTION ( 'NONE',  ( -1.000000000000000000, 0.000000000000000000, -0.000000000000000000 ) ) ;
#2360 = CARTESIAN_POINT ( 'NONE',  ( -1.300000000000000266, 0.000000000000000000, -3.500000000000000000 ) ) ;
#2361 = CARTESIAN_POINT ( 'NONE',  ( 0.6500000000000001332, 0.5000000000000000000, 1.125000000000000222 ) ) ;
#2362 = CARTESIAN_POINT ( 'NONE',  ( -2.000000000000000000, 0.05000000000000000278, 0.5500000000000000444 ) ) ;
#2363 = ADVANCED_FACE ( 'NONE', ( #3317 ), #3389, .T. ) ;
#2364 = CARTESIAN_POINT ( 'NONE',  ( -0.2999999999999999889, 5.349999999999999645, -2.524999904632000192 ) ) ;
#2365 = CARTESIAN_POINT ( 'NONE',  ( -1.877052006648532112, 5.362132034355964194, 1.412132034355964905 ) ) ;
#2366 = EDGE_CURVE ( 'NONE', #1172, #4761, #4084, .T. ) ;
#2367 = EDGE_CURVE ( 'NONE', #297, #3577, #1192, .T. ) ;
#2368 = ORIENTED_EDGE ( 'NONE', *, *, #3715, .T. ) ;
#2369 = CARTESIAN_POINT ( 'NONE',  ( -1.700000000000000178, 5.150000000000000355, -3.500000000000000000 ) ) ;
#2370 = FACE_OUTER_BOUND ( 'NONE', #3554, .T. ) ;
#2371 = CARTESIAN_POINT ( 'NONE',  ( 1.024999999999999911, 0.2500000000000000000, 1.500000000000000000 ) ) ;
#2372 = ORIENTED_EDGE ( 'NONE', *, *, #3653, .T. ) ;
#2373 = ORIENTED_EDGE ( 'NONE', *, *, #3842, .F. ) ;
#2374 = ADVANCED_FACE ( 'NONE', ( #2977 ), #1839, .F. ) ;
#2375 = AXIS2_PLACEMENT_3D ( 'NONE', #603, #2097, #3564 ) ;
#2376 = CARTESIAN_POINT ( 'NONE',  ( 5.349999999999999645, 0.4000000000000000222, -2.549999999999999822 ) ) ;
#2377 = CARTESIAN_POINT ( 'NONE',  ( 0.000000000000000000, 2.300000000358000118, -4.049999999999999822 ) ) ;
#2378 = ORIENTED_EDGE ( 'NONE', *, *, #1795, .T. ) ;
#2379 = AXIS2_PLACEMENT_3D ( 'NONE', #2201, #2655, #3334 ) ;
#2380 = ORIENTED_EDGE ( 'NONE', *, *, #2316, .T. ) ;
#2381 = CARTESIAN_POINT ( 'NONE',  ( 5.475735931288070013, 2.749999999998156142, -4.049999999999999822 ) ) ;
#2382 = EDGE_CURVE ( 'NONE', #3447, #927, #1938, .T. ) ;
#2383 = ORIENTED_EDGE ( 'NONE', *, *, #2287, .F. ) ;
#2384 = VERTEX_POINT ( 'NONE', #3414 ) ;
#2385 = LINE ( 'NONE', #4219, #1247 ) ;
#2386 = CARTESIAN_POINT ( 'NONE',  ( 5.549999999999999822, 0.05000000000000000278, -3.500000000000000000 ) ) ;
#2387 = CARTESIAN_POINT ( 'NONE',  ( 5.912132034355966681, 5.362132034355964194, 1.200000000000000844 ) ) ;
#2388 = CARTESIAN_POINT ( 'NONE',  ( -1.350000000000000089, 0.4000000000000000222, 1.500000000000000000 ) ) ;
#2389 = ORIENTED_EDGE ( 'NONE', *, *, #1005, .F. ) ;
#2390 = DIRECTION ( 'NONE',  ( 0.000000000000000000, -1.000000000000000000, -0.000000000000000000 ) ) ;
#2391 = CARTESIAN_POINT ( 'NONE',  ( -0.6063829779624999583, 5.349999999999999645, -2.387500000000000178 ) ) ;
#2392 = ORIENTED_EDGE ( 'NONE', *, *, #1504, .F. ) ;
#2393 = VECTOR ( 'NONE', #2390, 1000.000000000000000 ) ;
#2394 = DIRECTION ( 'NONE',  ( -0.000000000000000000, -0.000000000000000000, -1.000000000000000000 ) ) ;
#2395 = VECTOR ( 'NONE', #966, 1000.000000000000000 ) ;
#2396 = DIRECTION ( 'NONE',  ( 0.000000000000000000, 0.000000000000000000, -1.000000000000000000 ) ) ;
#2397 = ORIENTED_EDGE ( 'NONE', *, *, #3012, .F. ) ;
#2398 = AXIS2_PLACEMENT_3D ( 'NONE', #168, #1641, #3106 ) ;
#2399 = ORIENTED_EDGE ( 'NONE', *, *, #2915, .F. ) ;
#2400 = VECTOR ( 'NONE', #832, 1000.000000000000000 ) ;
#2401 = DIRECTION ( 'NONE',  ( 0.7071067811854974128, 0.7071067811875975107, 0.000000000000000000 ) ) ;
#2402 = CARTESIAN_POINT ( 'NONE',  ( -1.549999999999846612, 0.04999999999985632604, 0.5500000000000000444 ) ) ;
#2403 = CARTESIAN_POINT ( 'NONE',  ( -1.300000000000000266, 1.000000000000000000, 0.7500000000000000000 ) ) ;
#2404 = ORIENTED_EDGE ( 'NONE', *, *, #876, .F. ) ;
#2405 = DIRECTION ( 'NONE',  ( 0.000000000000000000, 1.000000000000000000, 0.000000000000000000 ) ) ;
#2406 = ADVANCED_FACE ( 'NONE', ( #1532 ), #4135, .T. ) ;
#2407 = ORIENTED_EDGE ( 'NONE', *, *, #3310, .F. ) ;
#2408 = VERTEX_POINT ( 'NONE', #77 ) ;
#2409 = EDGE_CURVE ( 'NONE', #1486, #3092, #3696, .T. ) ;
#2410 = CARTESIAN_POINT ( 'NONE',  ( 0.000000000000000000, 0.000000000000000000, 1.500000000000000000 ) ) ;
#2411 = CARTESIAN_POINT ( 'NONE',  ( -1.300000000000000044, 0.5500000000000000444, 0.5320550528229832654 ) ) ;
#2412 = ORIENTED_EDGE ( 'NONE', *, *, #959, .T. ) ;
#2413 = CARTESIAN_POINT ( 'NONE',  ( 1.350000000000000089, 0.2499999999998999967, 0.5500000000000000444 ) ) ;
#2414 = ORIENTED_EDGE ( 'NONE', *, *, #1204, .F. ) ;
#2415 = ADVANCED_FACE ( 'NONE', ( #3744 ), #2999, .T. ) ;
#2416 = UNCERTAINTY_MEASURE_WITH_UNIT (LENGTH_MEASURE( 1.000000000000000082E-05 ), #828, 'distance_accuracy_value', 'NONE');
#2417 = EDGE_CURVE ( 'NONE', #4279, #3929, #1170, .T. ) ;
#2418 = DIRECTION ( 'NONE',  ( 0.000000000000000000, 0.000000000000000000, 1.000000000000000000 ) ) ;
#2419 = LINE ( 'NONE', #249, #1878 ) ;
#2420 = AXIS2_PLACEMENT_3D ( 'NONE', #1276, #4265, #4597 ) ;
#2421 = VECTOR ( 'NONE', #3605, 1000.000000000000000 ) ;
#2422 = DIRECTION ( 'NONE',  ( -0.000000000000000000, 0.000000000000000000, -1.000000000000000000 ) ) ;
#2423 = DIRECTION ( 'NONE',  ( -0.000000000000000000, -0.000000000000000000, -1.000000000000000000 ) ) ;
#2424 = VERTEX_POINT ( 'NONE', #760 ) ;
#2425 = ORIENTED_EDGE ( 'NONE', *, *, #2213, .T. ) ;
#2426 = ADVANCED_FACE ( 'NONE', ( #1118 ), #1865, .F. ) ;
#2427 = LINE ( 'NONE', #4535, #2901 ) ;
#2428 = CARTESIAN_POINT ( 'NONE',  ( 4.000000000000000000, 0.5000000000000000000, -3.500000000000000000 ) ) ;
#2429 = DIRECTION ( 'NONE',  ( 0.9486833037050936834, 0.000000000000000000, -0.3162277490530979174 ) ) ;
#2430 = ORIENTED_EDGE ( 'NONE', *, *, #3561, .F. ) ;
#2431 = EDGE_CURVE ( 'NONE', #2001, #618, #2636, .T. ) ;
#2432 = CARTESIAN_POINT ( 'NONE',  ( 2.700000000000000178, 2.750000000000000000, -4.049999999999999822 ) ) ;
#2433 = DIRECTION ( 'NONE',  ( 0.000000000000000000, 0.000000000000000000, 1.000000000000000000 ) ) ;
#2434 = CARTESIAN_POINT ( 'NONE',  ( 3.350000000000000089, 0.000000000000000000, 1.500000000000000000 ) ) ;
#2435 = AXIS2_PLACEMENT_3D ( 'NONE', #2403, #282, #4686 ) ;
#2436 = ORIENTED_EDGE ( 'NONE', *, *, #3294, .T. ) ;
#2437 = CARTESIAN_POINT ( 'NONE',  ( -0.2999999999999600209, 5.400000000000000355, -0.8000000476836796048 ) ) ;
#2438 = CARTESIAN_POINT ( 'NONE',  ( 6.000000000000000000, 0.05000000000000000278, -2.549999999999999822 ) ) ;
#2439 = AXIS2_PLACEMENT_3D ( 'NONE', #395, #2588, #3769 ) ;
#2440 = ORIENTED_EDGE ( 'NONE', *, *, #4340, .F. ) ;
#2441 = CARTESIAN_POINT ( 'NONE',  ( -1.600000000001001954, 5.950000000004497913, -3.750000000000000000 ) ) ;
#2442 = VECTOR ( 'NONE', #4639, 1000.000000000000000 ) ;
#2443 = CARTESIAN_POINT ( 'NONE',  ( 4.750000000000000000, 0.000000000000000000, -3.500000000000000000 ) ) ;
#2444 = AXIS2_PLACEMENT_3D ( 'NONE', #2676, #4150, #1541 ) ;
#2445 = ADVANCED_FACE ( 'NONE', ( #3722 ), #417, .F. ) ;
#2446 = DIRECTION ( 'NONE',  ( 0.000000000000000000, 0.000000000000000000, 1.000000000000000000 ) ) ;
#2447 = CARTESIAN_POINT ( 'NONE',  ( -1.299999999795545369, 2.750000000000000000, 1.499999999850842869 ) ) ;
#2448 = ADVANCED_FACE ( 'NONE', ( #4637 ), #3098, .T. ) ;
#2449 = VERTEX_POINT ( 'NONE', #1335 ) ;
#2450 = EDGE_LOOP ( 'NONE', ( #1138, #4133, #2980 ) ) ;
#2451 = LINE ( 'NONE', #3625, #39 ) ;
#2452 = DIRECTION ( 'NONE',  ( -1.000000000000000000, 0.000000000000000000, 0.000000000000000000 ) ) ;
#2453 = DIRECTION ( 'NONE',  ( -0.000000000000000000, -1.000000000000000000, 0.000000000000000000 ) ) ;
#2454 = ORIENTED_EDGE ( 'NONE', *, *, #788, .F. ) ;
#2455 = LINE ( 'NONE', #1750, #2565 ) ;
#2456 = AXIS2_PLACEMENT_3D ( 'NONE', #4598, #4619, #2775 ) ;
#2457 = AXIS2_PLACEMENT_3D ( 'NONE', #3290, #1770, #2474 ) ;
#2458 = CARTESIAN_POINT ( 'NONE',  ( 1.449999999999999956, 0.1499999999999999944, -2.549999999999999822 ) ) ;
#2459 = DIRECTION ( 'NONE',  ( -0.000000000000000000, 1.000000000000000000, 0.000000000000000000 ) ) ;
#2460 = ORIENTED_EDGE ( 'NONE', *, *, #4235, .T. ) ;
#2461 = FACE_OUTER_BOUND ( 'NONE', #4307, .T. ) ;
#2462 = CARTESIAN_POINT ( 'NONE',  ( -1.700000000000000178, 5.362132034355964194, 1.412132034355964016 ) ) ;
#2463 = ORIENTED_EDGE ( 'NONE', *, *, #1097, .T. ) ;
#2464 = EDGE_CURVE ( 'NONE', #4406, #2993, #3897, .T. ) ;
#2465 = CARTESIAN_POINT ( 'NONE',  ( 0.000000000000000000, 0.5000000000000000000, 1.500000000000000000 ) ) ;
#2466 = DIRECTION ( 'NONE',  ( 1.000000000000000000, 0.000000000000000000, 0.000000000000000000 ) ) ;
#2467 = EDGE_CURVE ( 'NONE', #2471, #2384, #978, .T. ) ;
#2468 = EDGE_CURVE ( 'NONE', #3455, #3713, #4184, .T. ) ;
#2469 = DIRECTION ( 'NONE',  ( 1.000000000000000000, 0.000000000000000000, -0.000000000000000000 ) ) ;
#2470 = EDGE_LOOP ( 'NONE', ( #2822, #30, #472, #2414 ) ) ;
#2471 = VERTEX_POINT ( 'NONE', #2712 ) ;
#2472 = VECTOR ( 'NONE', #4673, 1000.000000000000000 ) ;
#2473 = LINE ( 'NONE', #2836, #1206 ) ;
#2474 = DIRECTION ( 'NONE',  ( 0.000000000000000000, 0.000000000000000000, 1.000000000000000000 ) ) ;
#2475 = DIRECTION ( 'NONE',  ( -0.000000000000000000, -0.000000000000000000, -1.000000000000000000 ) ) ;
#2476 = APPLICATION_CONTEXT ( 'automotive_design' ) ;
#2477 = EDGE_LOOP ( 'NONE', ( #913, #2114, #87, #637 ) ) ;
#2478 = DIRECTION ( 'NONE',  ( 0.000000000000000000, -0.000000000000000000, 1.000000000000000000 ) ) ;
#2479 = VECTOR ( 'NONE', #4067, 1000.000000000000000 ) ;
#2480 = VECTOR ( 'NONE', #2703, 1000.000000000000000 ) ;
#2481 = CARTESIAN_POINT ( 'NONE',  ( -0.7085106253623663086, 5.450000000000000178, 0.5249999940396484766 ) ) ;
#2482 = DIRECTION ( 'NONE',  ( 0.000000000000000000, 0.000000000000000000, -1.000000000000000000 ) ) ;
#2483 = EDGE_LOOP ( 'NONE', ( #324, #1896, #2380, #2145 ) ) ;
#2484 = VECTOR ( 'NONE', #2073, 1000.000000000000000 ) ;
#2485 = DIRECTION ( 'NONE',  ( -0.000000000000000000, -1.000000000000000000, -0.000000000000000000 ) ) ;
#2486 = LINE ( 'NONE', #2509, #2472 ) ;
#2487 = EDGE_LOOP ( 'NONE', ( #1224, #886, #4512, #604 ) ) ;
#2488 = CARTESIAN_POINT ( 'NONE',  ( 0.000000000000000000, -0.01000000000000000021, 1.500000000000000000 ) ) ;
#2489 = CARTESIAN_POINT ( 'NONE',  ( 5.099999999732062861, 2.750000000000000000, 1.299999999730516720 ) ) ;
#2490 = EDGE_CURVE ( 'NONE', #3854, #378, #1633, .T. ) ;
#2491 = CARTESIAN_POINT ( 'NONE',  ( 5.700000000000000178, 5.150000000000000355, 1.500000000000000000 ) ) ;
#2492 = ORIENTED_EDGE ( 'NONE', *, *, #2578, .F. ) ;
#2493 = ORIENTED_EDGE ( 'NONE', *, *, #3631, .T. ) ;
#2494 = VERTEX_POINT ( 'NONE', #1700 ) ;
#2495 = VECTOR ( 'NONE', #1139, 1000.000000000000000 ) ;
#2496 = LINE ( 'NONE', #1382, #2587 ) ;
#2497 = DIRECTION ( 'NONE',  ( 1.000000000000000000, -0.000000000000000000, 0.000000000000000000 ) ) ;
#2498 = CARTESIAN_POINT ( 'NONE',  ( -1.350000000000049827, 0.2499999999999495959, 1.500000000000000000 ) ) ;
#2499 = VERTEX_POINT ( 'NONE', #491 ) ;
#2500 = CIRCLE ( 'NONE', #2808, 1.600000000000000089 ) ;
#2501 = ADVANCED_FACE ( 'NONE', ( #4236 ), #3173, .T. ) ;
#2502 = DIRECTION ( 'NONE',  ( 0.000000000000000000, -0.000000000000000000, 1.000000000000000000 ) ) ;
#2503 = VECTOR ( 'NONE', #633, 1000.000000000000000 ) ;
#2504 = EDGE_CURVE ( 'NONE', #8, #3055, #2058, .T. ) ;
#2505 = DIRECTION ( 'NONE',  ( 0.000000000000000000, 1.000000000000000000, -0.000000000000000000 ) ) ;
#2506 = DIRECTION ( 'NONE',  ( 0.8109604400572790750, 0.000000000000000000, 0.5851009867211849347 ) ) ;
#2507 = ORIENTED_EDGE ( 'NONE', *, *, #3615, .F. ) ;
#2508 = LINE ( 'NONE', #3566, #469 ) ;
#2509 = CARTESIAN_POINT ( 'NONE',  ( -1.100000000000000089, 2.750000000000000000, 0.7866393862416000138 ) ) ;
#2510 = ORIENTED_EDGE ( 'NONE', *, *, #4054, .F. ) ;
#2511 = PLANE ( 'NONE',  #630 ) ;
#2512 = LINE ( 'NONE', #2877, #3190 ) ;
#2513 = VECTOR ( 'NONE', #178, 1000.000000000000000 ) ;
#2514 = VECTOR ( 'NONE', #3402, 1000.000000000000000 ) ;
#2515 = EDGE_CURVE ( 'NONE', #2131, #2538, #1357, .T. ) ;
#2516 = LINE ( 'NONE', #1039, #4547 ) ;
#2517 = ORIENTED_EDGE ( 'NONE', *, *, #659, .T. ) ;
#2518 = ORIENTED_EDGE ( 'NONE', *, *, #788, .T. ) ;
#2519 = VERTEX_POINT ( 'NONE', #3874 ) ;
#2520 = DIRECTION ( 'NONE',  ( 0.000000000000000000, -0.000000000000000000, 1.000000000000000000 ) ) ;
#2521 = LINE ( 'NONE', #2135, #612 ) ;
#2522 = CARTESIAN_POINT ( 'NONE',  ( 5.573742182490724062, 5.272259282061490637, 1.499986676132685437 ) ) ;
#2523 = ORIENTED_EDGE ( 'NONE', *, *, #4632, .F. ) ;
#2524 = CARTESIAN_POINT ( 'NONE',  ( -0.6063829779623000071, 5.450000000000000178, -1.000000000000000000 ) ) ;
#2525 = ADVANCED_FACE ( 'NONE', ( #1312 ), #2066, .T. ) ;
#2526 = AXIS2_PLACEMENT_3D ( 'NONE', #4422, #3662, #2575 ) ;
#2527 = DIRECTION ( 'NONE',  ( 0.000000000000000000, 1.000000000000000000, 0.000000000000000000 ) ) ;
#2528 = DIRECTION ( 'NONE',  ( 1.000000000000000000, 0.000000000000000000, -0.000000000000000000 ) ) ;
#2529 = VERTEX_POINT ( 'NONE', #572 ) ;
#2530 = ADVANCED_FACE ( 'NONE', ( #4211 ), #233, .T. ) ;
#2531 = CIRCLE ( 'NONE', #609, 1.099999999845749477 ) ;
#2532 = CARTESIAN_POINT ( 'NONE',  ( -0.2999999999999999334, 5.450000000000000178, -0.8000000476837999530 ) ) ;
#2533 = ORIENTED_EDGE ( 'NONE', *, *, #4109, .F. ) ;
#2534 = CARTESIAN_POINT ( 'NONE',  ( 4.000000000000000000, 2.750000000000000000, 0.8000000000000000444 ) ) ;
#2535 = DIRECTION ( 'NONE',  ( 1.000000000000000000, 0.000000000000000000, 0.000000000000000000 ) ) ;
#2536 = PLANE ( 'NONE',  #3531 ) ;
#2537 = CARTESIAN_POINT ( 'NONE',  ( 6.000000000000000000, 0.5500000000000001554, -0.3999999999999999667 ) ) ;
#2538 = VERTEX_POINT ( 'NONE', #2813 ) ;
#2539 = ORIENTED_EDGE ( 'NONE', *, *, #4630, .T. ) ;
#2540 = FACE_OUTER_BOUND ( 'NONE', #3177, .T. ) ;
#2541 = CARTESIAN_POINT ( 'NONE',  ( -0.5425531983375000422, 5.349999999999999645, -1.925000047684000126 ) ) ;
#2542 = EDGE_LOOP ( 'NONE', ( #1692, #2121, #2671, #3101 ) ) ;
#2543 = CARTESIAN_POINT ( 'NONE',  ( 6.000000000000000000, 2.600000000000000533, 1.199999999999999734 ) ) ;
#2544 = DIRECTION ( 'NONE',  ( 0.000000000000000000, 0.000000000000000000, 1.000000000000000000 ) ) ;
#2545 = CARTESIAN_POINT ( 'NONE',  ( 1.600000000000000089, 2.749999999997999822, -3.625000000000000000 ) ) ;
#2546 = ORIENTED_EDGE ( 'NONE', *, *, #4672, .F. ) ;
#2547 = AXIS2_PLACEMENT_3D ( 'NONE', #3349, #2259, #2721 ) ;
#2548 = ADVANCED_FACE ( 'NONE', ( #3848 ), #3125, .F. ) ;
#2549 = CARTESIAN_POINT ( 'NONE',  ( 2.649999999999999911, 0.4000000000000000222, -3.500000000000000000 ) ) ;
#2550 = DIRECTION ( 'NONE',  ( 0.000000000000000000, 0.000000000000000000, 1.000000000000000000 ) ) ;
#2551 = ORIENTED_EDGE ( 'NONE', *, *, #1844, .F. ) ;
#2552 = AXIS2_PLACEMENT_3D ( 'NONE', #3085, #476, #3427 ) ;
#2553 = DIRECTION ( 'NONE',  ( -0.000000000000000000, -1.000000000000000000, -0.000000000000000000 ) ) ;
#2554 = AXIS2_PLACEMENT_3D ( 'NONE', #1751, #2505, #1367 ) ;
#2555 = PLANE ( 'NONE',  #3575 ) ;
#2556 = EDGE_CURVE ( 'NONE', #2580, #1912, #595, .T. ) ;
#2557 = CARTESIAN_POINT ( 'NONE',  ( 2.700000000000000178, 0.5500000000000000444, -3.750000000000000000 ) ) ;
#2558 = DIRECTION ( 'NONE',  ( 0.000000000000000000, -0.000000000000000000, 1.000000000000000000 ) ) ;
#2559 = ORIENTED_EDGE ( 'NONE', *, *, #3672, .T. ) ;
#2560 = ORIENTED_EDGE ( 'NONE', *, *, #2431, .F. ) ;
#2561 = DIRECTION ( 'NONE',  ( 0.000000000000000000, 1.000000000000000000, 0.000000000000000000 ) ) ;
#2562 = CARTESIAN_POINT ( 'NONE',  ( 5.912132034355966681, 5.149999999999999467, -3.412132034355966237 ) ) ;
#2563 = ORIENTED_EDGE ( 'NONE', *, *, #448, .F. ) ;
#2564 = FACE_OUTER_BOUND ( 'NONE', #721, .T. ) ;
#2565 = VECTOR ( 'NONE', #3926, 1000.000000000000000 ) ;
#2566 = LINE ( 'NONE', #3295, #3941 ) ;
#2567 = CARTESIAN_POINT ( 'NONE',  ( -1.500000000000023759, 5.450000000000000178, -1.250000047683929472 ) ) ;
#2568 = CIRCLE ( 'NONE', #2186, 0.5000000000000000000 ) ;
#2569 = VERTEX_POINT ( 'NONE', #4590 ) ;
#2570 = PLANE ( 'NONE',  #1487 ) ;
#2571 = VECTOR ( 'NONE', #4628, 1000.000000000000114 ) ;
#2572 =( LENGTH_UNIT ( ) NAMED_UNIT ( * ) SI_UNIT ( .MILLI., .METRE. ) );
#2573 = ORIENTED_EDGE ( 'NONE', *, *, #2005, .F. ) ;
#2574 = CARTESIAN_POINT ( 'NONE',  ( 4.000000000000000000, -0.01000000000000000021, -3.500000000000000000 ) ) ;
#2575 = DIRECTION ( 'NONE',  ( 1.000000000000000000, 0.000000000000000000, -0.000000000000000000 ) ) ;
#2576 = LINE ( 'NONE', #406, #3976 ) ;
#2577 = AXIS2_PLACEMENT_3D ( 'NONE', #4387, #1071, #23 ) ;
#2578 = EDGE_CURVE ( 'NONE', #1984, #962, #1291, .T. ) ;
#2579 = DIRECTION ( 'NONE',  ( -1.000000000000000000, -0.000000000000000000, -0.000000000000000000 ) ) ;
#2580 = VERTEX_POINT ( 'NONE', #4611 ) ;
#2581 = CIRCLE ( 'NONE', #123, 0.5000000000000000000 ) ;
#2582 = VERTEX_POINT ( 'NONE', #952 ) ;
#2583 = FACE_OUTER_BOUND ( 'NONE', #2609, .T. ) ;
#2584 = CARTESIAN_POINT ( 'NONE',  ( 5.912132034355964905, 5.362132034355964194, 1.199999999999999956 ) ) ;
#2585 = ORIENTED_EDGE ( 'NONE', *, *, #1963, .T. ) ;
#2586 = LINE ( 'NONE', #3629, #2109 ) ;
#2587 = VECTOR ( 'NONE', #4071, 1000.000000000000000 ) ;
#2588 = DIRECTION ( 'NONE',  ( 0.000000000000000000, 0.000000000000000000, 1.000000000000000000 ) ) ;
#2589 = CARTESIAN_POINT ( 'NONE',  ( -1.700000000000000178, 5.150000000000000355, 1.199999999999999956 ) ) ;
#2590 = PLANE ( 'NONE',  #2841 ) ;
#2591 = ORIENTED_EDGE ( 'NONE', *, *, #3370, .T. ) ;
#2592 = CARTESIAN_POINT ( 'NONE',  ( -1.699999999999999289, 5.362132034355964194, -3.412132034355964905 ) ) ;
#2593 = DIRECTION ( 'NONE',  ( 1.000000000000000000, 0.000000000000000000, 0.000000000000000000 ) ) ;
#2594 = ORIENTED_EDGE ( 'NONE', *, *, #4401, .T. ) ;
#2595 = CARTESIAN_POINT ( 'NONE',  ( -1.300000000000000266, 2.300000000358000118, -4.049999999999999822 ) ) ;
#2596 = CARTESIAN_POINT ( 'NONE',  ( 5.912132034355966681, 5.150000000000000355, -3.412132034355966681 ) ) ;
#2597 = EDGE_CURVE ( 'NONE', #4224, #3055, #2427, .T. ) ;
#2598 = AXIS2_PLACEMENT_3D ( 'NONE', #2820, #3200, #3857 ) ;
#2599 = LINE ( 'NONE', #1022, #3133 ) ;
#2600 = CARTESIAN_POINT ( 'NONE',  ( 0.6500000000000001332, 0.000000000000000000, 1.125000000000000222 ) ) ;
#2601 = CIRCLE ( 'NONE', #4065, 0.7500000000000002220 ) ;
#2602 = LINE ( 'NONE', #2968, #1083 ) ;
#2603 = EDGE_CURVE ( 'NONE', #4443, #2029, #4303, .T. ) ;
#2604 = ORIENTED_EDGE ( 'NONE', *, *, #1056, .F. ) ;
#2605 = ORIENTED_EDGE ( 'NONE', *, *, #3074, .T. ) ;
#2606 = EDGE_CURVE ( 'NONE', #4680, #1744, #2599, .T. ) ;
#2607 = DIRECTION ( 'NONE',  ( 1.000000000000000000, -0.000000000000000000, -0.000000000000000000 ) ) ;
#2608 = PLANE ( 'NONE',  #3201 ) ;
#2609 = EDGE_LOOP ( 'NONE', ( #1428, #2510, #2251, #2653 ) ) ;
#2610 = CARTESIAN_POINT ( 'NONE',  ( 2.000000000000000000, 0.5500000000000998535, 1.500000000000000000 ) ) ;
#2611 = CARTESIAN_POINT ( 'NONE',  ( -1.877052006648532112, 5.288794691956771210, 1.485469376755157223 ) ) ;
#2612 = DIRECTION ( 'NONE',  ( 0.000000000000000000, 1.000000000000000000, -0.000000000000000000 ) ) ;
#2613 = DIRECTION ( 'NONE',  ( 0.9486832867414232151, 0.000000000000000000, 0.3162277999441077125 ) ) ;
#2614 = ORIENTED_EDGE ( 'NONE', *, *, #1618, .F. ) ;
#2615 = VERTEX_POINT ( 'NONE', #40 ) ;
#2616 = CARTESIAN_POINT ( 'NONE',  ( -0.6063829779623000071, 5.450000000000000178, 0.5500000059603000757 ) ) ;
#2617 = ORIENTED_EDGE ( 'NONE', *, *, #608, .T. ) ;
#2618 = VECTOR ( 'NONE', #2307, 1000.000000000000000 ) ;
#2619 = CARTESIAN_POINT ( 'NONE',  ( -1.700000000000000178, 5.450000000000000178, 1.199999999999999734 ) ) ;
#2620 = CARTESIAN_POINT ( 'NONE',  ( 5.485878119317074919, 5.325728126347299529, -3.410123345235140935 ) ) ;
#2621 = AXIS2_PLACEMENT_3D ( 'NONE', #2144, #3613, #313 ) ;
#2622 = AXIS2_PLACEMENT_3D ( 'NONE', #4445, #424, #1150 ) ;
#2623 = AXIS2_PLACEMENT_3D ( 'NONE', #510, #3381, #4099 ) ;
#2624 = AXIS2_PLACEMENT_3D ( 'NONE', #1730, #1710, #3199 ) ;
#2625 = DIRECTION ( 'NONE',  ( 0.000000000000000000, -1.000000000000000000, 0.000000000000000000 ) ) ;
#2626 = DIRECTION ( 'NONE',  ( 0.3102799653834130145, -0.000000000000000000, 0.9506452246141396945 ) ) ;
#2627 = EDGE_CURVE ( 'NONE', #2798, #4587, #2496, .T. ) ;
#2628 = CARTESIAN_POINT ( 'NONE',  ( -0.9000000000000001332, 5.400000000000000355, -0.6000000238417999565 ) ) ;
#2629 = ORIENTED_EDGE ( 'NONE', *, *, #201, .F. ) ;
#2630 = EDGE_LOOP ( 'NONE', ( #2693, #4768, #336, #1026 ) ) ;
#2631 = CYLINDRICAL_SURFACE ( 'NONE', #1813, 0.5000000000000000000 ) ;
#2632 = CARTESIAN_POINT ( 'NONE',  ( -1.500000000000000000, 5.450000000000000178, -1.000000000000000000 ) ) ;
#2633 = EDGE_LOOP ( 'NONE', ( #4074, #1916, #4610, #4049 ) ) ;
#2634 = SURFACE_STYLE_FILL_AREA ( #4206 ) ;
#2635 = EDGE_LOOP ( 'NONE', ( #3368, #3124, #4640, #2492 ) ) ;
#2636 = LINE ( 'NONE', #4435, #3979 ) ;
#2637 = CARTESIAN_POINT ( 'NONE',  ( 4.650000000000000355, 0.5000000000000000000, 1.125000000000000222 ) ) ;
#2638 = FACE_OUTER_BOUND ( 'NONE', #1144, .T. ) ;
#2639 = ORIENTED_EDGE ( 'NONE', *, *, #715, .T. ) ;
#2640 = CARTESIAN_POINT ( 'NONE',  ( -0.9765957444903998752, 5.349999999999999645, -0.7249999761581999991 ) ) ;
#2641 =( NAMED_UNIT ( * ) PLANE_ANGLE_UNIT ( ) SI_UNIT ( $, .RADIAN. ) );
#2642 = ADVANCED_FACE ( 'NONE', ( #1407 ), #257, .T. ) ;
#2643 = VERTEX_POINT ( 'NONE', #3709 ) ;
#2644 = ORIENTED_EDGE ( 'NONE', *, *, #4066, .F. ) ;
#2645 = VECTOR ( 'NONE', #3342, 1000.000000000000000 ) ;
#2646 = VECTOR ( 'NONE', #2210, 1000.000000000000000 ) ;
#2647 = PLANE ( 'NONE',  #2622 ) ;
#2648 = CARTESIAN_POINT ( 'NONE',  ( 5.299999999999999822, 0.5000000000000000000, 1.125000000000000222 ) ) ;
#2649 = ADVANCED_FACE ( 'NONE', ( #768 ), #2884, .F. ) ;
#2650 = DIRECTION ( 'NONE',  ( -0.000000000000000000, 0.000000000000000000, -1.000000000000000000 ) ) ;
#2651 = FACE_OUTER_BOUND ( 'NONE', #1825, .T. ) ;
#2652 = PLANE ( 'NONE',  #389 ) ;
#2653 = ORIENTED_EDGE ( 'NONE', *, *, #1856, .T. ) ;
#2654 = VERTEX_POINT ( 'NONE', #14 ) ;
#2655 = DIRECTION ( 'NONE',  ( -0.5862938322916962930, 0.000000000000000000, 0.8100984768635949296 ) ) ;
#2656 = CARTESIAN_POINT ( 'NONE',  ( -0.2999999999999666267, 5.349999999999999645, -1.000000000000000000 ) ) ;
#2657 = LINE ( 'NONE', #4586, #4407 ) ;
#2658 = AXIS2_PLACEMENT_3D ( 'NONE', #1262, #2446, #3913 ) ;
#2659 = EDGE_LOOP ( 'NONE', ( #3599, #4508, #1267, #912 ) ) ;
#2660 = EDGE_CURVE ( 'NONE', #3647, #1098, #4288, .T. ) ;
#2661 = VECTOR ( 'NONE', #2091, 1000.000000000000000 ) ;
#2662 = DIRECTION ( 'NONE',  ( 1.000000000000000000, -0.000000000000000000, 0.000000000000000000 ) ) ;
#2663 = CARTESIAN_POINT ( 'NONE',  ( 2.000000000000000000, 0.5500000000000000444, -4.049999999999999822 ) ) ;
#2664 = VERTEX_POINT ( 'NONE', #4345 ) ;
#2665 = EDGE_LOOP ( 'NONE', ( #4593, #3614, #1347, #2197 ) ) ;
#2666 = AXIS2_PLACEMENT_3D ( 'NONE', #882, #3795, #3536 ) ;
#2667 = EDGE_CURVE ( 'NONE', #3468, #2798, #2473, .T. ) ;
#2668 = CARTESIAN_POINT ( 'NONE',  ( 1.350000000000000089, 0.5500000000000749845, -1.600000000000000089 ) ) ;
#2669 = EDGE_CURVE ( 'NONE', #2794, #60, #1434, .T. ) ;
#2670 = EDGE_LOOP ( 'NONE', ( #4596, #1697, #2043, #1980 ) ) ;
#2671 = ORIENTED_EDGE ( 'NONE', *, *, #2382, .T. ) ;
#2672 = CARTESIAN_POINT ( 'NONE',  ( 0.000000000000000000, 2.750000000000000000, -3.486639386241999983 ) ) ;
#2673 = FACE_OUTER_BOUND ( 'NONE', #3831, .T. ) ;
#2674 = FACE_OUTER_BOUND ( 'NONE', #2542, .T. ) ;
#2675 = FACE_OUTER_BOUND ( 'NONE', #1577, .T. ) ;
#2676 = CARTESIAN_POINT ( 'NONE',  ( 1.352000000000000091, 1.000000000000000000, -2.750000000000000000 ) ) ;
#2677 = CARTESIAN_POINT ( 'NONE',  ( 2.700000000000000178, 0.000000000000000000, 0.2500000000000000000 ) ) ;
#2678 = CARTESIAN_POINT ( 'NONE',  ( 5.700000000000000178, 5.150000000000000355, -3.200000000000000178 ) ) ;
#2679 = AXIS2_PLACEMENT_3D ( 'NONE', #4195, #172, #558 ) ;
#2680 = VERTEX_POINT ( 'NONE', #2988 ) ;
#2681 = VECTOR ( 'NONE', #711, 1000.000000000000000 ) ;
#2682 = LINE ( 'NONE', #1626, #2971 ) ;
#2683 = CARTESIAN_POINT ( 'NONE',  ( 5.299999999999999822, 0.2500000000000000000, 1.500000000000000000 ) ) ;
#2684 = AXIS2_PLACEMENT_3D ( 'NONE', #2862, #3220, #3539 ) ;
#2685 = DIRECTION ( 'NONE',  ( -1.000000000000000000, -0.000000000000000000, -0.000000000000000000 ) ) ;
#2686 = ORIENTED_EDGE ( 'NONE', *, *, #4292, .T. ) ;
#2687 = CARTESIAN_POINT ( 'NONE',  ( -1.877052006648532112, 5.362132034355965082, 1.412132034355963794 ) ) ;
#2688 = CARTESIAN_POINT ( 'NONE',  ( -0.6063829779624999583, 5.349999999999999645, 0.3000000029802000201 ) ) ;
#2689 = ORIENTED_EDGE ( 'NONE', *, *, #4475, .T. ) ;
#2690 = VERTEX_POINT ( 'NONE', #665 ) ;
#2691 = DIRECTION ( 'NONE',  ( -0.3162277744987079253, 0.000000000000000000, 0.9486832952232238103 ) ) ;
#2692 = ORIENTED_EDGE ( 'NONE', *, *, #589, .F. ) ;
#2693 = ORIENTED_EDGE ( 'NONE', *, *, #3504, .T. ) ;
#2694 = DIRECTION ( 'NONE',  ( 0.7071067811865475727, -0.7071067811865475727, 0.000000000000000000 ) ) ;
#2695 = PLANE ( 'NONE',  #1902 ) ;
#2696 = CARTESIAN_POINT ( 'NONE',  ( -1.675000000000000044, 0.2999999999999999889, -0.4000000000000000222 ) ) ;
#2697 = CARTESIAN_POINT ( 'NONE',  ( -0.2999999999999691802, 5.349999999999999645, -1.750000000000042855 ) ) ;
#2698 = AXIS2_PLACEMENT_3D ( 'NONE', #1824, #1871, #3347 ) ;
#2699 = DIRECTION ( 'NONE',  ( -0.000000000000000000, 0.000000000000000000, -1.000000000000000000 ) ) ;
#2700 = DIRECTION ( 'NONE',  ( 1.000000000000000000, -0.000000000000000000, -0.000000000000000000 ) ) ;
#2701 = VECTOR ( 'NONE', #3303, 1000.000000000000000 ) ;
#2702 = CIRCLE ( 'NONE', #2014, 0.2999999999999999334 ) ;
#2703 = DIRECTION ( 'NONE',  ( -0.000000000000000000, 1.000000000000000000, 0.000000000000000000 ) ) ;
#2704 = ADVANCED_FACE ( 'NONE', ( #1879 ), #3988, .T. ) ;
#2705 = EDGE_CURVE ( 'NONE', #2664, #927, #2451, .T. ) ;
#2706 = ORIENTED_EDGE ( 'NONE', *, *, #1103, .T. ) ;
#2707 = FACE_OUTER_BOUND ( 'NONE', #1660, .T. ) ;
#2708 = AXIS2_PLACEMENT_3D ( 'NONE', #806, #1193, #3698 ) ;
#2709 = DIRECTION ( 'NONE',  ( -0.000000000000000000, 0.000000000000000000, -1.000000000000000000 ) ) ;
#2710 = CARTESIAN_POINT ( 'NONE',  ( 3.350000000000000089, 0.5000000000000000000, 1.125000000000000222 ) ) ;
#2711 = VERTEX_POINT ( 'NONE', #3579 ) ;
#2712 = CARTESIAN_POINT ( 'NONE',  ( -1.499999999999990008, 5.349999999999999645, -0.3999999999999951927 ) ) ;
#2713 = PLANE ( 'NONE',  #3683 ) ;
#2714 = CARTESIAN_POINT ( 'NONE',  ( 2.450000000000153388, 0.04999999999985675625, 0.5500000000000000444 ) ) ;
#2715 = ORIENTED_EDGE ( 'NONE', *, *, #2080, .F. ) ;
#2716 = EDGE_CURVE ( 'NONE', #277, #3822, #3188, .T. ) ;
#2717 = DIRECTION ( 'NONE',  ( -1.000000000000000000, 0.000000000000000000, 0.000000000000000000 ) ) ;
#2718 = ORIENTED_EDGE ( 'NONE', *, *, #1463, .T. ) ;
#2719 = ORIENTED_EDGE ( 'NONE', *, *, #1492, .F. ) ;
#2720 = EDGE_CURVE ( 'NONE', #1132, #1275, #1745, .T. ) ;
#2721 = DIRECTION ( 'NONE',  ( 0.000000000000000000, 0.000000000000000000, 1.000000000000000000 ) ) ;
#2722 = FACE_OUTER_BOUND ( 'NONE', #2834, .T. ) ;
#2723 = CARTESIAN_POINT ( 'NONE',  ( -0.2999999999999969913, 5.349999999999999645, -0.04999997615816331037 ) ) ;
#2724 = CARTESIAN_POINT ( 'NONE',  ( -0.7500000000000000000, 0.000000000000000000, 1.500000000000000000 ) ) ;
#2725 = CARTESIAN_POINT ( 'NONE',  ( -1.500000000000000000, 5.450000000000000178, 0.2000000000001000422 ) ) ;
#2726 = VECTOR ( 'NONE', #2077, 1000.000000000000000 ) ;
#2727 = CARTESIAN_POINT ( 'NONE',  ( 2.700000000000000178, 0.5000000000000000000, 0.2500000000000000000 ) ) ;
#2728 = FACE_OUTER_BOUND ( 'NONE', #19, .T. ) ;
#2729 = VECTOR ( 'NONE', #1264, 1000.000000000000114 ) ;
#2730 = ADVANCED_FACE ( 'NONE', ( #2154 ), #4684, .F. ) ;
#2731 = VECTOR ( 'NONE', #1694, 1000.000000000000000 ) ;
#2732 = ORIENTED_EDGE ( 'NONE', *, *, #2734, .T. ) ;
#2733 = CARTESIAN_POINT ( 'NONE',  ( -0.9127659559250020926, 5.450000000000000178, -2.175000095367100705 ) ) ;
#2734 = EDGE_CURVE ( 'NONE', #4030, #2711, #302, .T. ) ;
#2735 = LINE ( 'NONE', #71, #4603 ) ;
#2736 = LINE ( 'NONE', #3793, #272 ) ;
#2737 = VERTEX_POINT ( 'NONE', #4709 ) ;
#2738 = ORIENTED_EDGE ( 'NONE', *, *, #3268, .F. ) ;
#2739 = CARTESIAN_POINT ( 'NONE',  ( 1.300000000000000266, 1.000000000000000000, 0.7500000000000000000 ) ) ;
#2740 = FACE_OUTER_BOUND ( 'NONE', #299, .T. ) ;
#2741 = CARTESIAN_POINT ( 'NONE',  ( -1.300000000000000266, 0.5060000000000000053, -3.750000000000000000 ) ) ;
#2742 = ORIENTED_EDGE ( 'NONE', *, *, #1153, .T. ) ;
#2743 = CARTESIAN_POINT ( 'NONE',  ( 2.524264068711928655, 2.749999999999538147, -4.049999999999999822 ) ) ;
#2744 = VECTOR ( 'NONE', #2700, 1000.000000000000000 ) ;
#2745 = ORIENTED_EDGE ( 'NONE', *, *, #239, .T. ) ;
#2746 = EDGE_LOOP ( 'NONE', ( #4484, #1581, #2594, #1195 ) ) ;
#2747 = VECTOR ( 'NONE', #3165, 1000.000000000000000 ) ;
#2748 = AXIS2_PLACEMENT_3D ( 'NONE', #2134, #3601, #383 ) ;
#2749 = LINE ( 'NONE', #1321, #1934 ) ;
#2750 = CARTESIAN_POINT ( 'NONE',  ( 2.399999999999999911, 0.5500000000000000444, -1.274999999999999911 ) ) ;
#2751 = CARTESIAN_POINT ( 'NONE',  ( 2.000000000000000000, 0.5500000000000000444, 0.5320550528230001408 ) ) ;
#2752 = DIRECTION ( 'NONE',  ( 0.000000000000000000, -0.000000000000000000, 1.000000000000000000 ) ) ;
#2753 = EDGE_LOOP ( 'NONE', ( #3799, #2975, #1748, #1538 ) ) ;
#2754 = DIRECTION ( 'NONE',  ( 1.000000000000000000, 0.000000000000000000, 0.000000000000000000 ) ) ;
#2755 = CARTESIAN_POINT ( 'NONE',  ( -1.600000000000000089, 2.749999999999499511, -3.750000000000000000 ) ) ;
#2756 = AXIS2_PLACEMENT_3D ( 'NONE', #3473, #1947, #816 ) ;
#2757 = ORIENTED_EDGE ( 'NONE', *, *, #2311, .T. ) ;
#2758 = DIRECTION ( 'NONE',  ( 0.000000000000000000, 1.000000000000000000, 0.000000000000000000 ) ) ;
#2759 = ADVANCED_FACE ( 'NONE', ( #2966 ), #4425, .F. ) ;
#2760 = EDGE_CURVE ( 'NONE', #4329, #2124, #4588, .T. ) ;
#2761 = DIRECTION ( 'NONE',  ( -0.000000000000000000, 0.000000000000000000, -1.000000000000000000 ) ) ;
#2762 = ORIENTED_EDGE ( 'NONE', *, *, #3015, .F. ) ;
#2763 = EDGE_CURVE ( 'NONE', #552, #3713, #894, .T. ) ;
#2764 = VERTEX_POINT ( 'NONE', #1926 ) ;
#2765 = DIRECTION ( 'NONE',  ( -0.000000000000000000, 0.000000000000000000, -1.000000000000000000 ) ) ;
#2766 = CARTESIAN_POINT ( 'NONE',  ( 2.000000000000000000, 0.5500000000000998535, 1.500000000000000000 ) ) ;
#2767 = CARTESIAN_POINT ( 'NONE',  ( -0.7851063966747147127, 5.400000000000000355, -2.100000095367533959 ) ) ;
#2768 = CIRCLE ( 'NONE', #146, 0.5000000000000000000 ) ;
#2769 = VERTEX_POINT ( 'NONE', #92 ) ;
#2770 = DIRECTION ( 'NONE',  ( -1.000000000000000000, 0.000000000000000000, 0.000000000000000000 ) ) ;
#2771 = EDGE_CURVE ( 'NONE', #2680, #1042, #1207, .T. ) ;
#2772 = ORIENTED_EDGE ( 'NONE', *, *, #3612, .T. ) ;
#2773 = ORIENTED_EDGE ( 'NONE', *, *, #1313, .F. ) ;
#2774 = DIRECTION ( 'NONE',  ( 0.7071067811865474617, 0.000000000000000000, -0.7071067811865474617 ) ) ;
#2775 = DIRECTION ( 'NONE',  ( 0.000000000000000000, 0.000000000000000000, -1.000000000000000000 ) ) ;
#2776 = CARTESIAN_POINT ( 'NONE',  ( 4.750000000000000000, 0.2500000000000000000, -3.500000000000000000 ) ) ;
#2777 = DIRECTION ( 'NONE',  ( 1.000000000000000000, 0.000000000000000000, -0.000000000000000000 ) ) ;
#2778 = ORIENTED_EDGE ( 'NONE', *, *, #704, .F. ) ;
#2779 = DIRECTION ( 'NONE',  ( -0.000000000000000000, 0.000000000000000000, 1.000000000000000000 ) ) ;
#2780 = CARTESIAN_POINT ( 'NONE',  ( 5.352000000000001201, 0.000000000000000000, -2.750000000000000000 ) ) ;
#2781 = EDGE_CURVE ( 'NONE', #4664, #532, #4175, .T. ) ;
#2782 = EDGE_CURVE ( 'NONE', #1646, #1822, #430, .T. ) ;
#2783 = AXIS2_PLACEMENT_3D ( 'NONE', #4094, #500, #4545 ) ;
#2784 = DIRECTION ( 'NONE',  ( 0.000000000000000000, -0.000000000000000000, 1.000000000000000000 ) ) ;
#2785 =( GEOMETRIC_REPRESENTATION_CONTEXT ( 3 ) GLOBAL_UNCERTAINTY_ASSIGNED_CONTEXT ( ( #3910 ) ) GLOBAL_UNIT_ASSIGNED_CONTEXT ( ( #2572, #742, #2255 ) ) REPRESENTATION_CONTEXT ( 'NONE', 'WORKASPACE' ) );
#2786 = DIRECTION ( 'NONE',  ( 0.000000000000000000, 0.000000000000000000, 1.000000000000000000 ) ) ;
#2787 = ORIENTED_EDGE ( 'NONE', *, *, #4519, .F. ) ;
#2788 = VECTOR ( 'NONE', #88, 1000.000000000000000 ) ;
#2789 = ORIENTED_EDGE ( 'NONE', *, *, #947, .T. ) ;
#2790 = VECTOR ( 'NONE', #418, 1000.000000000000114 ) ;
#2791 = DIRECTION ( 'NONE',  ( 0.7071067811865481278, 0.000000000000000000, -0.7071067811865466846 ) ) ;
#2792 = CARTESIAN_POINT ( 'NONE',  ( 2.000000000000000000, 0.5500000000000000444, -1.274999999999999911 ) ) ;
#2793 = DIRECTION ( 'NONE',  ( 0.000000000000000000, 0.000000000000000000, -1.000000000000000000 ) ) ;
#2794 = VERTEX_POINT ( 'NONE', #3758 ) ;
#2795 = FACE_BOUND ( 'NONE', #2151, .T. ) ;
#2796 = DIRECTION ( 'NONE',  ( -0.000000000000000000, 0.000000000000000000, -1.000000000000000000 ) ) ;
#2797 = DIRECTION ( 'NONE',  ( 0.000000000000000000, 0.000000000000000000, 1.000000000000000000 ) ) ;
#2798 = VERTEX_POINT ( 'NONE', #844 ) ;
#2799 = EDGE_CURVE ( 'NONE', #2926, #2737, #3038, .T. ) ;
#2800 = CARTESIAN_POINT ( 'NONE',  ( -1.700000000000000178, 2.600000000000000533, 1.500000000000000000 ) ) ;
#2801 = CARTESIAN_POINT ( 'NONE',  ( -1.300000000000000266, 0.5500000000000000444, -3.750000000000000000 ) ) ;
#2802 = EDGE_LOOP ( 'NONE', ( #3097, #2436, #4503, #4439 ) ) ;
#2803 = DIRECTION ( 'NONE',  ( -0.000000000000000000, -1.000000000000000000, 0.000000000000000000 ) ) ;
#2804 = FACE_OUTER_BOUND ( 'NONE', #730, .T. ) ;
#2805 = ADVANCED_FACE ( 'NONE', ( #4122 ), #792, .F. ) ;
#2806 = AXIS2_PLACEMENT_3D ( 'NONE', #4037, #3314, #4713 ) ;
#2807 = CIRCLE ( 'NONE', #4723, 0.5000000000000000000 ) ;
#2808 = AXIS2_PLACEMENT_3D ( 'NONE', #4608, #2396, #1696 ) ;
#2809 = CARTESIAN_POINT ( 'NONE',  ( -0.2999999999999999889, 5.400000000000000355, -2.599999904633000014 ) ) ;
#2810 = DIRECTION ( 'NONE',  ( 0.000000000000000000, 0.000000000000000000, -1.000000000000000000 ) ) ;
#2811 = ORIENTED_EDGE ( 'NONE', *, *, #4617, .F. ) ;
#2812 = ORIENTED_EDGE ( 'NONE', *, *, #719, .T. ) ;
#2813 = CARTESIAN_POINT ( 'NONE',  ( 4.750000000000000000, 0.5000000000000000000, 1.500000000000000000 ) ) ;
#2814 = LINE ( 'NONE', #1987, #3919 ) ;
#2815 = PLANE ( 'NONE',  #1832 ) ;
#2816 = ORIENTED_EDGE ( 'NONE', *, *, #1861, .T. ) ;
#2817 = CARTESIAN_POINT ( 'NONE',  ( 2.700000000000000178, 0.5000000000000000000, -3.125000000000000000 ) ) ;
#2818 = EDGE_CURVE ( 'NONE', #936, #1528, #148, .T. ) ;
#2819 = CARTESIAN_POINT ( 'NONE',  ( -1.500000000000000000, 5.400000000000000355, 0.2999999940395000064 ) ) ;
#2820 = CARTESIAN_POINT ( 'NONE',  ( 1.352000000000000091, 1.000000000000000000, -2.750000000000000000 ) ) ;
#2821 = AXIS2_PLACEMENT_3D ( 'NONE', #3967, #668, #2136 ) ;
#2822 = ORIENTED_EDGE ( 'NONE', *, *, #2311, .F. ) ;
#2823 = EDGE_CURVE ( 'NONE', #3332, #936, #4527, .T. ) ;
#2824 = LINE ( 'NONE', #3183, #82 ) ;
#2825 = EDGE_CURVE ( 'NONE', #3772, #922, #1154, .T. ) ;
#2826 = LINE ( 'NONE', #3977, #3086 ) ;
#2827 = VECTOR ( 'NONE', #204, 1000.000000000000000 ) ;
#2828 = ORIENTED_EDGE ( 'NONE', *, *, #1935, .T. ) ;
#2829 = ADVANCED_FACE ( 'NONE', ( #820 ), #1951, .F. ) ;
#2830 = LINE ( 'NONE', #1304, #463 ) ;
#2831 = DIRECTION ( 'NONE',  ( 0.000000000000000000, 0.000000000000000000, 1.000000000000000000 ) ) ;
#2832 = VECTOR ( 'NONE', #533, 1000.000000000000000 ) ;
#2833 = CARTESIAN_POINT ( 'NONE',  ( -0.4531914889813000169, 5.349999999999999645, 1.192093118115999962E-08 ) ) ;
#2834 = EDGE_LOOP ( 'NONE', ( #4740, #1610, #1679, #2745 ) ) ;
#2835 = ORIENTED_EDGE ( 'NONE', *, *, #2253, .F. ) ;
#2836 = CARTESIAN_POINT ( 'NONE',  ( -0.3000000000001000755, 5.450000000000000178, 0.7999999999999999334 ) ) ;
#2837 = CARTESIAN_POINT ( 'NONE',  ( -0.7500000000000000000, 0.5000000000000000000, -3.500000000000000000 ) ) ;
#2838 = LINE ( 'NONE', #2767, #614 ) ;
#2839 = EDGE_LOOP ( 'NONE', ( #1886, #1868, #1266, #3128 ) ) ;
#2840 = PLANE ( 'NONE',  #577 ) ;
#2841 = AXIS2_PLACEMENT_3D ( 'NONE', #2208, #2933, #2506 ) ;
#2842 = VECTOR ( 'NONE', #1658, 1000.000000000000114 ) ;
#2843 = LINE ( 'NONE', #4754, #4254 ) ;
#2844 = CYLINDRICAL_SURFACE ( 'NONE', #529, 0.7500000000000002220 ) ;
#2845 = ORIENTED_EDGE ( 'NONE', *, *, #3716, .T. ) ;
#2846 = EDGE_CURVE ( 'NONE', #629, #1525, #1180, .T. ) ;
#2847 = AXIS2_PLACEMENT_3D ( 'NONE', #599, #1294, #980 ) ;
#2848 = DIRECTION ( 'NONE',  ( 1.156482317317871133E-15, 0.000000000000000000, 1.000000000000000000 ) ) ;
#2849 = LINE ( 'NONE', #4313, #3695 ) ;
#2850 = ORIENTED_EDGE ( 'NONE', *, *, #2597, .F. ) ;
#2851 = FACE_BOUND ( 'NONE', #2298, .T. ) ;
#2852 = PLANE ( 'NONE',  #3959 ) ;
#2853 = PRODUCT_DEFINITION_SHAPE ( 'NONE', 'NONE',  #4770 ) ;
#2854 = EDGE_CURVE ( 'NONE', #2063, #675, #1598, .T. ) ;
#2855 = ADVANCED_FACE ( 'NONE', ( #869 ), #3811, .F. ) ;
#2856 = LINE ( 'NONE', #1355, #4650 ) ;
#2857 = ORIENTED_EDGE ( 'NONE', *, *, #341, .F. ) ;
#2858 = EDGE_LOOP ( 'NONE', ( #1674, #863, #3131, #106 ) ) ;
#2859 = ORIENTED_EDGE ( 'NONE', *, *, #2734, .F. ) ;
#2860 = CARTESIAN_POINT ( 'NONE',  ( 5.300000000003247891, 5.350000000001625899, -4.049999999999999822 ) ) ;
#2861 = CARTESIAN_POINT ( 'NONE',  ( 2.399999999999999911, 0.5500000000000001554, -3.750000000000000000 ) ) ;
#2862 = CARTESIAN_POINT ( 'NONE',  ( -1.699999999999999956, 5.150000000000000355, 1.199999999999999956 ) ) ;
#2863 = ORIENTED_EDGE ( 'NONE', *, *, #4070, .T. ) ;
#2864 = PLANE ( 'NONE',  #4724 ) ;
#2865 = VECTOR ( 'NONE', #3707, 1000.000000000000000 ) ;
#2866 = AXIS2_PLACEMENT_3D ( 'NONE', #17, #1018, #3287 ) ;
#2867 = LINE ( 'NONE', #3585, #635 ) ;
#2868 = CARTESIAN_POINT ( 'NONE',  ( 5.299999999999999822, 0.5000000000000000000, -2.250000000000000444 ) ) ;
#2869 = ADVANCED_FACE ( 'NONE', ( #1623 ), #3088, .F. ) ;
#2870 = ORIENTED_EDGE ( 'NONE', *, *, #1763, .F. ) ;
#2871 = CARTESIAN_POINT ( 'NONE',  ( -1.300000000000000266, 0.2500000000000000000, -3.500000000000000000 ) ) ;
#2872 = FACE_OUTER_BOUND ( 'NONE', #1006, .T. ) ;
#2873 = EDGE_LOOP ( 'NONE', ( #255, #1859, #4302 ) ) ;
#2874 = EDGE_CURVE ( 'NONE', #175, #188, #1257, .T. ) ;
#2875 = ADVANCED_FACE ( 'NONE', ( #4096 ), #873, .T. ) ;
#2876 = FACE_OUTER_BOUND ( 'NONE', #2039, .T. ) ;
#2877 = CARTESIAN_POINT ( 'NONE',  ( 5.599999999999999645, 2.600000000000000533, -3.500000000000000000 ) ) ;
#2878 = EDGE_CURVE ( 'NONE', #4468, #859, #4459, .T. ) ;
#2879 = DIRECTION ( 'NONE',  ( 0.000000000000000000, -1.000000000000000000, 0.000000000000000000 ) ) ;
#2880 = EDGE_LOOP ( 'NONE', ( #1090, #3146, #2958, #2013, #823, #4187, #3383 ) ) ;
#2881 = ORIENTED_EDGE ( 'NONE', *, *, #4264, .F. ) ;
#2882 = ORIENTED_EDGE ( 'NONE', *, *, #3217, .F. ) ;
#2883 = VECTOR ( 'NONE', #2893, 1000.000000000000000 ) ;
#2884 = PLANE ( 'NONE',  #819 ) ;
#2885 = ADVANCED_FACE ( 'NONE', ( #199, #2851, #654 ), #1351, .T. ) ;
#2886 = DIRECTION ( 'NONE',  ( 1.000000000000000000, 0.000000000000000000, -0.000000000000000000 ) ) ;
#2887 = FACE_OUTER_BOUND ( 'NONE', #1272, .T. ) ;
#2888 = ORIENTED_EDGE ( 'NONE', *, *, #1615, .F. ) ;
#2889 = DIRECTION ( 'NONE',  ( 0.000000000000000000, 0.000000000000000000, -1.000000000000000000 ) ) ;
#2890 = DIRECTION ( 'NONE',  ( -1.000000000000000000, -0.000000000000000000, 0.000000000000000000 ) ) ;
#2891 = PLANE ( 'NONE',  #3262 ) ;
#2892 = ORIENTED_EDGE ( 'NONE', *, *, #4315, .F. ) ;
#2893 = DIRECTION ( 'NONE',  ( 0.000000000000000000, 0.000000000000000000, -1.000000000000000000 ) ) ;
#2894 = LINE ( 'NONE', #1346, #1779 ) ;
#2895 = ORIENTED_EDGE ( 'NONE', *, *, #4054, .T. ) ;
#2896 = CARTESIAN_POINT ( 'NONE',  ( -0.6063829779623584049, 5.450000000000000178, 0.04999999999993456207 ) ) ;
#2897 = CARTESIAN_POINT ( 'NONE',  ( 5.609887319042354825, 5.326705599558066773, -3.536492374042707887 ) ) ;
#2898 = AXIS2_PLACEMENT_3D ( 'NONE', #412, #755, #390 ) ;
#2899 = AXIS2_PLACEMENT_3D ( 'NONE', #4200, #3838, #4580 ) ;
#2900 = CARTESIAN_POINT ( 'NONE',  ( -0.2999999999999632960, 5.349999999999999645, -2.599999904632947167 ) ) ;
#2901 = VECTOR ( 'NONE', #1853, 1000.000000000000000 ) ;
#2902 = DIRECTION ( 'NONE',  ( 0.8109606669995362838, 0.000000000000000000, 0.5851006721750260375 ) ) ;
#2903 = VERTEX_POINT ( 'NONE', #1737 ) ;
#2904 = ORIENTED_EDGE ( 'NONE', *, *, #1787, .T. ) ;
#2905 = EDGE_CURVE ( 'NONE', #2352, #3582, #632, .T. ) ;
#2906 = DIRECTION ( 'NONE',  ( 0.000000000000000000, 0.000000000000000000, -1.000000000000000000 ) ) ;
#2907 = CARTESIAN_POINT ( 'NONE',  ( 5.838794691956771032, 5.435469376755158066, 1.377052006648531890 ) ) ;
#2908 = VERTEX_POINT ( 'NONE', #920 ) ;
#2909 = LINE ( 'NONE', #4370, #1490 ) ;
#2910 = CONICAL_SURFACE ( 'NONE', #1443, 1.299999999568171694, 0.7853981633974482790 ) ;
#2911 = FACE_OUTER_BOUND ( 'NONE', #215, .T. ) ;
#2912 = CARTESIAN_POINT ( 'NONE',  ( 1.600000000000000089, 0.5500000000000001554, -3.500000000000000000 ) ) ;
#2913 = ADVANCED_FACE ( 'NONE', ( #3548 ), #3595, .F. ) ;
#2914 = ORIENTED_EDGE ( 'NONE', *, *, #4400, .T. ) ;
#2915 = EDGE_CURVE ( 'NONE', #4388, #2124, #989, .T. ) ;
#2916 = DIRECTION ( 'NONE',  ( 0.7071067811854974128, -0.7071067811875975107, -0.000000000000000000 ) ) ;
#2917 = VECTOR ( 'NONE', #3306, 1000.000000000000114 ) ;
#2918 = EDGE_LOOP ( 'NONE', ( #4438, #4161, #325, #2328 ) ) ;
#2919 = AXIS2_PLACEMENT_3D ( 'NONE', #4305, #2178, #688 ) ;
#2920 = LINE ( 'NONE', #4470, #3936 ) ;
#2921 = LINE ( 'NONE', #791, #2139 ) ;
#2922 = DIRECTION ( 'NONE',  ( 0.9506452246141395834, 0.000000000000000000, -0.3102799653834129590 ) ) ;
#2923 = EDGE_CURVE ( 'NONE', #675, #1132, #3863, .T. ) ;
#2924 = FACE_OUTER_BOUND ( 'NONE', #3508, .T. ) ;
#2925 = ORIENTED_EDGE ( 'NONE', *, *, #1349, .T. ) ;
#2926 = VERTEX_POINT ( 'NONE', #4627 ) ;
#2927 = EDGE_CURVE ( 'NONE', #3256, #2292, #273, .T. ) ;
#2928 = DIRECTION ( 'NONE',  ( 0.000000000000000000, 0.000000000000000000, 1.000000000000000000 ) ) ;
#2929 = CARTESIAN_POINT ( 'NONE',  ( 1.350000000000000089, 0.2499999999998999967, -2.549999999999999822 ) ) ;
#2930 = ORIENTED_EDGE ( 'NONE', *, *, #4630, .F. ) ;
#2931 = DIRECTION ( 'NONE',  ( -1.000000000000000000, -0.000000000000000000, 0.000000000000000000 ) ) ;
#2932 = CARTESIAN_POINT ( 'NONE',  ( 5.847999999999999865, 5.150000000000000355, 1.499999999999999778 ) ) ;
#2933 = DIRECTION ( 'NONE',  ( -0.5851009867211849347, 0.000000000000000000, 0.8109604400572790750 ) ) ;
#2934 = ORIENTED_EDGE ( 'NONE', *, *, #1046, .F. ) ;
#2935 = VECTOR ( 'NONE', #745, 1000.000000000000000 ) ;
#2936 = CIRCLE ( 'NONE', #4769, 0.2999999999999999334 ) ;
#2937 = DIRECTION ( 'NONE',  ( 0.000000000000000000, 1.000000000000000000, 0.000000000000000000 ) ) ;
#2938 = ORIENTED_EDGE ( 'NONE', *, *, #224, .T. ) ;
#2939 = CIRCLE ( 'NONE', #4504, 1.299999999795545369 ) ;
#2940 = CARTESIAN_POINT ( 'NONE',  ( 5.299999999999999822, 0.5000000000000000000, -3.500000000000000000 ) ) ;
#2941 = VECTOR ( 'NONE', #286, 1000.000000000000000 ) ;
#2942 = CARTESIAN_POINT ( 'NONE',  ( 5.573742182490724950, 5.449986676132683172, -3.322259282061490904 ) ) ;
#2943 = ADVANCED_FACE ( 'NONE', ( #1328 ), #1717, .T. ) ;
#2944 = LINE ( 'NONE', #4402, #2969 ) ;
#2945 = FACE_OUTER_BOUND ( 'NONE', #3202, .T. ) ;
#2946 = VERTEX_POINT ( 'NONE', #3140 ) ;
#2947 = EDGE_LOOP ( 'NONE', ( #2972, #1930, #1920, #254, #3763 ) ) ;
#2948 = FACE_OUTER_BOUND ( 'NONE', #2046, .T. ) ;
#2949 = DIRECTION ( 'NONE',  ( 0.000000000000000000, 1.000000000000000000, 0.000000000000000000 ) ) ;
#2950 = ORIENTED_EDGE ( 'NONE', *, *, #2515, .F. ) ;
#2951 = FACE_OUTER_BOUND ( 'NONE', #468, .T. ) ;
#2952 = AXIS2_PLACEMENT_3D ( 'NONE', #1456, #691, #1479 ) ;
#2953 = DIRECTION ( 'NONE',  ( 0.000000000000000000, 0.000000000000000000, 1.000000000000000000 ) ) ;
#2954 = FACE_OUTER_BOUND ( 'NONE', #3868, .T. ) ;
#2955 = CARTESIAN_POINT ( 'NONE',  ( -1.300000000000000266, 0.5000000000000000000, 0.2500000000000000000 ) ) ;
#2956 = EDGE_CURVE ( 'NONE', #1531, #4229, #3186, .T. ) ;
#2957 = PRESENTATION_LAYER_ASSIGNMENT (  '', '', ( #485 ) ) ;
#2958 = ORIENTED_EDGE ( 'NONE', *, *, #1650, .T. ) ;
#2959 = CARTESIAN_POINT ( 'NONE',  ( 1.920695016030592756E-14, 0.5000000000000000000, -2.750000000000000000 ) ) ;
#2960 = AXIS2_PLACEMENT_3D ( 'NONE', #3328, #2535, #3350 ) ;
#2961 = ORIENTED_EDGE ( 'NONE', *, *, #3208, .F. ) ;
#2962 = LINE ( 'NONE', #1104, #2935 ) ;
#2963 = CARTESIAN_POINT ( 'NONE',  ( 5.786937359832102779, 5.150000000000000355, -3.537326708879827475 ) ) ;
#2964 = EDGE_CURVE ( 'NONE', #3455, #3333, #2830, .T. ) ;
#2965 = EDGE_CURVE ( 'NONE', #3953, #1589, #3778, .T. ) ;
#2966 = FACE_OUTER_BOUND ( 'NONE', #3609, .T. ) ;
#2967 = CARTESIAN_POINT ( 'NONE',  ( 5.700000000000000178, 2.600000000000000533, 1.500000000000000000 ) ) ;
#2968 = CARTESIAN_POINT ( 'NONE',  ( 2.000000000000000000, 0.05000000000000000278, -1.600000000000000089 ) ) ;
#2969 = VECTOR ( 'NONE', #1109, 1000.000000000000000 ) ;
#2970 = ORIENTED_EDGE ( 'NONE', *, *, #3224, .F. ) ;
#2971 = VECTOR ( 'NONE', #2422, 1000.000000000000000 ) ;
#2972 = ORIENTED_EDGE ( 'NONE', *, *, #1953, .F. ) ;
#2973 = CARTESIAN_POINT ( 'NONE',  ( 1.600000000000000089, 2.749999999998999911, -3.750000000000000000 ) ) ;
#2974 = PLANE ( 'NONE',  #504 ) ;
#2975 = ORIENTED_EDGE ( 'NONE', *, *, #1458, .T. ) ;
#2976 = DIRECTION ( 'NONE',  ( 1.000000000000000000, -0.000000000000000000, -0.000000000000000000 ) ) ;
#2977 = FACE_OUTER_BOUND ( 'NONE', #4737, .T. ) ;
#2978 = CARTESIAN_POINT ( 'NONE',  ( 5.299999999999999822, 0.000000000000000000, 1.500000000000000222 ) ) ;
#2979 = PLANE ( 'NONE',  #339 ) ;
#2980 = ORIENTED_EDGE ( 'NONE', *, *, #3428, .F. ) ;
#2981 = ORIENTED_EDGE ( 'NONE', *, *, #4574, .T. ) ;
#2982 = LINE ( 'NONE', #3727, #98 ) ;
#2983 = FILL_AREA_STYLE_COLOUR ( '', #4385 ) ;
#2984 = ORIENTED_EDGE ( 'NONE', *, *, #903, .T. ) ;
#2985 = EDGE_CURVE ( 'NONE', #2342, #3447, #855, .T. ) ;
#2986 = FACE_OUTER_BOUND ( 'NONE', #3689, .T. ) ;
#2987 = PLANE ( 'NONE',  #3372 ) ;
#2988 = CARTESIAN_POINT ( 'NONE',  ( -1.300000000000000266, 0.000000000000000000, -2.750000000000000000 ) ) ;
#2989 = LINE ( 'NONE', #4744, #666 ) ;
#2990 = CIRCLE ( 'NONE', #991, 0.2999999999999999334 ) ;
#2991 = CARTESIAN_POINT ( 'NONE',  ( -1.499999999999997335, 5.349999999999999645, 0.3999999880790671702 ) ) ;
#2992 = VERTEX_POINT ( 'NONE', #2190 ) ;
#2993 = VERTEX_POINT ( 'NONE', #1849 ) ;
#2994 = PLANE ( 'NONE',  #1220 ) ;
#2995 = EDGE_CURVE ( 'NONE', #188, #4542, #4337, .T. ) ;
#2996 = CARTESIAN_POINT ( 'NONE',  ( 6.036492374042708775, 5.150000000000000355, -3.109887319042354381 ) ) ;
#2997 = ORIENTED_EDGE ( 'NONE', *, *, #4121, .T. ) ;
#2998 = CARTESIAN_POINT ( 'NONE',  ( 3.250000000000000444, 0.2500000000000000000, -3.500000000000000000 ) ) ;
#2999 =( BOUNDED_SURFACE ( )  B_SPLINE_SURFACE ( 3, 3, ( 
 ( #3366, #3340, #1217, #1481 ),
 ( #2687, #2611, #1582, #781 ),
 ( #4510, #4058, #857, #375 ),
 ( #2249, #5, #4414, #3001 ) ),
 .UNSPECIFIED., .F., .F., .T. ) 
 B_SPLINE_SURFACE_WITH_KNOTS ( ( 4, 4 ),
 ( 4, 4 ),
 ( 0.000000000000000000, 1.000000000000000000 ),
 ( 0.000000000000000000, 1.000000000000000000 ),
 .UNSPECIFIED. ) 
 GEOMETRIC_REPRESENTATION_ITEM ( )  RATIONAL_B_SPLINE_SURFACE ( (
 ( 1.000000000000000000, 0.8047378541243649375, 0.8047378541243649375, 1.000000000000000000),
 ( 0.8025111867385935627, 0.6458111303268132541, 0.6458111303268132541, 0.8025111867385935627),
 ( 0.8025111867385935627, 0.6458111303268132541, 0.6458111303268132541, 0.8025111867385935627),
 ( 1.000000000000000000, 0.8047378541243649375, 0.8047378541243649375, 1.000000000000000000) ) ) 
 REPRESENTATION_ITEM ( '' )  SURFACE ( )  );
#3000 = EDGE_LOOP ( 'NONE', ( #580, #2162, #1248, #2195 ) ) ;
#3001 = CARTESIAN_POINT ( 'NONE',  ( -1.699999999999999734, 4.935878119317073320, 1.410123345235141823 ) ) ;
#3002 = DIRECTION ( 'NONE',  ( -0.000000000000000000, -1.000000000000000000, -0.000000000000000000 ) ) ;
#3003 = EDGE_LOOP ( 'NONE', ( #1372, #4011, #4141, #808, #2209 ) ) ;
#3004 = ORIENTED_EDGE ( 'NONE', *, *, #3365, .F. ) ;
#3005 = CARTESIAN_POINT ( 'NONE',  ( 2.649999999999900879, 0.2499999999999993616, -0.4000000000000000777 ) ) ;
#3006 = VERTEX_POINT ( 'NONE', #3661 ) ;
#3007 = ORIENTED_EDGE ( 'NONE', *, *, #4539, .T. ) ;
#3008 = VECTOR ( 'NONE', #1671, 1000.000000000000000 ) ;
#3009 = DIRECTION ( 'NONE',  ( 0.000000000000000000, 0.000000000000000000, 1.000000000000000000 ) ) ;
#3010 = LINE ( 'NONE', #4573, #4222 ) ;
#3011 = AXIS2_PLACEMENT_3D ( 'NONE', #677, #3907, #3521 ) ;
#3012 = EDGE_CURVE ( 'NONE', #4463, #423, #1397, .T. ) ;
#3013 = VECTOR ( 'NONE', #3049, 1000.000000000000000 ) ;
#3014 = DIRECTION ( 'NONE',  ( 0.000000000000000000, -0.000000000000000000, -1.000000000000000000 ) ) ;
#3015 = EDGE_CURVE ( 'NONE', #2204, #4712, #933, .T. ) ;
#3016 = DIRECTION ( 'NONE',  ( 1.000000000000000000, 0.000000000000000000, -0.000000000000000000 ) ) ;
#3017 = ORIENTED_EDGE ( 'NONE', *, *, #4725, .T. ) ;
#3018 = ORIENTED_EDGE ( 'NONE', *, *, #616, .T. ) ;
#3019 = ADVANCED_FACE ( 'NONE', ( #2876 ), #3280, .T. ) ;
#3020 = DIRECTION ( 'NONE',  ( 1.000000000000000000, 0.000000000000000000, 0.000000000000000000 ) ) ;
#3021 = DIRECTION ( 'NONE',  ( 1.000000000000000000, 0.000000000000000000, -0.000000000000000000 ) ) ;
#3022 = ORIENTED_EDGE ( 'NONE', *, *, #4228, .T. ) ;
#3023 = DIRECTION ( 'NONE',  ( -0.000000000000000000, 0.000000000000000000, -1.000000000000000000 ) ) ;
#3024 = ORIENTED_EDGE ( 'NONE', *, *, #2905, .F. ) ;
#3025 = DIRECTION ( 'NONE',  ( 1.000000000000000000, 0.000000000000000000, 0.000000000000000000 ) ) ;
#3026 = CARTESIAN_POINT ( 'NONE',  ( 5.599999999999999645, 1.649999999999999911, -3.625000000000000000 ) ) ;
#3027 = VERTEX_POINT ( 'NONE', #1488 ) ;
#3028 = EDGE_LOOP ( 'NONE', ( #3775, #4683, #344, #245 ) ) ;
#3029 = LINE ( 'NONE', #2640, #4107 ) ;
#3030 = ORIENTED_EDGE ( 'NONE', *, *, #2464, .T. ) ;
#3031 = EDGE_LOOP ( 'NONE', ( #1967, #231, #2617, #3078 ) ) ;
#3032 = AXIS2_PLACEMENT_3D ( 'NONE', #2819, #4618, #2796 ) ;
#3033 = VECTOR ( 'NONE', #3694, 1000.000000000000000 ) ;
#3034 = FACE_OUTER_BOUND ( 'NONE', #1089, .T. ) ;
#3035 = LINE ( 'NONE', #2750, #143 ) ;
#3036 = CARTESIAN_POINT ( 'NONE',  ( 5.910123345235142267, 4.935878119317074209, 1.199999999999999289 ) ) ;
#3037 = DIRECTION ( 'NONE',  ( 0.000000000000000000, 1.000000000000000000, 0.000000000000000000 ) ) ;
#3038 = LINE ( 'NONE', #506, #3738 ) ;
#3039 = CARTESIAN_POINT ( 'NONE',  ( -1.803714664249338906, 5.487326708879827208, 1.286937359832102112 ) ) ;
#3040 = CARTESIAN_POINT ( 'NONE',  ( 9.042264238459686636E-33, 2.750000000000000000, 1.499999999850842869 ) ) ;
#3041 = ORIENTED_EDGE ( 'NONE', *, *, #3117, .F. ) ;
#3042 = AXIS2_PLACEMENT_3D ( 'NONE', #1603, #3818, #3385 ) ;
#3043 = CARTESIAN_POINT ( 'NONE',  ( 4.000000000000000000, 2.750000000000000000, 0.7866393862416000138 ) ) ;
#3044 = CARTESIAN_POINT ( 'NONE',  ( 6.036492374042707887, 5.326705599558064996, -3.109887319042354825 ) ) ;
#3045 = CARTESIAN_POINT ( 'NONE',  ( 2.549999999999999822, 0.1499999999999999944, -3.500000000000000000 ) ) ;
#3046 = AXIS2_PLACEMENT_3D ( 'NONE', #3311, #2268, #799 ) ;
#3047 = EDGE_LOOP ( 'NONE', ( #600, #161, #3024, #785, #4452, #1215, #2023 ) ) ;
#3048 = DIRECTION ( 'NONE',  ( -0.7071067811864426567, 4.329780281176824247E-17, -0.7071067811866524888 ) ) ;
#3049 = DIRECTION ( 'NONE',  ( 0.000000000000000000, -0.000000000000000000, 1.000000000000000000 ) ) ;
#3050 = ORIENTED_EDGE ( 'NONE', *, *, #1306, .T. ) ;
#3051 = VERTEX_POINT ( 'NONE', #381 ) ;
#3052 = VECTOR ( 'NONE', #1681, 1000.000000000000000 ) ;
#3053 = PLANE ( 'NONE',  #4267 ) ;
#3054 = ITEM_DEFINED_TRANSFORMATION ( 'NONE', 'NONE', #1319,  #2698 ) ;
#3055 = VERTEX_POINT ( 'NONE', #362 ) ;
#3056 = ORIENTED_EDGE ( 'NONE', *, *, #3208, .T. ) ;
#3057 = PRODUCT_DEFINITION ( 'UNKNOWN', '', #164, #969 ) ;
#3058 = CYLINDRICAL_SURFACE ( 'NONE', #4698, 1.100000000000000089 ) ;
#3059 = DIRECTION ( 'NONE',  ( 1.000000000000000000, -0.000000000000000000, -0.000000000000000000 ) ) ;
#3060 = CYLINDRICAL_SURFACE ( 'NONE', #830, 1.000000000000000000 ) ;
#3061 = EDGE_CURVE ( 'NONE', #3679, #3604, #2962, .T. ) ;
#3062 = EDGE_CURVE ( 'NONE', #4623, #1803, #1318, .T. ) ;
#3063 = CARTESIAN_POINT ( 'NONE',  ( 0.7500000000000000000, 0.5000000000000000000, 1.500000000000000000 ) ) ;
#3064 = CARTESIAN_POINT ( 'NONE',  ( -1.500000000000000000, 5.450000000000000178, -1.000000000000000000 ) ) ;
#3065 = CARTESIAN_POINT ( 'NONE',  ( -1.999986676132685215, 5.272259282061490637, 1.073742182490724728 ) ) ;
#3066 = CARTESIAN_POINT ( 'NONE',  ( 2.700000000000000178, 0.000000000000000000, 0.7500000000000001110 ) ) ;
#3067 = CIRCLE ( 'NONE', #4523, 0.7500000000000002220 ) ;
#3068 = ORIENTED_EDGE ( 'NONE', *, *, #1106, .T. ) ;
#3069 = AXIS2_PLACEMENT_3D ( 'NONE', #2377, #1965, #3849 ) ;
#3070 = CARTESIAN_POINT ( 'NONE',  ( 4.000000000000000000, 0.000000000000000000, 1.500000000000000000 ) ) ;
#3071 = DIRECTION ( 'NONE',  ( -0.000000000000000000, 0.000000000000000000, -1.000000000000000000 ) ) ;
#3072 = DIRECTION ( 'NONE',  ( -0.000000000000000000, 1.000000000000000000, 0.000000000000000000 ) ) ;
#3073 = ORIENTED_EDGE ( 'NONE', *, *, #4051, .F. ) ;
#3074 = EDGE_CURVE ( 'NONE', #74, #242, #316, .T. ) ;
#3075 = DIRECTION ( 'NONE',  ( 0.7071067811865475727, 0.000000000000000000, 0.7071067811865475727 ) ) ;
#3076 = DIRECTION ( 'NONE',  ( 0.000000000000000000, -0.000000000000000000, 1.000000000000000000 ) ) ;
#3077 = LINE ( 'NONE', #1635, #4526 ) ;
#3078 = ORIENTED_EDGE ( 'NONE', *, *, #4451, .T. ) ;
#3079 = FACE_OUTER_BOUND ( 'NONE', #3984, .T. ) ;
#3080 = EDGE_LOOP ( 'NONE', ( #4243, #3533, #1225, #2738 ) ) ;
#3081 = ORIENTED_EDGE ( 'NONE', *, *, #429, .T. ) ;
#3082 = FACE_OUTER_BOUND ( 'NONE', #789, .T. ) ;
#3083 = DIRECTION ( 'NONE',  ( 0.000000000000000000, -0.000000000000000000, 1.000000000000000000 ) ) ;
#3084 = PLANE ( 'NONE',  #440 ) ;
#3085 = CARTESIAN_POINT ( 'NONE',  ( 5.700000000000000178, 5.150000000000000355, -3.200000000000000178 ) ) ;
#3086 = VECTOR ( 'NONE', #3952, 1000.000000000000000 ) ;
#3087 = ADVANCED_FACE ( 'NONE', ( #3980 ), #2511, .T. ) ;
#3088 = CYLINDRICAL_SURFACE ( 'NONE', #3164, 0.7500000000000002220 ) ;
#3089 = CARTESIAN_POINT ( 'NONE',  ( -1.500000000000000000, 5.450000000000000178, -1.000000000000000000 ) ) ;
#3090 = AXIS2_PLACEMENT_3D ( 'NONE', #4043, #2214, #11 ) ;
#3091 = AXIS2_PLACEMENT_3D ( 'NONE', #1331, #2084, #182 ) ;
#3092 = VERTEX_POINT ( 'NONE', #4421 ) ;
#3093 = CARTESIAN_POINT ( 'NONE',  ( -1.397872352599990542, 5.400000000000000355, 0.3000000119210294858 ) ) ;
#3094 = CARTESIAN_POINT ( 'NONE',  ( -1.500000000000004885, 5.349999999999999645, 0.2000000000000108913 ) ) ;
#3095 = PLANE ( 'NONE',  #1877 ) ;
#3096 = ORIENTED_EDGE ( 'NONE', *, *, #719, .F. ) ;
#3097 = ORIENTED_EDGE ( 'NONE', *, *, #754, .T. ) ;
#3098 = PLANE ( 'NONE',  #4128 ) ;
#3099 = LINE ( 'NONE', #4562, #1530 ) ;
#3100 = ORIENTED_EDGE ( 'NONE', *, *, #3380, .T. ) ;
#3101 = ORIENTED_EDGE ( 'NONE', *, *, #2705, .F. ) ;
#3102 = CARTESIAN_POINT ( 'NONE',  ( -2.001655327279210361, 5.273189846542531534, -3.323189846542531800 ) ) ;
#3103 = VERTEX_POINT ( 'NONE', #2171 ) ;
#3104 = ORIENTED_EDGE ( 'NONE', *, *, #1017, .T. ) ;
#3105 = EDGE_CURVE ( 'NONE', #1524, #922, #1442, .T. ) ;
#3106 = DIRECTION ( 'NONE',  ( 1.156482317317871133E-15, 0.000000000000000000, 1.000000000000000000 ) ) ;
#3107 = DIRECTION ( 'NONE',  ( 0.000000000000000000, -1.000000000000000000, 0.000000000000000000 ) ) ;
#3108 = LINE ( 'NONE', #1620, #4140 ) ;
#3109 = PLANE ( 'NONE',  #1063 ) ;
#3110 = CARTESIAN_POINT ( 'NONE',  ( 5.549999999999903899, 0.04999999999992816441, -1.600000000000000089 ) ) ;
#3111 = ORIENTED_EDGE ( 'NONE', *, *, #2716, .F. ) ;
#3112 = CIRCLE ( 'NONE', #3571, 1.000000000000000000 ) ;
#3113 = EDGE_CURVE ( 'NONE', #2424, #1561, #1422, .T. ) ;
#3114 = DIRECTION ( 'NONE',  ( 0.000000000000000000, 1.000000000000000000, 0.000000000000000000 ) ) ;
#3115 = FACE_OUTER_BOUND ( 'NONE', #50, .T. ) ;
#3116 = VECTOR ( 'NONE', #2271, 1000.000000000000000 ) ;
#3117 = EDGE_CURVE ( 'NONE', #1249, #2737, #1804, .T. ) ;
#3118 = EDGE_LOOP ( 'NONE', ( #3648, #2546, #32, #4746 ) ) ;
#3119 = DIRECTION ( 'NONE',  ( -0.000000000000000000, -1.000000000000000000, -0.000000000000000000 ) ) ;
#3120 = EDGE_CURVE ( 'NONE', #1285, #3679, #3550, .T. ) ;
#3121 = LINE ( 'NONE', #4232, #3249 ) ;
#3122 = APPLICATION_CONTEXT ( 'automotive_design' ) ;
#3123 = VERTEX_POINT ( 'NONE', #2896 ) ;
#3124 = ORIENTED_EDGE ( 'NONE', *, *, #593, .F. ) ;
#3125 = PLANE ( 'NONE',  #126 ) ;
#3126 = DIRECTION ( 'NONE',  ( -0.000000000000000000, -1.000000000000000000, -0.000000000000000000 ) ) ;
#3127 = CARTESIAN_POINT ( 'NONE',  ( 1.300000000000000266, 0.5500000000000998535, -3.750000000000000000 ) ) ;
#3128 = ORIENTED_EDGE ( 'NONE', *, *, #1842, .T. ) ;
#3129 = CARTESIAN_POINT ( 'NONE',  ( 5.299999999568171916, 2.750000000000000000, 1.499999999566625775 ) ) ;
#3130 = VECTOR ( 'NONE', #1572, 1000.000000000000000 ) ;
#3131 = ORIENTED_EDGE ( 'NONE', *, *, #2927, .T. ) ;
#3132 = ORIENTED_EDGE ( 'NONE', *, *, #676, .T. ) ;
#3133 = VECTOR ( 'NONE', #2239, 1000.000000000000000 ) ;
#3134 = DIRECTION ( 'NONE',  ( -1.665334536937734318E-16, 1.000000000000000000, -1.665334536937734318E-16 ) ) ;
#3135 = PLANE ( 'NONE',  #2456 ) ;
#3136 = CARTESIAN_POINT ( 'NONE',  ( 4.000000000000000000, 0.000000000000000000, -3.500000000000000000 ) ) ;
#3137 = CARTESIAN_POINT ( 'NONE',  ( 5.700000000000000178, 5.150000000000000355, 1.200000000000000178 ) ) ;
#3138 = EDGE_LOOP ( 'NONE', ( #4518, #1405, #584, #1742 ) ) ;
#3139 = EDGE_CURVE ( 'NONE', #2615, #4117, #766, .T. ) ;
#3140 = CARTESIAN_POINT ( 'NONE',  ( 1.350000000000000089, 0.5500000000000500044, -3.500000000000000444 ) ) ;
#3141 = CARTESIAN_POINT ( 'NONE',  ( 2.450000000000153388, 0.04999999999985675625, -2.549999999999999822 ) ) ;
#3142 = AXIS2_PLACEMENT_3D ( 'NONE', #1593, #3397, #425 ) ;
#3143 = CYLINDRICAL_SURFACE ( 'NONE', #1740, 0.3000000000000001554 ) ;
#3144 = VECTOR ( 'NONE', #1667, 1000.000000000000000 ) ;
#3145 = CARTESIAN_POINT ( 'NONE',  ( -0.2999999999999938827, 5.450000000000000178, -0.1999999761581570945 ) ) ;
#3146 = ORIENTED_EDGE ( 'NONE', *, *, #909, .T. ) ;
#3147 = ORIENTED_EDGE ( 'NONE', *, *, #1897, .T. ) ;
#3148 = DIRECTION ( 'NONE',  ( 0.000000000000000000, 0.000000000000000000, 1.000000000000000000 ) ) ;
#3149 = ADVANCED_FACE ( 'NONE', ( #4742 ), #4398, .F. ) ;
#3150 = LINE ( 'NONE', #1609, #228 ) ;
#3151 = CARTESIAN_POINT ( 'NONE',  ( 1.352000000000000091, 0.000000000000000000, -2.750000000000000000 ) ) ;
#3152 = ORIENTED_EDGE ( 'NONE', *, *, #2878, .T. ) ;
#3153 = DIRECTION ( 'NONE',  ( -0.9506452246141515738, 0.000000000000000000, 0.3102799653833763771 ) ) ;
#3154 = ADVANCED_FACE ( 'NONE', ( #403 ), #3234, .T. ) ;
#3155 = CARTESIAN_POINT ( 'NONE',  ( 0.000000000000000000, 2.750000000000000000, 0.7999999999999001243 ) ) ;
#3156 = CARTESIAN_POINT ( 'NONE',  ( 1.350000000000049827, 0.2499999999999495959, -1.600000000000000089 ) ) ;
#3157 = VERTEX_POINT ( 'NONE', #700 ) ;
#3158 = DIRECTION ( 'NONE',  ( 0.000000000000000000, -0.000000000000000000, 1.000000000000000000 ) ) ;
#3159 = DIRECTION ( 'NONE',  ( 0.8217039423199310466, 0.000000000000000000, 0.5699145823506216457 ) ) ;
#3160 = ORIENTED_EDGE ( 'NONE', *, *, #2874, .F. ) ;
#3161 = CARTESIAN_POINT ( 'NONE',  ( -1.499999999999966693, 5.400000000000000355, -1.749999999999953371 ) ) ;
#3162 = CARTESIAN_POINT ( 'NONE',  ( -0.2999999999998312350, 5.450000000000000178, -2.449999904632766068 ) ) ;
#3163 = EDGE_CURVE ( 'NONE', #797, #4664, #2920, .T. ) ;
#3164 = AXIS2_PLACEMENT_3D ( 'NONE', #4551, #2288, #177 ) ;
#3165 = DIRECTION ( 'NONE',  ( 0.000000000000000000, 0.000000000000000000, 1.000000000000000000 ) ) ;
#3166 = VECTOR ( 'NONE', #4335, 1000.000000000000000 ) ;
#3167 = DIRECTION ( 'NONE',  ( -1.000000000000000000, 0.000000000000000000, 0.000000000000000000 ) ) ;
#3168 = ORIENTED_EDGE ( 'NONE', *, *, #3236, .F. ) ;
#3169 = VECTOR ( 'NONE', #4693, 1000.000000000000000 ) ;
#3170 = VERTEX_POINT ( 'NONE', #840 ) ;
#3171 = EDGE_CURVE ( 'NONE', #2292, #1801, #3779, .T. ) ;
#3172 = VECTOR ( 'NONE', #1029, 1000.000000000000000 ) ;
#3173 = PLANE ( 'NONE',  #2666 ) ;
#3174 = ADVANCED_FACE ( 'NONE', ( #3082 ), #3058, .F. ) ;
#3175 = CARTESIAN_POINT ( 'NONE',  ( 1.549999999999961853, 0.04999999999996914551, 1.500000000000000000 ) ) ;
#3176 = LINE ( 'NONE', #4306, #2442 ) ;
#3177 = EDGE_LOOP ( 'NONE', ( #1833, #985, #2075, #4464, #4487, #59 ) ) ;
#3178 = DIRECTION ( 'NONE',  ( 1.000000000000000000, 0.000000000000000000, -0.000000000000000000 ) ) ;
#3179 = EDGE_CURVE ( 'NONE', #1589, #2908, #1178, .T. ) ;
#3180 = FACE_OUTER_BOUND ( 'NONE', #1185, .T. ) ;
#3181 = DIRECTION ( 'NONE',  ( 0.000000000000000000, 0.000000000000000000, -1.000000000000000000 ) ) ;
#3182 = ORIENTED_EDGE ( 'NONE', *, *, #4700, .T. ) ;
#3183 = CARTESIAN_POINT ( 'NONE',  ( 2.000000000000000000, 0.5500000000000000444, -1.600000000000000089 ) ) ;
#3184 = DIRECTION ( 'NONE',  ( -0.000000000000000000, 0.000000000000000000, -1.000000000000000000 ) ) ;
#3185 = ORIENTED_EDGE ( 'NONE', *, *, #896, .F. ) ;
#3186 = LINE ( 'NONE', #4604, #3477 ) ;
#3187 = CARTESIAN_POINT ( 'NONE',  ( 2.000000000000000000, 0.2999999999999999889, -0.4000000000000000222 ) ) ;
#3188 =( BOUNDED_CURVE ( )  B_SPLINE_CURVE ( 3, ( #280, #2860, #1044, #4326 ),
 .UNSPECIFIED., .F., .F. ) 
 B_SPLINE_CURVE_WITH_KNOTS ( ( 4, 4 ),
 ( 0.000000000000000000, 1.000000000000000000 ),
 .UNSPECIFIED. ) 
 CURVE ( )  GEOMETRIC_REPRESENTATION_ITEM ( )  RATIONAL_B_SPLINE_CURVE ( ( 1.000000000000000000, 0.3333333333329169257, 0.3333333333329169257, 1.000000000000000000 ) ) 
 REPRESENTATION_ITEM ( '' )  );
#3189 = VECTOR ( 'NONE', #3878, 1000.000000000000000 ) ;
#3190 = VECTOR ( 'NONE', #4252, 1000.000000000000000 ) ;
#3191 = DIRECTION ( 'NONE',  ( 0.8109604400576595484, 0.000000000000000000, -0.5851009867206575787 ) ) ;
#3192 = ORIENTED_EDGE ( 'NONE', *, *, #107, .F. ) ;
#3193 = ORIENTED_EDGE ( 'NONE', *, *, #1463, .F. ) ;
#3194 = DIRECTION ( 'NONE',  ( 0.000000000000000000, 0.000000000000000000, -1.000000000000000000 ) ) ;
#3195 = CARTESIAN_POINT ( 'NONE',  ( 0.7500000000000000000, 0.2500000000000000000, 1.500000000000000000 ) ) ;
#3196 = CARTESIAN_POINT ( 'NONE',  ( 4.592425496802574835E-17, 0.000000000000000000, 0.7500000000000001110 ) ) ;
#3197 = ORIENTED_EDGE ( 'NONE', *, *, #4002, .F. ) ;
#3198 = FACE_OUTER_BOUND ( 'NONE', #3229, .T. ) ;
#3199 = DIRECTION ( 'NONE',  ( 0.000000000000000000, 0.000000000000000000, -1.000000000000000000 ) ) ;
#3200 = DIRECTION ( 'NONE',  ( -1.000000000000000000, 0.000000000000000000, 0.000000000000000000 ) ) ;
#3201 = AXIS2_PLACEMENT_3D ( 'NONE', #2225, #1771, #2156 ) ;
#3202 = EDGE_LOOP ( 'NONE', ( #2950, #1001, #3232, #3881, #1020, #1655 ) ) ;
#3203 = LINE ( 'NONE', #1418, #250 ) ;
#3204 = CARTESIAN_POINT ( 'NONE',  ( -0.7085106253623999484, 5.450000000000000178, 0.2999999850987999928 ) ) ;
#3205 = VECTOR ( 'NONE', #127, 1000.000000000000000 ) ;
#3206 = ORIENTED_EDGE ( 'NONE', *, *, #2111, .T. ) ;
#3207 = ADVANCED_FACE ( 'NONE', ( #1946 ), #4167, .T. ) ;
#3208 = EDGE_CURVE ( 'NONE', #718, #134, #4249, .T. ) ;
#3209 = DIRECTION ( 'NONE',  ( 0.000000000000000000, -1.000000000000000000, 0.000000000000000000 ) ) ;
#3210 = PLANE ( 'NONE',  #1108 ) ;
#3211 = EDGE_CURVE ( 'NONE', #114, #45, #4008, .T. ) ;
#3212 = VECTOR ( 'NONE', #2765, 1000.000000000000000 ) ;
#3213 = CARTESIAN_POINT ( 'NONE',  ( -1.300000000000000266, 0.5000000000000000000, 1.500000000000000222 ) ) ;
#3214 = ORIENTED_EDGE ( 'NONE', *, *, #1200, .T. ) ;
#3215 = EDGE_LOOP ( 'NONE', ( #3395, #288, #3986, #2153 ) ) ;
#3216 = ORIENTED_EDGE ( 'NONE', *, *, #1162, .T. ) ;
#3217 = EDGE_CURVE ( 'NONE', #4649, #4463, #3448, .T. ) ;
#3218 = CARTESIAN_POINT ( 'NONE',  ( -0.4531914889810998992, 5.450000000000000178, -0.8999999523162000026 ) ) ;
#3219 = CARTESIAN_POINT ( 'NONE',  ( 3.250000000000000444, 0.2500000000000000000, 1.500000000000000000 ) ) ;
#3220 = DIRECTION ( 'NONE',  ( 0.000000000000000000, 1.000000000000000000, 0.000000000000000000 ) ) ;
#3221 = ORIENTED_EDGE ( 'NONE', *, *, #896, .T. ) ;
#3222 = CARTESIAN_POINT ( 'NONE',  ( 5.299999999999999822, 0.000000000000000000, -2.750000000000000000 ) ) ;
#3223 = EDGE_CURVE ( 'NONE', #1912, #45, #1539, .T. ) ;
#3224 = EDGE_CURVE ( 'NONE', #2654, #4363, #1928, .T. ) ;
#3225 = VECTOR ( 'NONE', #4290, 1000.000000000000000 ) ;
#3226 = VECTOR ( 'NONE', #4685, 1000.000000000000000 ) ;
#3227 = CARTESIAN_POINT ( 'NONE',  ( 2.400000000000000355, 2.750000000000000000, -3.486639386241999983 ) ) ;
#3228 = LINE ( 'NONE', #1388, #1985 ) ;
#3229 = EDGE_LOOP ( 'NONE', ( #1498, #880, #3706, #1534 ) ) ;
#3230 = LINE ( 'NONE', #964, #2320 ) ;
#3231 = DIRECTION ( 'NONE',  ( 0.7071067811875976217, -0.7071067811854975238, 0.000000000000000000 ) ) ;
#3232 = ORIENTED_EDGE ( 'NONE', *, *, #2030, .F. ) ;
#3233 = EDGE_CURVE ( 'NONE', #1720, #183, #4319, .T. ) ;
#3234 = PLANE ( 'NONE',  #1240 ) ;
#3235 = LINE ( 'NONE', #3526, #655 ) ;
#3236 = EDGE_CURVE ( 'NONE', #1249, #626, #4544, .T. ) ;
#3237 = CARTESIAN_POINT ( 'NONE',  ( 0.000000000000000000, 2.750000000000000000, 1.299999999957890395 ) ) ;
#3238 = EDGE_LOOP ( 'NONE', ( #2692, #1041, #1678, #2787 ) ) ;
#3239 = ORIENTED_EDGE ( 'NONE', *, *, #2346, .F. ) ;
#3240 = ORIENTED_EDGE ( 'NONE', *, *, #702, .F. ) ;
#3241 = VECTOR ( 'NONE', #2699, 1000.000000000000000 ) ;
#3242 = PRODUCT_DEFINITION_FORMATION_WITH_SPECIFIED_SOURCE ( 'ANY', '', #346, .NOT_KNOWN. ) ;
#3243 = DIRECTION ( 'NONE',  ( -0.000000000000000000, -0.000000000000000000, -1.000000000000000000 ) ) ;
#3244 = CARTESIAN_POINT ( 'NONE',  ( -1.300000000000000266, 0.5000000000000000000, 0.2500000000000000000 ) ) ;
#3245 = CARTESIAN_POINT ( 'NONE',  ( -1.300000000000000044, 0.5500000000000000444, -1.274999999999999911 ) ) ;
#3246 = ORIENTED_EDGE ( 'NONE', *, *, #4070, .F. ) ;
#3247 = CARTESIAN_POINT ( 'NONE',  ( -1.300000000000000044, 0.5500000000000000444, -1.856971445025206169 ) ) ;
#3248 = CIRCLE ( 'NONE', #2398, 0.7500000000000002220 ) ;
#3249 = VECTOR ( 'NONE', #925, 1000.000000000000000 ) ;
#3250 = VECTOR ( 'NONE', #493, 1000.000000000000000 ) ;
#3251 = LINE ( 'NONE', #3273, #2941 ) ;
#3252 = CARTESIAN_POINT ( 'NONE',  ( 5.299999999999999822, 2.750000000000000000, -3.750000000000000000 ) ) ;
#3253 = ORIENTED_EDGE ( 'NONE', *, *, #2905, .T. ) ;
#3254 = CARTESIAN_POINT ( 'NONE',  ( 1.300000000000000266, 0.000000000000000000, -3.500000000000000000 ) ) ;
#3255 = LINE ( 'NONE', #1756, #2165 ) ;
#3256 = VERTEX_POINT ( 'NONE', #1201 ) ;
#3257 = CARTESIAN_POINT ( 'NONE',  ( 0.000000000000000000, 0.5000000000000000000, -3.500000000000000000 ) ) ;
#3258 = FACE_OUTER_BOUND ( 'NONE', #2873, .T. ) ;
#3259 = EDGE_CURVE ( 'NONE', #797, #2176, #3730, .T. ) ;
#3260 = ADVANCED_FACE ( 'NONE', ( #2986 ), #2647, .F. ) ;
#3261 = CARTESIAN_POINT ( 'NONE',  ( -0.9000000000001000533, 5.349999999999999645, 0.5999999940395001063 ) ) ;
#3262 = AXIS2_PLACEMENT_3D ( 'NONE', #1121, #355, #4016 ) ;
#3263 = ORIENTED_EDGE ( 'NONE', *, *, #1204, .T. ) ;
#3264 = VERTEX_POINT ( 'NONE', #2619 ) ;
#3265 = ORIENTED_EDGE ( 'NONE', *, *, #1588, .T. ) ;
#3266 = VECTOR ( 'NONE', #2937, 1000.000000000000000 ) ;
#3267 = ADVANCED_FACE ( 'NONE', ( #4119 ), #3376, .T. ) ;
#3268 = EDGE_CURVE ( 'NONE', #4513, #3468, #815, .T. ) ;
#3269 = DIRECTION ( 'NONE',  ( 0.000000000000000000, 0.000000000000000000, 1.000000000000000000 ) ) ;
#3270 = CARTESIAN_POINT ( 'NONE',  ( 5.609887319042353049, 5.486492374042708065, 1.199999999999999956 ) ) ;
#3271 = ORIENTED_EDGE ( 'NONE', *, *, #1056, .T. ) ;
#3272 = DIRECTION ( 'NONE',  ( 1.000000000000000000, -0.000000000000000000, 0.000000000000000000 ) ) ;
#3273 = CARTESIAN_POINT ( 'NONE',  ( -2.000000000000000000, 2.600000000000000533, -1.600000000000000089 ) ) ;
#3274 = DIRECTION ( 'NONE',  ( 1.000000000000000000, -0.000000000000000000, 0.000000000000000000 ) ) ;
#3275 = VERTEX_POINT ( 'NONE', #3753 ) ;
#3276 = CARTESIAN_POINT ( 'NONE',  ( 5.549999999999999822, 0.05000000000000000278, 1.500000000000000000 ) ) ;
#3277 = DIRECTION ( 'NONE',  ( 0.000000000000000000, 0.000000000000000000, 1.000000000000000000 ) ) ;
#3278 = ORIENTED_EDGE ( 'NONE', *, *, #44, .T. ) ;
#3279 = EDGE_CURVE ( 'NONE', #155, #1032, #116, .T. ) ;
#3280 = CYLINDRICAL_SURFACE ( 'NONE', #3090, 1.000000000000000000 ) ;
#3281 = DIRECTION ( 'NONE',  ( 0.8109604400573264815, 0.000000000000000000, -0.5851009867211192095 ) ) ;
#3282 = VECTOR ( 'NONE', #3048, 999.9999999999998863 ) ;
#3283 = ADVANCED_FACE ( 'NONE', ( #3034 ), #1592, .T. ) ;
#3284 = VECTOR ( 'NONE', #260, 1000.000000000000000 ) ;
#3285 = CARTESIAN_POINT ( 'NONE',  ( 2.649999999999950173, 0.2499999999999497069, 1.500000000000000000 ) ) ;
#3286 = VECTOR ( 'NONE', #4660, 1000.000000000000000 ) ;
#3287 = DIRECTION ( 'NONE',  ( 0.000000000000000000, -0.000000000000000000, 1.000000000000000000 ) ) ;
#3288 = ORIENTED_EDGE ( 'NONE', *, *, #3527, .T. ) ;
#3289 = ORIENTED_EDGE ( 'NONE', *, *, #643, .F. ) ;
#3290 = CARTESIAN_POINT ( 'NONE',  ( 5.700000000000000178, 0.05000000000000000278, -3.200000000000000178 ) ) ;
#3291 = CARTESIAN_POINT ( 'NONE',  ( 5.985469376755158777, 5.327052006648531624, -3.338794691956771032 ) ) ;
#3292 = ORIENTED_EDGE ( 'NONE', *, *, #728, .F. ) ;
#3293 = CARTESIAN_POINT ( 'NONE',  ( 4.000000000000000000, -0.01000000000000000021, -2.750000000000000000 ) ) ;
#3294 = EDGE_CURVE ( 'NONE', #3275, #2131, #3248, .T. ) ;
#3295 = CARTESIAN_POINT ( 'NONE',  ( -2.000000000000000000, 2.600000000000000533, -0.3999999999999999667 ) ) ;
#3296 = CARTESIAN_POINT ( 'NONE',  ( -1.053191488980999901, 5.400000000000000355, 0.1874999940395999931 ) ) ;
#3297 = ORIENTED_EDGE ( 'NONE', *, *, #1570, .T. ) ;
#3298 = DIRECTION ( 'NONE',  ( -0.000000000000000000, -1.000000000000000000, -0.000000000000000000 ) ) ;
#3299 = AXIS2_PLACEMENT_3D ( 'NONE', #483, #1263, #1213 ) ;
#3300 = EDGE_CURVE ( 'NONE', #4268, #165, #2334, .T. ) ;
#3301 = ORIENTED_EDGE ( 'NONE', *, *, #2603, .T. ) ;
#3302 = VECTOR ( 'NONE', #1551, 1000.000000000000000 ) ;
#3303 = DIRECTION ( 'NONE',  ( 0.000000000000000000, 0.000000000000000000, 1.000000000000000000 ) ) ;
#3304 = CARTESIAN_POINT ( 'NONE',  ( 1.350000000000099343, 0.2499999999999992506, -3.500000000000000000 ) ) ;
#3305 = VECTOR ( 'NONE', #4112, 1000.000000000000000 ) ;
#3306 = DIRECTION ( 'NONE',  ( -0.7071067811854974128, 0.7071067811875975107, 0.000000000000000000 ) ) ;
#3307 = LINE ( 'NONE', #4766, #557 ) ;
#3308 = ORIENTED_EDGE ( 'NONE', *, *, #1421, .T. ) ;
#3309 = ORIENTED_EDGE ( 'NONE', *, *, #1153, .F. ) ;
#3310 = EDGE_CURVE ( 'NONE', #1744, #962, #2000, .T. ) ;
#3311 = CARTESIAN_POINT ( 'NONE',  ( -1.774999999999999911, 0.05000000000000000278, 0.5500000000000000444 ) ) ;
#3312 = LINE ( 'NONE', #2929, #4659 ) ;
#3313 = ORIENTED_EDGE ( 'NONE', *, *, #279, .T. ) ;
#3314 = DIRECTION ( 'NONE',  ( -0.5699145823506216457, 0.000000000000000000, 0.8217039423199310466 ) ) ;
#3315 = AXIS2_PLACEMENT_3D ( 'NONE', #1545, #3016, #3405 ) ;
#3316 = EDGE_CURVE ( 'NONE', #3950, #710, #3836, .T. ) ;
#3317 = FACE_OUTER_BOUND ( 'NONE', #2243, .T. ) ;
#3318 = LINE ( 'NONE', #4462, #2172 ) ;
#3319 = DIRECTION ( 'NONE',  ( 0.3102800658973076109, -0.000000000000000000, 0.9506451918075231600 ) ) ;
#3320 = ORIENTED_EDGE ( 'NONE', *, *, #2818, .T. ) ;
#3321 = EDGE_CURVE ( 'NONE', #3103, #4560, #4223, .T. ) ;
#3322 = AXIS2_PLACEMENT_3D ( 'NONE', #3040, #3431, #1157 ) ;
#3323 = DIRECTION ( 'NONE',  ( 0.9506452082485049582, 0.000000000000000000, 0.3102800155249396119 ) ) ;
#3324 =( LENGTH_UNIT ( ) NAMED_UNIT ( * ) SI_UNIT ( .MILLI., .METRE. ) );
#3325 = VERTEX_POINT ( 'NONE', #917 ) ;
#3326 = DIRECTION ( 'NONE',  ( -0.000000000000000000, 1.000000000000000000, -0.000000000000000000 ) ) ;
#3327 = VECTOR ( 'NONE', #4351, 1000.000000000000000 ) ;
#3328 = CARTESIAN_POINT ( 'NONE',  ( 2.700000000000000178, 1.000000000000000000, 0.7500000000000000000 ) ) ;
#3329 = DIRECTION ( 'NONE',  ( 0.000000000000000000, -1.000000000000000000, 0.000000000000000000 ) ) ;
#3330 = DIRECTION ( 'NONE',  ( 1.000000000000000000, 0.000000000000000000, -0.000000000000000000 ) ) ;
#3331 = FACE_OUTER_BOUND ( 'NONE', #1892, .T. ) ;
#3332 = VERTEX_POINT ( 'NONE', #2028 ) ;
#3333 = VERTEX_POINT ( 'NONE', #3498 ) ;
#3334 = DIRECTION ( 'NONE',  ( 0.8100984768635948186, 0.000000000000000000, 0.5862938322916961820 ) ) ;
#3335 = DIRECTION ( 'NONE',  ( -1.000000000000000000, 0.000000000000000000, 0.000000000000000000 ) ) ;
#3336 = ORIENTED_EDGE ( 'NONE', *, *, #4114, .F. ) ;
#3337 = LINE ( 'NONE', #3293, #2421 ) ;
#3338 = AXIS2_PLACEMENT_3D ( 'NONE', #3801, #470, #1969 ) ;
#3339 = EDGE_CURVE ( 'NONE', #423, #1068, #3475, .T. ) ;
#3340 = CARTESIAN_POINT ( 'NONE',  ( -1.699999999999999734, 5.362132034355964194, 1.412132034355964239 ) ) ;
#3341 = LINE ( 'NONE', #2688, #3250 ) ;
#3342 = DIRECTION ( 'NONE',  ( -1.000000000000000000, -0.000000000000000000, 0.000000000000000000 ) ) ;
#3343 = AXIS2_PLACEMENT_3D ( 'NONE', #2710, #878, #1887 ) ;
#3344 = EDGE_LOOP ( 'NONE', ( #2050, #1937, #2715, #4733 ) ) ;
#3345 = DIRECTION ( 'NONE',  ( -0.000000000000000000, 0.000000000000000000, -1.000000000000000000 ) ) ;
#3346 = CIRCLE ( 'NONE', #274, 0.7500000000000002220 ) ;
#3347 = DIRECTION ( 'NONE',  ( 1.000000000000000000, 0.000000000000000000, 0.000000000000000000 ) ) ;
#3348 = ORIENTED_EDGE ( 'NONE', *, *, #1777, .F. ) ;
#3349 = CARTESIAN_POINT ( 'NONE',  ( 0.000000000000000000, 0.000000000000000000, -3.500000000000000000 ) ) ;
#3350 = DIRECTION ( 'NONE',  ( 0.000000000000000000, 0.000000000000000000, -1.000000000000000000 ) ) ;
#3351 = EDGE_CURVE ( 'NONE', #1042, #1993, #1668, .T. ) ;
#3352 = EDGE_CURVE ( 'NONE', #638, #2654, #1395, .T. ) ;
#3353 = DIRECTION ( 'NONE',  ( 0.000000000000000000, 0.000000000000000000, -1.000000000000000000 ) ) ;
#3354 = LINE ( 'NONE', #1854, #1670 ) ;
#3355 = CARTESIAN_POINT ( 'NONE',  ( 1.300000000000000266, 0.2500000000000000000, 1.500000000000000000 ) ) ;
#3356 = VECTOR ( 'NONE', #769, 1000.000000000000000 ) ;
#3357 = ORIENTED_EDGE ( 'NONE', *, *, #2261, .F. ) ;
#3358 = VECTOR ( 'NONE', #465, 1000.000000000000000 ) ;
#3359 = EDGE_LOOP ( 'NONE', ( #1772, #1617, #311, #4257, #2757, #4286 ) ) ;
#3360 = AXIS2_PLACEMENT_3D ( 'NONE', #1128, #3114, #3786 ) ;
#3361 = CARTESIAN_POINT ( 'NONE',  ( 5.299999999999999822, 0.5500000000000000444, -1.274999999999999911 ) ) ;
#3362 = DIRECTION ( 'NONE',  ( 1.000000000000000000, -0.000000000000000000, -0.000000000000000000 ) ) ;
#3363 = VERTEX_POINT ( 'NONE', #174 ) ;
#3364 = FACE_OUTER_BOUND ( 'NONE', #3047, .T. ) ;
#3365 = EDGE_CURVE ( 'NONE', #2038, #4602, #4601, .T. ) ;
#3366 = CARTESIAN_POINT ( 'NONE',  ( -1.699999999999999956, 5.362132034355964194, 1.412132034355964016 ) ) ;
#3367 = CARTESIAN_POINT ( 'NONE',  ( 5.349999999999999645, 0.5500000000000000444, -1.274999999999999911 ) ) ;
#3368 = ORIENTED_EDGE ( 'NONE', *, *, #2111, .F. ) ;
#3369 = ORIENTED_EDGE ( 'NONE', *, *, #1939, .T. ) ;
#3370 = EDGE_CURVE ( 'NONE', #4620, #710, #2285, .T. ) ;
#3371 = LINE ( 'NONE', #334, #2257 ) ;
#3372 = AXIS2_PLACEMENT_3D ( 'NONE', #1151, #1805, #3281 ) ;
#3373 = SURFACE_STYLE_USAGE ( .BOTH. , #1846 ) ;
#3374 = ORIENTED_EDGE ( 'NONE', *, *, #2799, .F. ) ;
#3375 = ORIENTED_EDGE ( 'NONE', *, *, #2956, .F. ) ;
#3376 = CYLINDRICAL_SURFACE ( 'NONE', #4465, 1.600000000000000089 ) ;
#3377 = FACE_OUTER_BOUND ( 'NONE', #1716, .T. ) ;
#3378 = EDGE_CURVE ( 'NONE', #518, #2794, #3757, .T. ) ;
#3379 = PLANE ( 'NONE',  #893 ) ;
#3380 = EDGE_CURVE ( 'NONE', #2643, #3747, #1925, .T. ) ;
#3381 = DIRECTION ( 'NONE',  ( 0.3162277490530979174, 0.000000000000000000, 0.9486833037050936834 ) ) ;
#3382 = ORIENTED_EDGE ( 'NONE', *, *, #1065, .T. ) ;
#3383 = ORIENTED_EDGE ( 'NONE', *, *, #2720, .T. ) ;
#3384 = DIRECTION ( 'NONE',  ( 1.000000000000000000, 0.000000000000000000, -0.000000000000000000 ) ) ;
#3385 = DIRECTION ( 'NONE',  ( 0.000000000000000000, -0.000000000000000000, 1.000000000000000000 ) ) ;
#3386 = ORIENTED_EDGE ( 'NONE', *, *, #258, .T. ) ;
#3387 = SURFACE_SIDE_STYLE ('',( #2634 ) ) ;
#3388 = ORIENTED_EDGE ( 'NONE', *, *, #2915, .T. ) ;
#3389 = CYLINDRICAL_SURFACE ( 'NONE', #203, 1.599999999999999867 ) ;
#3390 = DIRECTION ( 'NONE',  ( 0.000000000000000000, -0.000000000000000000, 1.000000000000000000 ) ) ;
#3391 = VERTEX_POINT ( 'NONE', #2697 ) ;
#3392 = ORIENTED_EDGE ( 'NONE', *, *, #4129, .T. ) ;
#3393 = CARTESIAN_POINT ( 'NONE',  ( -1.803714664249339350, 5.236937359832100292, -3.537326708879828363 ) ) ;
#3394 = ORIENTED_EDGE ( 'NONE', *, *, #3139, .T. ) ;
#3395 = ORIENTED_EDGE ( 'NONE', *, *, #2760, .F. ) ;
#3396 = CARTESIAN_POINT ( 'NONE',  ( -0.3000000000001150635, 5.400000000000000355, 0.7999999999999457545 ) ) ;
#3397 = DIRECTION ( 'NONE',  ( 0.000000000000000000, 0.000000000000000000, 1.000000000000000000 ) ) ;
#3398 = LINE ( 'NONE', #2751, #3144 ) ;
#3399 = CARTESIAN_POINT ( 'NONE',  ( 2.000000000000000000, 0.5500000000000000444, -0.3999999999999999667 ) ) ;
#3400 = AXIS2_PLACEMENT_3D ( 'NONE', #3137, #4496, #1302 ) ;
#3401 = CIRCLE ( 'NONE', #84, 0.2999999999999999334 ) ;
#3402 = DIRECTION ( 'NONE',  ( -0.000000000000000000, 0.000000000000000000, -1.000000000000000000 ) ) ;
#3403 = LINE ( 'NONE', #93, #3130 ) ;
#3404 = EDGE_CURVE ( 'NONE', #1298, #2643, #1205, .T. ) ;
#3405 = DIRECTION ( 'NONE',  ( -0.000000000000000000, 0.000000000000000000, -1.000000000000000000 ) ) ;
#3406 = ORIENTED_EDGE ( 'NONE', *, *, #78, .F. ) ;
#3407 = VERTEX_POINT ( 'NONE', #3110 ) ;
#3408 = CARTESIAN_POINT ( 'NONE',  ( 4.000000000000000000, 0.000000000000000000, -3.500000000000000000 ) ) ;
#3409 = CYLINDRICAL_SURFACE ( 'NONE', #3299, 0.2999999999999999334 ) ;
#3410 = LINE ( 'NONE', #3767, #4273 ) ;
#3411 = ORIENTED_EDGE ( 'NONE', *, *, #3823, .T. ) ;
#3412 = EDGE_CURVE ( 'NONE', #2342, #3647, #119, .T. ) ;
#3413 = ADVANCED_FACE ( 'NONE', ( #1568 ), #1279, .T. ) ;
#3414 = CARTESIAN_POINT ( 'NONE',  ( -0.2999999999999900524, 5.349999999999999645, -0.8000000476837698660 ) ) ;
#3415 = CARTESIAN_POINT ( 'NONE',  ( 4.650000000000000355, 0.000000000000000000, -3.125000000000000000 ) ) ;
#3416 = ORIENTED_EDGE ( 'NONE', *, *, #4371, .F. ) ;
#3417 = ORIENTED_EDGE ( 'NONE', *, *, #1408, .T. ) ;
#3418 = VECTOR ( 'NONE', #3992, 1000.000000000000000 ) ;
#3419 = LINE ( 'NONE', #1246, #1334 ) ;
#3420 = EDGE_LOOP ( 'NONE', ( #3004, #480, #1971, #607, #3336, #2454, #4433, #1404, #3073, #4165, #1420, #515, #3369, #3600, #1662, #3670, #4394, #1389, #694, #2882, #1794, #2789, #387, #2870 ) ) ;
#3421 = ORIENTED_EDGE ( 'NONE', *, *, #3316, .T. ) ;
#3422 = AXIS2_PLACEMENT_3D ( 'NONE', #1799, #2185, #2528 ) ;
#3423 = VECTOR ( 'NONE', #3191, 1000.000000000000000 ) ;
#3424 = DIRECTION ( 'NONE',  ( 0.7071067811865474617, 0.7071067811865474617, 0.000000000000000000 ) ) ;
#3425 = CARTESIAN_POINT ( 'NONE',  ( 3.350000000000000089, 0.5000000000000000000, -3.125000000000000000 ) ) ;
#3426 = DIRECTION ( 'NONE',  ( -0.000000000000000000, -1.000000000000000000, -0.000000000000000000 ) ) ;
#3427 = DIRECTION ( 'NONE',  ( 1.000000000000000000, 0.000000000000000000, 0.000000000000000000 ) ) ;
#3428 = EDGE_CURVE ( 'NONE', #975, #1912, #4701, .T. ) ;
#3429 = DIRECTION ( 'NONE',  ( -0.000000000000000000, -0.000000000000000000, 1.000000000000000000 ) ) ;
#3430 = PLANE ( 'NONE',  #4205 ) ;
#3431 = DIRECTION ( 'NONE',  ( -8.340016712738614037E-17, 0.000000000000000000, -1.000000000000000000 ) ) ;
#3432 = ORIENTED_EDGE ( 'NONE', *, *, #3061, .T. ) ;
#3433 = AXIS2_PLACEMENT_3D ( 'NONE', #1431, #778, #3335 ) ;
#3434 = FACE_OUTER_BOUND ( 'NONE', #981, .T. ) ;
#3435 = CARTESIAN_POINT ( 'NONE',  ( 5.910123345235144932, 5.325728126347301306, -2.985878119317074919 ) ) ;
#3436 = CARTESIAN_POINT ( 'NONE',  ( 5.599999999999999645, 1.649999999999999911, -3.750000000000000000 ) ) ;
#3437 = AXIS2_PLACEMENT_3D ( 'NONE', #1884, #1, #4053 ) ;
#3438 = VERTEX_POINT ( 'NONE', #1949 ) ;
#3439 = DIRECTION ( 'NONE',  ( -0.000000000000000000, -1.000000000000000000, -0.000000000000000000 ) ) ;
#3440 = LINE ( 'NONE', #1634, #3534 ) ;
#3441 = ORIENTED_EDGE ( 'NONE', *, *, #608, .F. ) ;
#3442 = EDGE_LOOP ( 'NONE', ( #4324, #4609, #3348, #4517 ) ) ;
#3443 = AXIS2_PLACEMENT_3D ( 'NONE', #905, #928, #2401 ) ;
#3444 = CARTESIAN_POINT ( 'NONE',  ( -1.700000000000000400, 5.059887319042355003, -3.536492374042709219 ) ) ;
#3445 = ADVANCED_FACE ( 'NONE', ( #2675 ), #1229, .F. ) ;
#3446 = VERTEX_POINT ( 'NONE', #2310 ) ;
#3447 = VERTEX_POINT ( 'NONE', #3063 ) ;
#3448 = LINE ( 'NONE', #1619, #2618 ) ;
#3449 = CARTESIAN_POINT ( 'NONE',  ( 4.000000000000000000, 2.750000000000000000, 1.499999999566625775 ) ) ;
#3450 = CARTESIAN_POINT ( 'NONE',  ( 5.822259282061491348, 5.023742182490723351, 1.499986676132685215 ) ) ;
#3451 = CARTESIAN_POINT ( 'NONE',  ( -2.000000000000000000, 2.600000000000000533, 1.199999999999999734 ) ) ;
#3452 = CARTESIAN_POINT ( 'NONE',  ( -1.449999999999999956, 0.1499999999999999944, -1.600000000000000089 ) ) ;
#3453 = CARTESIAN_POINT ( 'NONE',  ( -1.875728126347302238, 5.360123345235143333, 0.9858781193170732537 ) ) ;
#3454 = VECTOR ( 'NONE', #3274, 1000.000000000000000 ) ;
#3455 = VERTEX_POINT ( 'NONE', #4549 ) ;
#3456 = AXIS2_PLACEMENT_3D ( 'NONE', #1293, #1243, #2452 ) ;
#3457 = LINE ( 'NONE', #1307, #814 ) ;
#3458 = LINE ( 'NONE', #2269, #3896 ) ;
#3459 =( REPRESENTATION_RELATIONSHIP ('NONE','NONE', #1548, #748 ) REPRESENTATION_RELATIONSHIP_WITH_TRANSFORMATION ( #3054 )SHAPE_REPRESENTATION_RELATIONSHIP( ) );
#3460 = EDGE_CURVE ( 'NONE', #1736, #4353, #1255, .T. ) ;
#3461 = EDGE_LOOP ( 'NONE', ( #3827, #1194, #4126 ) ) ;
#3462 = CARTESIAN_POINT ( 'NONE',  ( 2.450000000000000178, 0.05000000000002002842, -0.4000000000000000222 ) ) ;
#3463 = DIRECTION ( 'NONE',  ( -7.228014483236697541E-16, 0.000000000000000000, -1.000000000000000000 ) ) ;
#3464 = VERTEX_POINT ( 'NONE', #4293 ) ;
#3465 = VERTEX_POINT ( 'NONE', #3254 ) ;
#3466 = CARTESIAN_POINT ( 'NONE',  ( 2.700000000000000178, 2.749999999999593214, -4.049999999999999822 ) ) ;
#3467 = ADVANCED_FACE ( 'NONE', ( #2461 ), #3930, .T. ) ;
#3468 = VERTEX_POINT ( 'NONE', #627 ) ;
#3469 = ORIENTED_EDGE ( 'NONE', *, *, #489, .T. ) ;
#3470 = ADVANCED_FACE ( 'NONE', ( #3975 ), #2143, .F. ) ;
#3471 = DIRECTION ( 'NONE',  ( 0.000000000000000000, 0.000000000000000000, -1.000000000000000000 ) ) ;
#3472 = PLANE ( 'NONE',  #103 ) ;
#3473 = CARTESIAN_POINT ( 'NONE',  ( 0.000000000000000000, 2.750000000000000000, -3.750000000000000000 ) ) ;
#3474 = DIRECTION ( 'NONE',  ( 0.000000000000000000, -0.000000000000000000, 1.000000000000000000 ) ) ;
#3475 = LINE ( 'NONE', #560, #4089 ) ;
#3476 = ORIENTED_EDGE ( 'NONE', *, *, #4350, .F. ) ;
#3477 = VECTOR ( 'NONE', #2803, 1000.000000000000000 ) ;
#3478 = CARTESIAN_POINT ( 'NONE',  ( -1.549999999999846612, 0.04999999999985632604, -2.549999999999999822 ) ) ;
#3479 = DIRECTION ( 'NONE',  ( 0.000000000000000000, 1.000000000000000000, 0.000000000000000000 ) ) ;
#3480 = AXIS2_PLACEMENT_3D ( 'NONE', #3237, #1110, #2879 ) ;
#3481 = EDGE_LOOP ( 'NONE', ( #467, #208, #2812, #3392 ) ) ;
#3482 = PLANE ( 'NONE',  #2196 ) ;
#3483 = FACE_OUTER_BOUND ( 'NONE', #3461, .T. ) ;
#3484 = CARTESIAN_POINT ( 'NONE',  ( -1.350000000000000089, 0.5500000000000749845, 1.500000000000000000 ) ) ;
#3485 = ORIENTED_EDGE ( 'NONE', *, *, #2061, .T. ) ;
#3486 = ORIENTED_EDGE ( 'NONE', *, *, #2490, .T. ) ;
#3487 = DIRECTION ( 'NONE',  ( 0.000000000000000000, 0.000000000000000000, -1.000000000000000000 ) ) ;
#3488 = DIRECTION ( 'NONE',  ( 0.000000000000000000, -0.000000000000000000, -1.000000000000000000 ) ) ;
#3489 = LINE ( 'NONE', #187, #3305 ) ;
#3490 = ORIENTED_EDGE ( 'NONE', *, *, #1900, .T. ) ;
#3491 = EDGE_CURVE ( 'NONE', #1646, #3741, #986, .T. ) ;
#3492 = CARTESIAN_POINT ( 'NONE',  ( 5.599999999999999645, 2.749999999998001154, -3.925735931288071523 ) ) ;
#3493 = VERTEX_POINT ( 'NONE', #4269 ) ;
#3494 = EDGE_LOOP ( 'NONE', ( #3421, #1271, #3505, #444 ) ) ;
#3495 = DIRECTION ( 'NONE',  ( 0.000000000000000000, 0.000000000000000000, -1.000000000000000000 ) ) ;
#3496 = LINE ( 'NONE', #194, #3839 ) ;
#3497 = CARTESIAN_POINT ( 'NONE',  ( 5.823189846542532244, 5.273189846542531534, 1.501655327279210139 ) ) ;
#3498 = CARTESIAN_POINT ( 'NONE',  ( 1.549999999999961853, 0.04999999999997408601, -0.4000000000000000777 ) ) ;
#3499 = CIRCLE ( 'NONE', #1182, 0.2999999999999999334 ) ;
#3500 = EDGE_LOOP ( 'NONE', ( #3803, #2850, #2629, #1512 ) ) ;
#3501 = VECTOR ( 'NONE', #741, 1000.000000000000000 ) ;
#3502 = CARTESIAN_POINT ( 'NONE',  ( -1.475735931288995495, 5.701471862580291372, -4.050000000000000711 ) ) ;
#3503 = CYLINDRICAL_SURFACE ( 'NONE', #4585, 0.5000000000000000000 ) ;
#3504 = EDGE_CURVE ( 'NONE', #326, #3493, #3230, .T. ) ;
#3505 = ORIENTED_EDGE ( 'NONE', *, *, #3618, .F. ) ;
#3506 = LINE ( 'NONE', #948, #1119 ) ;
#3507 = LINE ( 'NONE', #207, #3551 ) ;
#3508 = EDGE_LOOP ( 'NONE', ( #2256, #4087, #1790, #458, #2252, #2689, #1166, #3639, #3206, #4397, #2742, #568 ) ) ;
#3509 = ORIENTED_EDGE ( 'NONE', *, *, #4451, .F. ) ;
#3510 = DIRECTION ( 'NONE',  ( 0.000000000000000000, 1.000000000000000000, 0.000000000000000000 ) ) ;
#3511 = CARTESIAN_POINT ( 'NONE',  ( -0.6063829779624678729, 5.349999999999999645, 0.5500000059603298297 ) ) ;
#3512 = LINE ( 'NONE', #3151, #3537 ) ;
#3513 = VECTOR ( 'NONE', #1286, 1000.000000000000000 ) ;
#3514 = ORIENTED_EDGE ( 'NONE', *, *, #3987, .F. ) ;
#3515 = FACE_OUTER_BOUND ( 'NONE', #1970, .T. ) ;
#3516 = ORIENTED_EDGE ( 'NONE', *, *, #4212, .F. ) ;
#3517 = AXIS2_PLACEMENT_3D ( 'NONE', #998, #1520, #3194 ) ;
#3518 = LINE ( 'NONE', #960, #2484 ) ;
#3519 = FACE_OUTER_BOUND ( 'NONE', #4707, .T. ) ;
#3520 = EDGE_LOOP ( 'NONE', ( #642, #2772, #1919, #2223 ) ) ;
#3521 = DIRECTION ( 'NONE',  ( 0.000000000000000000, 0.000000000000000000, -1.000000000000000000 ) ) ;
#3522 = CARTESIAN_POINT ( 'NONE',  ( -1.600000000000000089, 1.649999999999999911, -3.750000000000000000 ) ) ;
#3523 = ORIENTED_EDGE ( 'NONE', *, *, #3618, .T. ) ;
#3524 = EDGE_CURVE ( 'NONE', #2092, #1316, #2508, .T. ) ;
#3525 = DIRECTION ( 'NONE',  ( 0.9483937700678206628, 0.000000000000000000, -0.3170950281801112602 ) ) ;
#3526 = CARTESIAN_POINT ( 'NONE',  ( 3.350000000000000089, 0.5000000000000000000, 1.500000000000000000 ) ) ;
#3527 = EDGE_CURVE ( 'NONE', #2926, #4329, #269, .T. ) ;
#3528 = VECTOR ( 'NONE', #3059, 1000.000000000000000 ) ;
#3529 = EDGE_CURVE ( 'NONE', #2384, #1537, #3951, .T. ) ;
#3530 = LINE ( 'NONE', #924, #1507 ) ;
#3531 = AXIS2_PLACEMENT_3D ( 'NONE', #793, #2626, #2922 ) ;
#3532 = CARTESIAN_POINT ( 'NONE',  ( -1.500000000000000000, 5.450000000000000178, -1.750000000000000000 ) ) ;
#3533 = ORIENTED_EDGE ( 'NONE', *, *, #2627, .F. ) ;
#3534 = VECTOR ( 'NONE', #1701, 1000.000000000000114 ) ;
#3535 = ORIENTED_EDGE ( 'NONE', *, *, #2763, .T. ) ;
#3536 = DIRECTION ( 'NONE',  ( 0.8217041219862615264, 0.000000000000000000, -0.5699143233072732073 ) ) ;
#3537 = VECTOR ( 'NONE', #1315, 1000.000000000000000 ) ;
#3538 = CARTESIAN_POINT ( 'NONE',  ( 6.000000000000000000, 5.150000000000000355, -3.287999999999999812 ) ) ;
#3539 = DIRECTION ( 'NONE',  ( 0.000000000000000000, 0.000000000000000000, 1.000000000000000000 ) ) ;
#3540 = ORIENTED_EDGE ( 'NONE', *, *, #3588, .F. ) ;
#3541 = FACE_BOUND ( 'NONE', #803, .T. ) ;
#3542 = CARTESIAN_POINT ( 'NONE',  ( 2.699999999999999734, 0.5000000000000000000, -3.500000000000000000 ) ) ;
#3543 = CARTESIAN_POINT ( 'NONE',  ( 1.300000000000000266, 0.000000000000000000, 1.500000000000000222 ) ) ;
#3544 = ORIENTED_EDGE ( 'NONE', *, *, #1065, .F. ) ;
#3545 = DIRECTION ( 'NONE',  ( 0.000000000000000000, 1.000000000000000000, 0.000000000000000000 ) ) ;
#3546 = PLANE ( 'NONE',  #2621 ) ;
#3547 = ORIENTED_EDGE ( 'NONE', *, *, #4320, .F. ) ;
#3548 = FACE_OUTER_BOUND ( 'NONE', #4215, .T. ) ;
#3549 = CARTESIAN_POINT ( 'NONE',  ( 5.450000000000000178, 0.1499999999999999944, 1.500000000000000000 ) ) ;
#3550 = CIRCLE ( 'NONE', #1543, 0.7500000000000002220 ) ;
#3551 = VECTOR ( 'NONE', #1677, 1000.000000000000000 ) ;
#3552 = LINE ( 'NONE', #276, #2339 ) ;
#3553 = EDGE_LOOP ( 'NONE', ( #1260, #402, #1327, #4088, #3826 ) ) ;
#3554 = EDGE_LOOP ( 'NONE', ( #1411, #1274, #125, #3253 ) ) ;
#3555 = VECTOR ( 'NONE', #6, 1000.000000000000000 ) ;
#3556 = CARTESIAN_POINT ( 'NONE',  ( -1.774999999999999911, 0.05000000000000000278, 1.500000000000000000 ) ) ;
#3557 = CARTESIAN_POINT ( 'NONE',  ( -1.700000000000000178, 5.150000000000000355, -3.200000000000000178 ) ) ;
#3558 = LINE ( 'NONE', #3581, #3284 ) ;
#3559 = EDGE_LOOP ( 'NONE', ( #10, #1450, #951, #2460 ) ) ;
#3560 = PLANE ( 'NONE',  #4644 ) ;
#3561 = EDGE_CURVE ( 'NONE', #2993, #3103, #2824, .T. ) ;
#3562 = EDGE_CURVE ( 'NONE', #2384, #326, #3203, .T. ) ;
#3563 = DIRECTION ( 'NONE',  ( -0.000000000000000000, -1.000000000000000000, -0.000000000000000000 ) ) ;
#3564 = DIRECTION ( 'NONE',  ( 1.000000000000000000, 0.000000000000000000, 0.000000000000000000 ) ) ;
#3565 = VERTEX_POINT ( 'NONE', #4671 ) ;
#3566 = CARTESIAN_POINT ( 'NONE',  ( 1.600000000000000089, 2.600000000000000533, -3.500000000000000000 ) ) ;
#3567 = CARTESIAN_POINT ( 'NONE',  ( -1.549999999999905453, 0.04999999999992816441, -0.4000000000000000777 ) ) ;
#3568 = ORIENTED_EDGE ( 'NONE', *, *, #4022, .T. ) ;
#3569 = CARTESIAN_POINT ( 'NONE',  ( 2.000000000000000000, 2.600000000000000533, 1.500000000000000000 ) ) ;
#3570 = DIRECTION ( 'NONE',  ( -0.000000000000000000, -0.000000000000000000, -1.000000000000000000 ) ) ;
#3572 = EDGE_CURVE ( 'NONE', #1576, #1486, #2939, .T. ) ;
#3571 = AXIS2_PLACEMENT_3D ( 'NONE', #1503, #2976, #372 ) ;
#3573 = VECTOR ( 'NONE', #3072, 1000.000000000000000 ) ;
#3574 = EDGE_CURVE ( 'NONE', #1944, #188, #3721, .T. ) ;
#3575 = AXIS2_PLACEMENT_3D ( 'NONE', #1127, #4024, #382 ) ;
#3576 = CARTESIAN_POINT ( 'NONE',  ( -1.500000000000103251, 5.349999999999999645, -2.599999904632857461 ) ) ;
#3577 = VERTEX_POINT ( 'NONE', #605 ) ;
#3578 = ORIENTED_EDGE ( 'NONE', *, *, #4427, .T. ) ;
#3579 = CARTESIAN_POINT ( 'NONE',  ( -1.300000000000000044, 0.5500000000000000444, -2.532055052822983043 ) ) ;
#3580 = DIRECTION ( 'NONE',  ( -1.000000000000000000, 0.000000000000000000, 0.000000000000000000 ) ) ;
#3581 = CARTESIAN_POINT ( 'NONE',  ( 2.000000000000000000, 5.450000000000000178, 1.199999999999999734 ) ) ;
#3582 = VERTEX_POINT ( 'NONE', #4312 ) ;
#3583 = DIRECTION ( 'NONE',  ( 1.000000000000000000, 0.000000000000000000, 0.000000000000000000 ) ) ;
#3584 = EDGE_CURVE ( 'NONE', #3565, #4242, #943, .T. ) ;
#3585 = CARTESIAN_POINT ( 'NONE',  ( 2.649999999999999911, 0.4000000000000000222, 1.500000000000000000 ) ) ;
#3586 = LINE ( 'NONE', #2434, #369 ) ;
#3587 = EDGE_LOOP ( 'NONE', ( #944, #4050, #4190, #1535 ) ) ;
#3588 = EDGE_CURVE ( 'NONE', #576, #4353, #1008, .T. ) ;
#3589 = CARTESIAN_POINT ( 'NONE',  ( 3.350000000000000089, 0.5000000000000000000, -3.500000000000000000 ) ) ;
#3590 = VECTOR ( 'NONE', #3479, 1000.000000000000000 ) ;
#3591 = B_SPLINE_CURVE_WITH_KNOTS ( 'NONE', 1,
 ( #3917, #2447 ),
 .UNSPECIFIED., .F., .F.,
 ( 2, 2 ),
 ( 0.000000000000000000, 1.000000000000000000 ),
 .UNSPECIFIED. ) ;
#3592 = DIRECTION ( 'NONE',  ( -0.9486832867413071968, 0.000000000000000000, 0.3162277999444558230 ) ) ;
#3593 = AXIS2_PLACEMENT_3D ( 'NONE', #4180, #3843, #875 ) ;
#3594 = EDGE_LOOP ( 'NONE', ( #52, #4491, #3725, #1712, #4453 ) ) ;
#3595 = CYLINDRICAL_SURFACE ( 'NONE', #2237, 0.7500000000000002220 ) ;
#3596 = DIRECTION ( 'NONE',  ( 0.7071067811875976217, -0.7071067811854975238, 0.000000000000000000 ) ) ;
#3597 = LINE ( 'NONE', #1088, #776 ) ;
#3598 = ORIENTED_EDGE ( 'NONE', *, *, #1103, .F. ) ;
#3599 = ORIENTED_EDGE ( 'NONE', *, *, #3615, .T. ) ;
#3600 = ORIENTED_EDGE ( 'NONE', *, *, #4490, .T. ) ;
#3601 = DIRECTION ( 'NONE',  ( 0.000000000000000000, -0.000000000000000000, 1.000000000000000000 ) ) ;
#3602 = CARTESIAN_POINT ( 'NONE',  ( 5.775000000000000355, 0.05000000000000000278, -3.500000000000000000 ) ) ;
#3603 = CARTESIAN_POINT ( 'NONE',  ( 5.299999999999999822, 0.000000000000000000, 0.7500000000000001110 ) ) ;
#3604 = VERTEX_POINT ( 'NONE', #221 ) ;
#3605 = DIRECTION ( 'NONE',  ( 0.000000000000000000, 1.000000000000000000, 0.000000000000000000 ) ) ;
#3606 = VECTOR ( 'NONE', #3923, 1000.000000000000000 ) ;
#3607 = DIRECTION ( 'NONE',  ( 0.000000000000000000, 1.000000000000000000, 0.000000000000000000 ) ) ;
#3608 = FACE_OUTER_BOUND ( 'NONE', #4154, .T. ) ;
#3609 = EDGE_LOOP ( 'NONE', ( #3871, #3096, #3985, #4563 ) ) ;
#3610 = EDGE_CURVE ( 'NONE', #1776, #1475, #2122, .T. ) ;
#3611 = CARTESIAN_POINT ( 'NONE',  ( -1.675000000000000044, 0.2999999999999999889, -1.600000000000000089 ) ) ;
#3612 = EDGE_CURVE ( 'NONE', #3446, #3170, #1690, .T. ) ;
#3613 = DIRECTION ( 'NONE',  ( -0.5851006721750260375, 0.000000000000000000, 0.8109606669995362838 ) ) ;
#3614 = ORIENTED_EDGE ( 'NONE', *, *, #4720, .F. ) ;
#3615 = EDGE_CURVE ( 'NONE', #1042, #3027, #1392, .T. ) ;
#3616 = CARTESIAN_POINT ( 'NONE',  ( -1.053191488980999901, 5.450000000000000178, 0.4125000029802999846 ) ) ;
#3617 = CARTESIAN_POINT ( 'NONE',  ( 5.838794691956772809, 5.327052006648531624, -3.485469376755160553 ) ) ;
#3618 = EDGE_CURVE ( 'NONE', #162, #4443, #1325, .T. ) ;
#3619 = EDGE_CURVE ( 'NONE', #4560, #3407, #3371, .T. ) ;
#3620 = CARTESIAN_POINT ( 'NONE',  ( 5.350000000000049383, 0.2499999999999494849, 1.500000000000000000 ) ) ;
#3621 = EDGE_LOOP ( 'NONE', ( #4262, #438, #4336 ) ) ;
#3622 = ORIENTED_EDGE ( 'NONE', *, *, #1311, .T. ) ;
#3623 = ORIENTED_EDGE ( 'NONE', *, *, #657, .F. ) ;
#3624 = AXIS2_PLACEMENT_3D ( 'NONE', #680, #3326, #1126 ) ;
#3625 = CARTESIAN_POINT ( 'NONE',  ( 1.300000000000000266, 0.5000000000000000000, 1.125000000000000222 ) ) ;
#3626 = CARTESIAN_POINT ( 'NONE',  ( 1.350000000000000089, 0.5500000000000749845, 1.500000000000000000 ) ) ;
#3627 = LINE ( 'NONE', #2541, #1117 ) ;
#3628 = ORIENTED_EDGE ( 'NONE', *, *, #1017, .F. ) ;
#3629 = CARTESIAN_POINT ( 'NONE',  ( 2.000000000000000000, 0.5500000000000998535, -3.500000000000000000 ) ) ;
#3630 = VECTOR ( 'NONE', #1734, 1000.000000000000000 ) ;
#3631 = EDGE_CURVE ( 'NONE', #350, #4712, #4760, .T. ) ;
#3632 = CIRCLE ( 'NONE', #3785, 0.5000000000000000000 ) ;
#3633 = DIRECTION ( 'NONE',  ( -0.000000000000000000, -1.000000000000000000, -0.000000000000000000 ) ) ;
#3634 = CARTESIAN_POINT ( 'NONE',  ( 2.450000000000102762, 0.04999999999990450278, -1.600000000000000089 ) ) ;
#3635 = ORIENTED_EDGE ( 'NONE', *, *, #2823, .F. ) ;
#3636 = EDGE_CURVE ( 'NONE', #3051, #386, #4091, .T. ) ;
#3637 = CARTESIAN_POINT ( 'NONE',  ( -1.699999999999999734, 5.362132034355964194, -3.412132034355964016 ) ) ;
#3638 = DIRECTION ( 'NONE',  ( 0.7071067811854974128, 0.7071067811875975107, 0.000000000000000000 ) ) ;
#3639 = ORIENTED_EDGE ( 'NONE', *, *, #1842, .F. ) ;
#3640 = CARTESIAN_POINT ( 'NONE',  ( 2.000000000000000000, 0.5500000000000000444, -0.3999999999999999667 ) ) ;
#3641 = CARTESIAN_POINT ( 'NONE',  ( -1.549999999999897904, 0.04999999999990420441, -1.600000000000000089 ) ) ;
#3642 = CARTESIAN_POINT ( 'NONE',  ( 5.599999999999999645, 0.5500000000000001554, -3.500000000000000000 ) ) ;
#3643 = VECTOR ( 'NONE', #3272, 1000.000000000000000 ) ;
#3644 = EDGE_CURVE ( 'NONE', #386, #4761, #1802, .T. ) ;
#3645 = LINE ( 'NONE', #4004, #2095 ) ;
#3646 = VECTOR ( 'NONE', #4416, 1000.000000000000000 ) ;
#3647 = VERTEX_POINT ( 'NONE', #4395 ) ;
#3648 = ORIENTED_EDGE ( 'NONE', *, *, #548, .F. ) ;
#3649 = AXIS2_PLACEMENT_3D ( 'NONE', #1386, #2478, #3178 ) ;
#3650 = CYLINDRICAL_SURFACE ( 'NONE', #2149, 0.2999999999999999334 ) ;
#3651 = FACE_OUTER_BOUND ( 'NONE', #2450, .T. ) ;
#3652 = VERTEX_POINT ( 'NONE', #3276 ) ;
#3653 = EDGE_CURVE ( 'NONE', #962, #4417, #4738, .T. ) ;
#3654 = DIRECTION ( 'NONE',  ( 0.000000000000000000, -0.000000000000000000, 1.000000000000000000 ) ) ;
#3655 = DIRECTION ( 'NONE',  ( -0.000000000000000000, -1.000000000000000000, -0.000000000000000000 ) ) ;
#3656 = FACE_OUTER_BOUND ( 'NONE', #392, .T. ) ;
#3657 = ORIENTED_EDGE ( 'NONE', *, *, #3380, .F. ) ;
#3658 = CARTESIAN_POINT ( 'NONE',  ( -2.000000000000000000, 2.600000000000000533, -3.200000000000000178 ) ) ;
#3659 = ORIENTED_EDGE ( 'NONE', *, *, #1494, .T. ) ;
#3660 = CIRCLE ( 'NONE', #1586, 0.3000000000000001554 ) ;
#3661 = CARTESIAN_POINT ( 'NONE',  ( -0.6063829779624179128, 5.450000000000000178, 0.5500000059603546987 ) ) ;
#3662 = DIRECTION ( 'NONE',  ( 0.000000000000000000, 0.000000000000000000, 1.000000000000000000 ) ) ;
#3663 = AXIS2_PLACEMENT_3D ( 'NONE', #21, #1933, #1134 ) ;
#3664 = EDGE_CURVE ( 'NONE', #2569, #3157, #421, .T. ) ;
#3665 = FACE_OUTER_BOUND ( 'NONE', #2635, .T. ) ;
#3666 = VECTOR ( 'NONE', #3014, 1000.000000000000000 ) ;
#3667 = ADVANCED_FACE ( 'NONE', ( #787 ), #3680, .F. ) ;
#3668 = DIRECTION ( 'NONE',  ( -1.000000000000000000, 0.000000000000000000, -0.000000000000000000 ) ) ;
#3669 = ADVANCED_FACE ( 'NONE', ( #1870 ), #2570, .T. ) ;
#3670 = ORIENTED_EDGE ( 'NONE', *, *, #3524, .F. ) ;
#3671 = VERTEX_POINT ( 'NONE', #1146 ) ;
#3672 = EDGE_CURVE ( 'NONE', #3006, #904, #4440, .T. ) ;
#3673 = DIRECTION ( 'NONE',  ( 0.7071067811875976217, 0.7071067811854975238, -0.000000000000000000 ) ) ;
#3674 = CARTESIAN_POINT ( 'NONE',  ( 5.698240118821386702, 5.398139574263673524, 1.501655327279210361 ) ) ;
#3675 = ORIENTED_EDGE ( 'NONE', *, *, #550, .T. ) ;
#3676 = LINE ( 'NONE', #1773, #4483 ) ;
#3677 = CARTESIAN_POINT ( 'NONE',  ( 5.775000000000000355, 0.05000000000000000278, 0.5500000000000000444 ) ) ;
#3678 = CARTESIAN_POINT ( 'NONE',  ( -0.6500000000000001332, 0.000000000000000000, 1.500000000000000000 ) ) ;
#3679 = VERTEX_POINT ( 'NONE', #2959 ) ;
#3680 = PLANE ( 'NONE',  #189 ) ;
#3681 = AXIS2_PLACEMENT_3D ( 'NONE', #1343, #984, #3181 ) ;
#3682 = ORIENTED_EDGE ( 'NONE', *, *, #2200, .F. ) ;
#3683 = AXIS2_PLACEMENT_3D ( 'NONE', #2792, #3898, #979 ) ;
#3684 = DIRECTION ( 'NONE',  ( -0.000000000000000000, -1.000000000000000000, -0.000000000000000000 ) ) ;
#3685 = DIRECTION ( 'NONE',  ( -0.7071067811865474617, 8.659560562354931626E-17, 0.7071067811865475727 ) ) ;
#3686 = DIRECTION ( 'NONE',  ( 1.000000000000000000, -0.000000000000000000, 0.000000000000000000 ) ) ;
#3687 = ADVANCED_FACE ( 'NONE', ( #1077 ), #1060, .T. ) ;
#3688 = CARTESIAN_POINT ( 'NONE',  ( -0.7500000000000000000, 0.2500000000000000000, -3.500000000000000000 ) ) ;
#3689 = EDGE_LOOP ( 'NONE', ( #2719, #1093, #2383, #3160 ) ) ;
#3690 = ORIENTED_EDGE ( 'NONE', *, *, #279, .F. ) ;
#3691 = CARTESIAN_POINT ( 'NONE',  ( 6.000000000000000888, 0.05000000000000004441, -1.600000000000000089 ) ) ;
#3692 = CARTESIAN_POINT ( 'NONE',  ( 5.912132034355964905, 5.327052006648532512, -3.412132034355964905 ) ) ;
#3693 = ORIENTED_EDGE ( 'NONE', *, *, #1960, .F. ) ;
#3694 = DIRECTION ( 'NONE',  ( 1.000000000000000000, 0.000000000000000000, 0.000000000000000000 ) ) ;
#3695 = VECTOR ( 'NONE', #4718, 1000.000000000000000 ) ;
#3696 = LINE ( 'NONE', #108, #3282 ) ;
#3697 = APPLICATION_CONTEXT ( 'automotive_design' ) ;
#3698 = DIRECTION ( 'NONE',  ( 1.000000000000000000, 0.000000000000000000, 0.000000000000000000 ) ) ;
#3699 = DIRECTION ( 'NONE',  ( 0.000000000000000000, -0.000000000000000000, 1.000000000000000000 ) ) ;
#3700 = EDGE_CURVE ( 'NONE', #540, #4375, #2982, .T. ) ;
#3701 = ORIENTED_EDGE ( 'NONE', *, *, #234, .F. ) ;
#3702 = AXIS2_PLACEMENT_3D ( 'NONE', #4192, #888, #1874 ) ;
#3703 = VECTOR ( 'NONE', #385, 1000.000000000000114 ) ;
#3704 = CARTESIAN_POINT ( 'NONE',  ( -1.699999999999999512, 5.486492374042707176, -3.109887319042354381 ) ) ;
#3705 = EDGE_CURVE ( 'NONE', #3929, #1032, #57, .T. ) ;
#3706 = ORIENTED_EDGE ( 'NONE', *, *, #2312, .T. ) ;
#3707 = DIRECTION ( 'NONE',  ( 0.000000000000000000, 1.000000000000000000, 0.000000000000000000 ) ) ;
#3708 = LINE ( 'NONE', #2191, #4196 ) ;
#3709 = CARTESIAN_POINT ( 'NONE',  ( 2.649999999999999911, 0.5500000000000749845, -0.4000000000000000222 ) ) ;
#3710 = DIRECTION ( 'NONE',  ( 0.000000000000000000, 1.000000000000000000, -0.000000000000000000 ) ) ;
#3711 = ADVANCED_FACE ( 'NONE', ( #4354 ), #1855, .T. ) ;
#3712 = DIRECTION ( 'NONE',  ( 0.000000000000000000, 0.000000000000000000, 1.000000000000000000 ) ) ;
#3713 = VERTEX_POINT ( 'NONE', #3005 ) ;
#3714 = ORIENTED_EDGE ( 'NONE', *, *, #4675, .T. ) ;
#3715 = EDGE_CURVE ( 'NONE', #175, #2569, #794, .T. ) ;
#3716 = EDGE_CURVE ( 'NONE', #2187, #797, #1222, .T. ) ;
#3717 = DIRECTION ( 'NONE',  ( 0.000000000000000000, 0.000000000000000000, 1.000000000000000000 ) ) ;
#3718 = DIRECTION ( 'NONE',  ( 0.000000000000000000, 0.000000000000000000, 1.000000000000000000 ) ) ;
#3719 = EDGE_LOOP ( 'NONE', ( #757, #2355, #3147, #4056 ) ) ;
#3720 = FACE_OUTER_BOUND ( 'NONE', #2477, .T. ) ;
#3721 = CIRCLE ( 'NONE', #1652, 0.7500000000000002220 ) ;
#3722 = FACE_OUTER_BOUND ( 'NONE', #1768, .T. ) ;
#3723 = CARTESIAN_POINT ( 'NONE',  ( 1.449999999999999956, 0.1499999999999999944, -0.4000000000000000777 ) ) ;
#3724 = ORIENTED_EDGE ( 'NONE', *, *, #102, .T. ) ;
#3725 = ORIENTED_EDGE ( 'NONE', *, *, #4069, .F. ) ;
#3726 = EDGE_CURVE ( 'NONE', #2769, #2529, #3029, .T. ) ;
#3727 = CARTESIAN_POINT ( 'NONE',  ( 5.349999999999999645, 0.4000000000000000222, 1.500000000000000000 ) ) ;
#3728 = ORIENTED_EDGE ( 'NONE', *, *, #1550, .T. ) ;
#3729 = ORIENTED_EDGE ( 'NONE', *, *, #234, .T. ) ;
#3730 = LINE ( 'NONE', #1898, #1631 ) ;
#3731 = CARTESIAN_POINT ( 'NONE',  ( -2.000000000000000000, 0.5500000000000250244, -1.600000000000000089 ) ) ;
#3732 = ADVANCED_FACE ( 'NONE', ( #496 ), #3053, .F. ) ;
#3733 = DIRECTION ( 'NONE',  ( 1.000000000000000000, 0.000000000000000000, 0.000000000000000000 ) ) ;
#3734 = CARTESIAN_POINT ( 'NONE',  ( -0.2999999999999969913, 5.349999999999999645, -0.1999999761581910951 ) ) ;
#3735 = DIRECTION ( 'NONE',  ( -0.000000000000000000, 0.000000000000000000, -1.000000000000000000 ) ) ;
#3736 = ORIENTED_EDGE ( 'NONE', *, *, #1557, .T. ) ;
#3737 = ORIENTED_EDGE ( 'NONE', *, *, #4340, .T. ) ;
#3738 = VECTOR ( 'NONE', #4499, 1000.000000000000000 ) ;
#3739 = CARTESIAN_POINT ( 'NONE',  ( 2.648000000000000131, 1.000000000000000000, 0.7500000000000000000 ) ) ;
#3740 = CARTESIAN_POINT ( 'NONE',  ( 5.822259282061491348, 5.449986676132684948, -3.073742182490724062 ) ) ;
#3741 = VERTEX_POINT ( 'NONE', #2354 ) ;
#3742 = DIRECTION ( 'NONE',  ( -0.7071067811854974128, 0.7071067811875975107, 0.000000000000000000 ) ) ;
#3743 = ORIENTED_EDGE ( 'NONE', *, *, #3412, .T. ) ;
#3744 = FACE_OUTER_BOUND ( 'NONE', #3909, .T. ) ;
#3745 = PLANE ( 'NONE',  #559 ) ;
#3746 = ORIENTED_EDGE ( 'NONE', *, *, #3644, .F. ) ;
#3747 = VERTEX_POINT ( 'NONE', #1943 ) ;
#3748 = CARTESIAN_POINT ( 'NONE',  ( -1.875728126347301794, 4.935878119317074209, -3.410123345235142711 ) ) ;
#3749 = AXIS2_PLACEMENT_3D ( 'NONE', #3807, #501, #3780 ) ;
#3750 = ORIENTED_EDGE ( 'NONE', *, *, #3259, .T. ) ;
#3751 = VERTEX_POINT ( 'NONE', #2668 ) ;
#3752 = ADVANCED_FACE ( 'NONE', ( #3079 ), #2329, .F. ) ;
#3753 = CARTESIAN_POINT ( 'NONE',  ( 3.250000000000000444, 0.5000000000000000000, 1.500000000000000000 ) ) ;
#3754 = LINE ( 'NONE', #1227, #3528 ) ;
#3755 = CARTESIAN_POINT ( 'NONE',  ( 5.912132034355965793, 5.362132034355964194, 1.200000000000000400 ) ) ;
#3756 = VECTOR ( 'NONE', #852, 1000.000000000000000 ) ;
#3757 = LINE ( 'NONE', #3783, #1160 ) ;
#3758 = CARTESIAN_POINT ( 'NONE',  ( 5.599999999999999645, 0.5500000000000500044, -3.750000000000000000 ) ) ;
#3759 = CARTESIAN_POINT ( 'NONE',  ( -1.700000000000000178, 5.486492374042708065, 1.109887319042353493 ) ) ;
#3760 = EDGE_CURVE ( 'NONE', #1197, #908, #3800, .T. ) ;
#3761 = DIRECTION ( 'NONE',  ( 0.000000000000000000, 0.000000000000000000, -1.000000000000000000 ) ) ;
#3762 = EDGE_CURVE ( 'NONE', #2529, #1132, #3419, .T. ) ;
#3763 = ORIENTED_EDGE ( 'NONE', *, *, #4672, .T. ) ;
#3764 = ORIENTED_EDGE ( 'NONE', *, *, #3163, .T. ) ;
#3765 = FACE_OUTER_BOUND ( 'NONE', #619, .T. ) ;
#3766 = CARTESIAN_POINT ( 'NONE',  ( 5.910123345235143155, 5.149999999999999467, -2.985878119317074919 ) ) ;
#3767 = CARTESIAN_POINT ( 'NONE',  ( -1.500000000000000000, 5.450000000000000178, -1.000000000000000000 ) ) ;
#3768 = ORIENTED_EDGE ( 'NONE', *, *, #1480, .F. ) ;
#3769 = DIRECTION ( 'NONE',  ( 1.000000000000000000, 0.000000000000000000, -0.000000000000000000 ) ) ;
#3770 = DIRECTION ( 'NONE',  ( -0.000000000000000000, 1.000000000000000000, -0.000000000000000000 ) ) ;
#3771 = ORIENTED_EDGE ( 'NONE', *, *, #1133, .T. ) ;
#3772 = VERTEX_POINT ( 'NONE', #1613 ) ;
#3773 = DIRECTION ( 'NONE',  ( -1.000000000000000000, 3.125212762189467036E-13, 0.000000000000000000 ) ) ;
#3774 = EDGE_CURVE ( 'NONE', #4075, #3577, #4565, .T. ) ;
#3775 = ORIENTED_EDGE ( 'NONE', *, *, #702, .T. ) ;
#3776 = ORIENTED_EDGE ( 'NONE', *, *, #659, .F. ) ;
#3777 = ADVANCED_FACE ( 'NONE', ( #836 ), #1028, .T. ) ;
#3778 = CIRCLE ( 'NONE', #1390, 1.000000000000000000 ) ;
#3779 = LINE ( 'NONE', #473, #75 ) ;
#3780 = DIRECTION ( 'NONE',  ( 0.000000000000000000, 0.000000000000000000, 1.000000000000000000 ) ) ;
#3781 = VECTOR ( 'NONE', #1393, 1000.000000000000114 ) ;
#3782 = CARTESIAN_POINT ( 'NONE',  ( 5.912132034355964905, 5.362132034355964194, 1.199999999999999956 ) ) ;
#3783 = CARTESIAN_POINT ( 'NONE',  ( 5.599999999999999645, 0.5500000000000000444, -1.274999999999999911 ) ) ;
#3784 = VECTOR ( 'NONE', #892, 1000.000000000000227 ) ;
#3785 = AXIS2_PLACEMENT_3D ( 'NONE', #79, #1482, #4511 ) ;
#3786 = DIRECTION ( 'NONE',  ( 0.000000000000000000, -0.000000000000000000, 1.000000000000000000 ) ) ;
#3787 = LINE ( 'NONE', #1624, #1505 ) ;
#3788 = CARTESIAN_POINT ( 'NONE',  ( 5.549999999999847056, 0.04999999999985632604, 0.5500000000000000444 ) ) ;
#3789 = ORIENTED_EDGE ( 'NONE', *, *, #2606, .F. ) ;
#3790 = CARTESIAN_POINT ( 'NONE',  ( -1.699999999999999956, 5.150000000000000355, 1.288000000000000034 ) ) ;
#3791 = EDGE_CURVE ( 'NONE', #1475, #1743, #1661, .T. ) ;
#3792 = LINE ( 'NONE', #514, #4145 ) ;
#3793 = CARTESIAN_POINT ( 'NONE',  ( 2.648000000000000131, 0.5000000000000000000, 0.7500000000000001110 ) ) ;
#3794 = ORIENTED_EDGE ( 'NONE', *, *, #488, .F. ) ;
#3795 = DIRECTION ( 'NONE',  ( 0.5699143233072732073, 0.000000000000000000, 0.8217041219862615264 ) ) ;
#3796 = EDGE_CURVE ( 'NONE', #284, #3123, #263, .T. ) ;
#3797 = CARTESIAN_POINT ( 'NONE',  ( -0.2999999999999999334, 5.450000000000000178, -1.000000000000000000 ) ) ;
#3798 = VERTEX_POINT ( 'NONE', #958 ) ;
#3799 = ORIENTED_EDGE ( 'NONE', *, *, #804, .F. ) ;
#3800 = CIRCLE ( 'NONE', #1722, 1.599999999999999867 ) ;
#3801 = CARTESIAN_POINT ( 'NONE',  ( 1.350000000000000089, 0.4000000000000000222, -2.549999999999999822 ) ) ;
#3802 = APPLICATION_PROTOCOL_DEFINITION ( 'draft international standard', 'automotive_design', 1998, #3697 ) ;
#3803 = ORIENTED_EDGE ( 'NONE', *, *, #1637, .F. ) ;
#3804 = ORIENTED_EDGE ( 'NONE', *, *, #1292, .T. ) ;
#3805 = VECTOR ( 'NONE', #3845, 1000.000000000000114 ) ;
#3806 = CARTESIAN_POINT ( 'NONE',  ( 0.000000000000000000, 2.750000000000000000, 0.7999999999999001243 ) ) ;
#3807 = CARTESIAN_POINT ( 'NONE',  ( -0.6500000000000001332, 0.000000000000000000, 1.125000000000000222 ) ) ;
#3808 = PLANE ( 'NONE',  #2679 ) ;
#3809 = VECTOR ( 'NONE', #4697, 1000.000000000000000 ) ;
#3810 = DIRECTION ( 'NONE',  ( -0.000000000000000000, -1.000000000000000000, -0.000000000000000000 ) ) ;
#3811 = PLANE ( 'NONE',  #703 ) ;
#3812 = CARTESIAN_POINT ( 'NONE',  ( -0.2999999999999999889, 5.400000000000000355, 0.6499999999998999911 ) ) ;
#3813 = EDGE_CURVE ( 'NONE', #3446, #1475, #4641, .T. ) ;
#3814 = CARTESIAN_POINT ( 'NONE',  ( -1.500000000000000000, 5.349999999999999645, -2.524999904632999836 ) ) ;
#3815 = ORIENTED_EDGE ( 'NONE', *, *, #373, .F. ) ;
#3816 = CIRCLE ( 'NONE', #352, 0.2999999999999999334 ) ;
#3817 = DIRECTION ( 'NONE',  ( -1.000000000000000000, 0.000000000000000000, 0.000000000000000000 ) ) ;
#3818 = DIRECTION ( 'NONE',  ( -0.000000000000000000, 1.000000000000000000, 0.000000000000000000 ) ) ;
#3819 = EDGE_CURVE ( 'NONE', #859, #462, #4263, .T. ) ;
#3820 = DIRECTION ( 'NONE',  ( 0.7071067811875976217, 0.7071067811854975238, -0.000000000000000000 ) ) ;
#3821 = AXIS2_PLACEMENT_3D ( 'NONE', #3408, #435, #4034 ) ;
#3822 = VERTEX_POINT ( 'NONE', #2432 ) ;
#3823 = EDGE_CURVE ( 'NONE', #4623, #4468, #4594, .T. ) ;
#3824 = DIRECTION ( 'NONE',  ( 1.000000000000000000, 0.000000000000000000, -0.000000000000000000 ) ) ;
#3825 = LINE ( 'NONE', #517, #3606 ) ;
#3826 = ORIENTED_EDGE ( 'NONE', *, *, #4274, .F. ) ;
#3827 = ORIENTED_EDGE ( 'NONE', *, *, #62, .F. ) ;
#3828 = DIRECTION ( 'NONE',  ( 0.000000000000000000, 0.000000000000000000, -1.000000000000000000 ) ) ;
#3829 = APPLICATION_PROTOCOL_DEFINITION ( 'draft international standard', 'automotive_design', 1998, #3122 ) ;
#3830 = ORIENTED_EDGE ( 'NONE', *, *, #1149, .F. ) ;
#3831 = EDGE_LOOP ( 'NONE', ( #3815, #4041, #4411, #3516 ) ) ;
#3832 = DIRECTION ( 'NONE',  ( -0.000000000000000000, -1.000000000000000000, -0.000000000000000000 ) ) ;
#3833 = DIRECTION ( 'NONE',  ( -0.7071067811854974128, 0.7071067811875975107, 0.000000000000000000 ) ) ;
#3834 = DIRECTION ( 'NONE',  ( 1.000000000000000000, -0.000000000000000000, -0.000000000000000000 ) ) ;
#3835 = FACE_BOUND ( 'NONE', #774, .T. ) ;
#3836 = LINE ( 'NONE', #3451, #937 ) ;
#3837 = CARTESIAN_POINT ( 'NONE',  ( 1.300000000000000266, 2.750000000000000000, -3.750000000000000000 ) ) ;
#3838 = DIRECTION ( 'NONE',  ( 1.000000000000000000, 0.000000000000000000, 0.000000000000000000 ) ) ;
#3839 = VECTOR ( 'NONE', #3928, 1000.000000000000000 ) ;
#3840 = VERTEX_POINT ( 'NONE', #601 ) ;
#3841 = VECTOR ( 'NONE', #777, 1000.000000000000000 ) ;
#3842 = EDGE_CURVE ( 'NONE', #45, #4712, #2035, .T. ) ;
#3843 = DIRECTION ( 'NONE',  ( 1.000000000000000000, -0.000000000000000000, 0.000000000000000000 ) ) ;
#3844 = DIRECTION ( 'NONE',  ( -0.000000000000000000, 0.000000000000000000, -1.000000000000000000 ) ) ;
#3845 = DIRECTION ( 'NONE',  ( 0.9506452246141395834, 0.000000000000000000, -0.3102799653834129590 ) ) ;
#3846 = EDGE_LOOP ( 'NONE', ( #967, #1669, #1791, #864 ) ) ;
#3847 = ORIENTED_EDGE ( 'NONE', *, *, #784, .F. ) ;
#3848 = FACE_OUTER_BOUND ( 'NONE', #1076, .T. ) ;
#3849 = DIRECTION ( 'NONE',  ( 1.000000000000000000, 0.000000000000000000, -0.000000000000000000 ) ) ;
#3850 = ORIENTED_EDGE ( 'NONE', *, *, #4320, .T. ) ;
#3851 = ORIENTED_EDGE ( 'NONE', *, *, #1350, .F. ) ;
#3852 = CARTESIAN_POINT ( 'NONE',  ( 2.399999999998999378, 5.950000000004497025, -3.925735931288071967 ) ) ;
#3853 = SHAPE_DEFINITION_REPRESENTATION ( #4655, #1548 ) ;
#3854 = VERTEX_POINT ( 'NONE', #3969 ) ;
#3855 = EDGE_LOOP ( 'NONE', ( #4333, #4543, #561, #594 ) ) ;
#3856 = DIRECTION ( 'NONE',  ( -0.000000000000000000, -0.000000000000000000, 1.000000000000000000 ) ) ;
#3857 = DIRECTION ( 'NONE',  ( 0.000000000000000000, 0.000000000000000000, 1.000000000000000000 ) ) ;
#3858 = FACE_OUTER_BOUND ( 'NONE', #1159, .T. ) ;
#3859 = EDGE_CURVE ( 'NONE', #2582, #3582, #2070, .T. ) ;
#3860 = DIRECTION ( 'NONE',  ( -0.000000000000000000, -1.000000000000000000, -0.000000000000000000 ) ) ;
#3861 = ORIENTED_EDGE ( 'NONE', *, *, #156, .T. ) ;
#3862 = VECTOR ( 'NONE', #1037, 1000.000000000000000 ) ;
#3863 = LINE ( 'NONE', #3911, #167 ) ;
#3864 = LINE ( 'NONE', #3812, #3590 ) ;
#3865 = VECTOR ( 'NONE', #843, 1000.000000000000000 ) ;
#3866 = CIRCLE ( 'NONE', #1470, 0.5000000000000000000 ) ;
#3867 = CIRCLE ( 'NONE', #2624, 0.2999999999999999334 ) ;
#3868 = EDGE_LOOP ( 'NONE', ( #3963, #1895, #926, #2301 ) ) ;
#3869 = FACE_OUTER_BOUND ( 'NONE', #887, .T. ) ;
#3870 = CARTESIAN_POINT ( 'NONE',  ( 5.349999999999999645, 0.2499999999998999967, -2.549999999999999822 ) ) ;
#3871 = ORIENTED_EDGE ( 'NONE', *, *, #3584, .F. ) ;
#3872 = ORIENTED_EDGE ( 'NONE', *, *, #3339, .T. ) ;
#3873 = EDGE_CURVE ( 'NONE', #1275, #2352, #670, .T. ) ;
#3874 = CARTESIAN_POINT ( 'NONE',  ( -1.599999999999999867, 0.5500000000000666578, -3.500000000000000000 ) ) ;
#3875 = CARTESIAN_POINT ( 'NONE',  ( 3.250000000000000444, 0.000000000000000000, 1.500000000000000000 ) ) ;
#3876 = DIRECTION ( 'NONE',  ( -0.000000000000000000, 1.000000000000000000, -0.000000000000000000 ) ) ;
#3877 = ORIENTED_EDGE ( 'NONE', *, *, #2603, .F. ) ;
#3878 = DIRECTION ( 'NONE',  ( 0.000000000000000000, -0.000000000000000000, 1.000000000000000000 ) ) ;
#3879 = ADVANCED_FACE ( 'NONE', ( #2795, #1002, #3541, #3198 ), #3560, .T. ) ;
#3880 = ORIENTED_EDGE ( 'NONE', *, *, #4665, .T. ) ;
#3881 = ORIENTED_EDGE ( 'NONE', *, *, #3574, .T. ) ;
#3882 = DIRECTION ( 'NONE',  ( 0.000000000000000000, 0.000000000000000000, -1.000000000000000000 ) ) ;
#3883 = CARTESIAN_POINT ( 'NONE',  ( 4.000000000000000000, 0.5000000000000000000, -3.500000000000000000 ) ) ;
#3884 = ORIENTED_EDGE ( 'NONE', *, *, #1570, .F. ) ;
#3885 = ADVANCED_FACE ( 'NONE', ( #2093 ), #2840, .T. ) ;
#3886 = CARTESIAN_POINT ( 'NONE',  ( 4.000000000000000000, 0.000000000000000000, 1.500000000000000000 ) ) ;
#3887 = VECTOR ( 'NONE', #914, 1000.000000000000000 ) ;
#3888 = ORIENTED_EDGE ( 'NONE', *, *, #1350, .T. ) ;
#3889 = VECTOR ( 'NONE', #1099, 1000.000000000000000 ) ;
#3890 = DIRECTION ( 'NONE',  ( 0.000000000000000000, 0.000000000000000000, 1.000000000000000000 ) ) ;
#3891 = DIRECTION ( 'NONE',  ( 0.9483937310923197250, 0.000000000000000000, 0.3170951447512065924 ) ) ;
#3892 = CARTESIAN_POINT ( 'NONE',  ( 0.000000000000000000, 2.750000000000000000, 0.7866393862416000138 ) ) ;
#3893 = CARTESIAN_POINT ( 'NONE',  ( 1.300000000000000266, 1.000000000000000000, -2.750000000000000000 ) ) ;
#3894 = VERTEX_POINT ( 'NONE', #1704 ) ;
#3895 = ORIENTED_EDGE ( 'NONE', *, *, #1457, .F. ) ;
#3896 = VECTOR ( 'NONE', #128, 1000.000000000000000 ) ;
#3897 = LINE ( 'NONE', #1986, #4741 ) ;
#3898 = DIRECTION ( 'NONE',  ( 0.000000000000000000, 1.000000000000000000, -0.000000000000000000 ) ) ;
#3899 = PLANE ( 'NONE',  #2847 ) ;
#3900 = CIRCLE ( 'NONE', #2658, 1.099999999732062417 ) ;
#3901 = EDGE_LOOP ( 'NONE', ( #4719, #1966, #3794, #683 ) ) ;
#3902 = CARTESIAN_POINT ( 'NONE',  ( 2.899999999999999911, 2.750000000000000000, 0.7866393862416000138 ) ) ;
#3903 = AXIS2_PLACEMENT_3D ( 'NONE', #3837, #2625, #121 ) ;
#3904 = DIRECTION ( 'NONE',  ( -0.000000000000000000, -0.000000000000000000, 1.000000000000000000 ) ) ;
#3905 = CARTESIAN_POINT ( 'NONE',  ( -0.7085106253623653094, 5.400000000000000355, 0.5249999940394941556 ) ) ;
#3906 = VERTEX_POINT ( 'NONE', #1341 ) ;
#3907 = DIRECTION ( 'NONE',  ( 1.000000000000000000, -0.000000000000000000, 0.000000000000000000 ) ) ;
#3908 = LINE ( 'NONE', #2532, #4699 ) ;
#3909 = EDGE_LOOP ( 'NONE', ( #1782, #4108, #3724 ) ) ;
#3910 = UNCERTAINTY_MEASURE_WITH_UNIT (LENGTH_MEASURE( 1.000000000000000082E-05 ), #2572, 'distance_accuracy_value', 'NONE');
#3911 = CARTESIAN_POINT ( 'NONE',  ( -1.500000000000000000, 5.450000000000000178, -0.5500000000000000444 ) ) ;
#3912 = DIRECTION ( 'NONE',  ( 1.000000000000000000, 0.000000000000000000, -0.000000000000000000 ) ) ;
#3913 = DIRECTION ( 'NONE',  ( 0.000000000000000000, -1.000000000000000000, 0.000000000000000000 ) ) ;
#3914 = ADVANCED_FACE ( 'NONE', ( #3515 ), #285, .T. ) ;
#3915 = ADVANCED_FACE ( 'NONE', ( #4666 ), #1364, .T. ) ;
#3916 = AXIS2_PLACEMENT_3D ( 'NONE', #1301, #90, #1203 ) ;
#3917 = CARTESIAN_POINT ( 'NONE',  ( -1.099999999941155604, 2.749999999622749769, 1.299999999937206940 ) ) ;
#3918 = ORIENTED_EDGE ( 'NONE', *, *, #1758, .F. ) ;
#3919 = VECTOR ( 'NONE', #235, 1000.000000000000000 ) ;
#3920 = ORIENTED_EDGE ( 'NONE', *, *, #1876, .F. ) ;
#3921 = DIRECTION ( 'NONE',  ( -0.000000000000000000, -0.000000000000000000, 1.000000000000000000 ) ) ;
#3922 = CIRCLE ( 'NONE', #1223, 0.2999999999999999334 ) ;
#3923 = DIRECTION ( 'NONE',  ( -1.000000000000000000, -0.000000000000000000, -0.000000000000000000 ) ) ;
#3924 = LINE ( 'NONE', #2113, #2661 ) ;
#3925 = ORIENTED_EDGE ( 'NONE', *, *, #3300, .F. ) ;
#3926 = DIRECTION ( 'NONE',  ( 1.000000000000000000, -0.000000000000000000, 0.000000000000000000 ) ) ;
#3927 = CARTESIAN_POINT ( 'NONE',  ( 5.349999999999999645, 0.2499999999998999967, 0.5500000000000000444 ) ) ;
#3928 = DIRECTION ( 'NONE',  ( 1.000000000000000000, 0.000000000000000000, -0.000000000000000000 ) ) ;
#3929 = VERTEX_POINT ( 'NONE', #982 ) ;
#3930 = PLANE ( 'NONE',  #4390 ) ;
#3931 = DIRECTION ( 'NONE',  ( 0.000000000000000000, 1.000000000000000000, 0.000000000000000000 ) ) ;
#3932 = ORIENTED_EDGE ( 'NONE', *, *, #3965, .T. ) ;
#3933 = CARTESIAN_POINT ( 'NONE',  ( 1.600000000000000311, 2.749999999998001599, -3.750000000000000000 ) ) ;
#3934 = CARTESIAN_POINT ( 'NONE',  ( 2.649999999999999911, 0.2499999999998999967, -2.549999999999999822 ) ) ;
#3935 = VECTOR ( 'NONE', #4356, 1000.000000000000000 ) ;
#3936 = VECTOR ( 'NONE', #3832, 1000.000000000000000 ) ;
#3937 = VECTOR ( 'NONE', #2902, 1000.000000000000114 ) ;
#3938 = CARTESIAN_POINT ( 'NONE',  ( -0.9127659559251475319, 5.400000000000000355, -2.175000095367212172 ) ) ;
#3939 = ORIENTED_EDGE ( 'NONE', *, *, #4372, .F. ) ;
#3940 = ORIENTED_EDGE ( 'NONE', *, *, #361, .T. ) ;
#3941 = VECTOR ( 'NONE', #1003, 1000.000000000000000 ) ;
#3942 = DIRECTION ( 'NONE',  ( -0.9486832952232161498, 0.000000000000000000, -0.3162277744987306849 ) ) ;
#3943 = EDGE_CURVE ( 'NONE', #1115, #1651, #2455, .T. ) ;
#3944 = DIRECTION ( 'NONE',  ( 1.000000000000000000, -0.000000000000000000, -0.000000000000000000 ) ) ;
#3945 = LINE ( 'NONE', #930, #4281 ) ;
#3946 = EDGE_LOOP ( 'NONE', ( #1837, #3728, #4116, #3540 ) ) ;
#3947 = CARTESIAN_POINT ( 'NONE',  ( -1.699999999999999956, 5.150000000000000355, -3.200000000000000622 ) ) ;
#3948 = CARTESIAN_POINT ( 'NONE',  ( -1.700000000000000178, 2.600000000000000533, -3.500000000000000000 ) ) ;
#3949 = LINE ( 'NONE', #2868, #1760 ) ;
#3950 = VERTEX_POINT ( 'NONE', #644 ) ;
#3951 = LINE ( 'NONE', #2437, #3169 ) ;
#3952 = DIRECTION ( 'NONE',  ( 0.000000000000000000, -0.000000000000000000, 1.000000000000000000 ) ) ;
#3953 = VERTEX_POINT ( 'NONE', #3222 ) ;
#3954 = CARTESIAN_POINT ( 'NONE',  ( 1.475735931288071789, 2.749999999998156142, -4.049999999999999822 ) ) ;
#3955 = DIRECTION ( 'NONE',  ( 1.000000000000000000, -0.000000000000000000, 0.000000000000000000 ) ) ;
#3956 = VECTOR ( 'NONE', #4540, 1000.000000000000000 ) ;
#3957 = ADVANCED_FACE ( 'NONE', ( #623 ), #2864, .F. ) ;
#3958 = AXIS2_PLACEMENT_3D ( 'NONE', #2181, #3820, #3742 ) ;
#3959 = AXIS2_PLACEMENT_3D ( 'NONE', #946, #1329, #3912 ) ;
#3960 = LINE ( 'NONE', #4382, #247 ) ;
#3961 = ORIENTED_EDGE ( 'NONE', *, *, #301, .T. ) ;
#3962 = ORIENTED_EDGE ( 'NONE', *, *, #1666, .F. ) ;
#3963 = ORIENTED_EDGE ( 'NONE', *, *, #4365, .T. ) ;
#3964 = DIRECTION ( 'NONE',  ( 0.000000000000000000, 0.000000000000000000, -1.000000000000000000 ) ) ;
#3965 = EDGE_CURVE ( 'NONE', #3103, #618, #3676, .T. ) ;
#3966 = DIRECTION ( 'NONE',  ( 1.000000000000000000, -0.000000000000000000, 0.000000000000000000 ) ) ;
#3967 = CARTESIAN_POINT ( 'NONE',  ( -1.699999999999999956, 5.150000000000000355, -3.200000000000000178 ) ) ;
#3968 = ORIENTED_EDGE ( 'NONE', *, *, #1519, .T. ) ;
#3969 = CARTESIAN_POINT ( 'NONE',  ( 6.000000000000000000, 0.05000000000008011231, 1.199999999999999734 ) ) ;
#3970 = EDGE_CURVE ( 'NONE', #833, #4569, #1433, .T. ) ;
#3971 = CARTESIAN_POINT ( 'NONE',  ( -1.500000000000103251, 5.450000000000000178, -2.599999904632857461 ) ) ;
#3972 = CARTESIAN_POINT ( 'NONE',  ( 2.700000000000000178, 1.000000000000000000, -2.750000000000000000 ) ) ;
#3973 = ORIENTED_EDGE ( 'NONE', *, *, #4646, .T. ) ;
#3974 = EDGE_CURVE ( 'NONE', #3123, #3006, #1116, .T. ) ;
#3975 = FACE_OUTER_BOUND ( 'NONE', #2045, .T. ) ;
#3976 = VECTOR ( 'NONE', #4097, 1000.000000000000000 ) ;
#3977 = CARTESIAN_POINT ( 'NONE',  ( -1.300000000000000266, 0.5000000000000000000, -3.125000000000000000 ) ) ;
#3978 = ORIENTED_EDGE ( 'NONE', *, *, #4553, .T. ) ;
#3979 = VECTOR ( 'NONE', #1141, 1000.000000000000000 ) ;
#3980 = FACE_OUTER_BOUND ( 'NONE', #3587, .T. ) ;
#3981 = CARTESIAN_POINT ( 'NONE',  ( -1.599999999999999867, 0.5500000000000001554, -3.750000000000000000 ) ) ;
#3982 = VECTOR ( 'NONE', #2215, 1000.000000000000000 ) ;
#3983 = CARTESIAN_POINT ( 'NONE',  ( 2.000000000000000000, 0.5500000000000000444, -1.600000000000000089 ) ) ;
#3984 = EDGE_LOOP ( 'NONE', ( #4214, #2294, #2168, #2305 ) ) ;
#3985 = ORIENTED_EDGE ( 'NONE', *, *, #4574, .F. ) ;
#3986 = ORIENTED_EDGE ( 'NONE', *, *, #3236, .T. ) ;
#3987 = EDGE_CURVE ( 'NONE', #3798, #1333, #3337, .T. ) ;
#3988 = PLANE ( 'NONE',  #2206 ) ;
#3989 = FACE_OUTER_BOUND ( 'NONE', #433, .T. ) ;
#3990 = CARTESIAN_POINT ( 'NONE',  ( 5.823189846542531356, 5.273189846542531534, 1.501655327279210361 ) ) ;
#3991 = ORIENTED_EDGE ( 'NONE', *, *, #2059, .T. ) ;
#3992 = DIRECTION ( 'NONE',  ( 0.9506451918074639851, 0.000000000000000000, -0.3102800658974889103 ) ) ;
#3993 = PLANE ( 'NONE',  #2554 ) ;
#3994 = LINE ( 'NONE', #739, #725 ) ;
#3995 = EDGE_LOOP ( 'NONE', ( #3486, #3737, #3030, #419, #3973, #902, #2551, #1280 ) ) ;
#3996 = CARTESIAN_POINT ( 'NONE',  ( -1.700000000000000178, 5.362132034355964194, -3.412132034355964905 ) ) ;
#3997 = PLANE ( 'NONE',  #4625 ) ;
#3998 = ORIENTED_EDGE ( 'NONE', *, *, #1637, .T. ) ;
#3999 = DIRECTION ( 'NONE',  ( 0.000000000000000000, 0.000000000000000000, -1.000000000000000000 ) ) ;
#4000 = CARTESIAN_POINT ( 'NONE',  ( 0.7500000000000000000, 0.2500000000000000000, -3.500000000000000000 ) ) ;
#4001 = EDGE_CURVE ( 'NONE', #2189, #3854, #736, .T. ) ;
#4002 = EDGE_CURVE ( 'NONE', #4268, #2022, #4349, .T. ) ;
#4003 = CARTESIAN_POINT ( 'NONE',  ( 5.675000000000000711, 0.2999999999999999889, -1.600000000000000089 ) ) ;
#4004 = CARTESIAN_POINT ( 'NONE',  ( -0.7085106253623999484, 5.349999999999999645, 0.5249999940395999598 ) ) ;
#4005 = VERTEX_POINT ( 'NONE', #25 ) ;
#4006 = ORIENTED_EDGE ( 'NONE', *, *, #2464, .F. ) ;
#4007 = VECTOR ( 'NONE', #1647, 1000.000000000000000 ) ;
#4008 = CIRCLE ( 'NONE', #2783, 0.2999999999999999334 ) ;
#4009 = CARTESIAN_POINT ( 'NONE',  ( 5.350000000000099121, 0.2499999999999992506, -3.500000000000000000 ) ) ;
#4010 = CARTESIAN_POINT ( 'NONE',  ( 5.485878119317073143, 5.360123345235142445, 1.199999999999999956 ) ) ;
#4011 = ORIENTED_EDGE ( 'NONE', *, *, #947, .F. ) ;
#4012 = PLANE ( 'NONE',  #3958 ) ;
#4013 = VECTOR ( 'NONE', #145, 1000.000000000000000 ) ;
#4014 = VECTOR ( 'NONE', #2890, 1000.000000000000000 ) ;
#4015 = CARTESIAN_POINT ( 'NONE',  ( 2.000000000000000000, 0.2999999999999999889, -1.600000000000000089 ) ) ;
#4016 = DIRECTION ( 'NONE',  ( 0.9506452136281219323, 0.000000000000000000, 0.3102799990427071442 ) ) ;
#4017 = EDGE_LOOP ( 'NONE', ( #314, #1891, #2892 ) ) ;
#4018 = ADVANCED_FACE ( 'NONE', ( #2951 ), #714, .F. ) ;
#4019 = CARTESIAN_POINT ( 'NONE',  ( -2.001655327279209473, 5.273189846542531534, -3.323189846542530468 ) ) ;
#4020 = DIRECTION ( 'NONE',  ( 1.000000000000000000, 0.000000000000000000, 0.000000000000000000 ) ) ;
#4021 = EDGE_LOOP ( 'NONE', ( #3216, #1385, #1381, #4767, #2863, #3394 ) ) ;
#4022 = EDGE_CURVE ( 'NONE', #3652, #2992, #306, .T. ) ;
#4023 = DIRECTION ( 'NONE',  ( 0.000000000000000000, 1.000000000000000000, 0.000000000000000000 ) ) ;
#4024 = DIRECTION ( 'NONE',  ( 0.000000000000000000, 0.000000000000000000, 1.000000000000000000 ) ) ;
#4025 = ADVANCED_FACE ( 'NONE', ( #2227 ), #4080, .F. ) ;
#4026 = EDGE_CURVE ( 'NONE', #2764, #4578, #2158, .T. ) ;
#4027 = PLANE ( 'NONE',  #1445 ) ;
#4028 = VECTOR ( 'NONE', #932, 1000.000000000000000 ) ;
#4029 = DIRECTION ( 'NONE',  ( 0.000000000000000000, -0.000000000000000000, 1.000000000000000000 ) ) ;
#4030 = VERTEX_POINT ( 'NONE', #3247 ) ;
#4031 = ORIENTED_EDGE ( 'NONE', *, *, #4692, .T. ) ;
#4032 = VECTOR ( 'NONE', #484, 1000.000000000000000 ) ;
#4033 = ADVANCED_BREP_SHAPE_REPRESENTATION ( '', ( #4098, #2698 ), #464 ) ;
#4034 = DIRECTION ( 'NONE',  ( 0.000000000000000000, 0.000000000000000000, 1.000000000000000000 ) ) ;
#4035 = CARTESIAN_POINT ( 'NONE',  ( 6.037326708879828807, 5.253714664249338639, -3.286937359832102334 ) ) ;
#4036 = ORIENTED_EDGE ( 'NONE', *, *, #78, .T. ) ;
#4037 = CARTESIAN_POINT ( 'NONE',  ( -0.6063829779624999583, 5.400000000000000355, -1.812500047684000082 ) ) ;
#4038 = CARTESIAN_POINT ( 'NONE',  ( 5.299999999999999822, 2.300000000358000118, -4.049999999999999822 ) ) ;
#4039 = DIRECTION ( 'NONE',  ( 0.000000000000000000, 1.000000000000000000, -0.000000000000000000 ) ) ;
#4040 = VERTEX_POINT ( 'NONE', #4734 ) ;
#4041 = ORIENTED_EDGE ( 'NONE', *, *, #2409, .F. ) ;
#4042 = CIRCLE ( 'NONE', #2821, 0.3000000000000001554 ) ;
#4043 = CARTESIAN_POINT ( 'NONE',  ( 5.352000000000001201, 1.000000000000000000, -2.750000000000000000 ) ) ;
#4044 = DIRECTION ( 'NONE',  ( 0.7071067811854974128, 0.7071067811875975107, 0.000000000000000000 ) ) ;
#4045 = CIRCLE ( 'NONE', #3821, 0.7500000000000002220 ) ;
#4046 = CARTESIAN_POINT ( 'NONE',  ( 5.450000000000000178, 0.1499999999999999944, -2.549999999999999822 ) ) ;
#4047 = AXIS2_PLACEMENT_3D ( 'NONE', #2739, #1964, #4561 ) ;
#4048 = CARTESIAN_POINT ( 'NONE',  ( -1.500000000000212719, 5.450000000000000178, -1.600000000000293854 ) ) ;
#4049 = ORIENTED_EDGE ( 'NONE', *, *, #3726, .T. ) ;
#4050 = ORIENTED_EDGE ( 'NONE', *, *, #3012, .T. ) ;
#4051 = EDGE_CURVE ( 'NONE', #386, #713, #2586, .T. ) ;
#4052 = ADVANCED_FACE ( 'NONE', ( #2564 ), #4389, .F. ) ;
#4053 = DIRECTION ( 'NONE',  ( 0.000000000000000000, 0.000000000000000000, -1.000000000000000000 ) ) ;
#4054 = EDGE_CURVE ( 'NONE', #1531, #2280, #2205, .T. ) ;
#4055 = CARTESIAN_POINT ( 'NONE',  ( 5.609887319042352161, 5.486492374042708065, 1.376705599558066817 ) ) ;
#4056 = ORIENTED_EDGE ( 'NONE', *, *, #3760, .F. ) ;
#4057 = CARTESIAN_POINT ( 'NONE',  ( 6.000000000000000000, 2.600000000000000533, -1.600000000000000089 ) ) ;
#4058 = CARTESIAN_POINT ( 'NONE',  ( -2.001655327279209917, 5.148240118821386879, 1.448139574263673568 ) ) ;
#4059 = CARTESIAN_POINT ( 'NONE',  ( -1.500000000000009548, 5.450000000000000178, 0.2000000000000468070 ) ) ;
#4060 = CARTESIAN_POINT ( 'NONE',  ( -1.700000000000000178, 5.450000000000000178, -1.000000000000000000 ) ) ;
#4061 = ORIENTED_EDGE ( 'NONE', *, *, #4114, .T. ) ;
#4062 = CARTESIAN_POINT ( 'NONE',  ( -1.803714664249337574, 5.487326708879826320, -3.286937359832101890 ) ) ;
#4063 = VECTOR ( 'NONE', #2459, 1000.000000000000000 ) ;
#4064 = ORIENTED_EDGE ( 'NONE', *, *, #1513, .F. ) ;
#4065 = AXIS2_PLACEMENT_3D ( 'NONE', #2428, #3126, #4612 ) ;
#4066 = EDGE_CURVE ( 'NONE', #4030, #2680, #3112, .T. ) ;
#4067 = DIRECTION ( 'NONE',  ( 0.000000000000000000, -1.000000000000000000, -0.000000000000000000 ) ) ;
#4068 = CARTESIAN_POINT ( 'NONE',  ( 5.698000732276109481, 5.449986676132683172, -3.198000732276108593 ) ) ;
#4069 = EDGE_CURVE ( 'NONE', #2993, #2157, #393, .T. ) ;
#4070 = EDGE_CURVE ( 'NONE', #3953, #2615, #1864, .T. ) ;
#4071 = DIRECTION ( 'NONE',  ( -0.000000000000000000, -1.000000000000000000, -0.000000000000000000 ) ) ;
#4072 = CARTESIAN_POINT ( 'NONE',  ( -0.6063829779624541061, 5.349999999999999645, 0.04999999999990730609 ) ) ;
#4073 = CARTESIAN_POINT ( 'NONE',  ( 5.299999999999999822, 0.5500000000000000444, -2.532055052822983043 ) ) ;
#4074 = ORIENTED_EDGE ( 'NONE', *, *, #3762, .T. ) ;
#4075 = VERTEX_POINT ( 'NONE', #1412 ) ;
#4076 = EDGE_CURVE ( 'NONE', #3332, #4649, #2909, .T. ) ;
#4077 = CARTESIAN_POINT ( 'NONE',  ( -1.206382977962999981, 5.349999999999999645, -1.812500047684000082 ) ) ;
#4078 = CARTESIAN_POINT ( 'NONE',  ( 5.698000732276107705, 5.148000732276107883, 1.499986676132685437 ) ) ;
#4079 = ORIENTED_EDGE ( 'NONE', *, *, #2316, .F. ) ;
#4080 = PLANE ( 'NONE',  #2952 ) ;
#4081 = VECTOR ( 'NONE', #293, 1000.000000000000000 ) ;
#4082 = CIRCLE ( 'NONE', #1236, 0.2999999999999999334 ) ;
#4083 = ADVANCED_FACE ( 'NONE', ( #1073 ), #4012, .F. ) ;
#4084 = LINE ( 'NONE', #53, #3358 ) ;
#4085 = DIRECTION ( 'NONE',  ( 0.000000000000000000, 0.000000000000000000, 1.000000000000000000 ) ) ;
#4086 = FACE_OUTER_BOUND ( 'NONE', #2630, .T. ) ;
#4087 = ORIENTED_EDGE ( 'NONE', *, *, #2781, .T. ) ;
#4088 = ORIENTED_EDGE ( 'NONE', *, *, #798, .T. ) ;
#4089 = VECTOR ( 'NONE', #196, 1000.000000000000000 ) ;
#4090 = VECTOR ( 'NONE', #4341, 1000.000000000000000 ) ;
#4091 = LINE ( 'NONE', #2549, #4339 ) ;
#4092 = AXIS2_PLACEMENT_3D ( 'NONE', #3677, #4392, #1459 ) ;
#4093 = ORIENTED_EDGE ( 'NONE', *, *, #3700, .T. ) ;
#4094 = CARTESIAN_POINT ( 'NONE',  ( -1.700000000000000178, 5.150000000000000355, -3.200000000000000178 ) ) ;
#4095 = CARTESIAN_POINT ( 'NONE',  ( 5.823189846542532244, 5.451655327279211427, -3.323189846542531800 ) ) ;
#4096 = FACE_OUTER_BOUND ( 'NONE', #3215, .T. ) ;
#4097 = DIRECTION ( 'NONE',  ( -0.000000000000000000, -1.000000000000000000, 0.000000000000000000 ) ) ;
#4098 = MANIFOLD_SOLID_BREP ( 'Imported1', #147 ) ;
#4099 = DIRECTION ( 'NONE',  ( 0.9486833037050936834, 0.000000000000000000, -0.3162277490530979174 ) ) ;
#4100 = ORIENTED_EDGE ( 'NONE', *, *, #3120, .F. ) ;
#4101 = VERTEX_POINT ( 'NONE', #1167 ) ;
#4102 = CYLINDRICAL_SURFACE ( 'NONE', #4423, 1.100000000000000311 ) ;
#4103 = CARTESIAN_POINT ( 'NONE',  ( 5.823189846542532244, 5.451655327279211427, -3.323189846542530468 ) ) ;
#4104 = ORIENTED_EDGE ( 'NONE', *, *, #3631, .F. ) ;
#4105 = VECTOR ( 'NONE', #1299, 1000.000000000000114 ) ;
#4106 = DIRECTION ( 'NONE',  ( 0.000000000000000000, 0.000000000000000000, -1.000000000000000000 ) ) ;
#4107 = VECTOR ( 'NONE', #4489, 1000.000000000000000 ) ;
#4108 = ORIENTED_EDGE ( 'NONE', *, *, #198, .T. ) ;
#4109 = EDGE_CURVE ( 'NONE', #165, #2494, #129, .T. ) ;
#4110 = CARTESIAN_POINT ( 'NONE',  ( -1.500000000000023759, 5.349999999999999645, -1.250000047683929472 ) ) ;
#4111 = CARTESIAN_POINT ( 'NONE',  ( 0.000000000000000000, 0.5000000000000000000, -3.500000000000000000 ) ) ;
#4112 = DIRECTION ( 'NONE',  ( -0.000000000000000000, 1.000000000000000000, 0.000000000000000000 ) ) ;
#4113 = ORIENTED_EDGE ( 'NONE', *, *, #308, .T. ) ;
#4114 = EDGE_CURVE ( 'NONE', #518, #618, #104, .T. ) ;
#4115 = CARTESIAN_POINT ( 'NONE',  ( 2.399999999998998934, 5.950000000004497913, -3.750000000000000000 ) ) ;
#4116 = ORIENTED_EDGE ( 'NONE', *, *, #4225, .F. ) ;
#4117 = VERTEX_POINT ( 'NONE', #2247 ) ;
#4118 = ADVANCED_FACE ( 'NONE', ( #3364 ), #3095, .T. ) ;
#4119 = FACE_OUTER_BOUND ( 'NONE', #2086, .T. ) ;
#4120 = FACE_OUTER_BOUND ( 'NONE', #3442, .T. ) ;
#4121 = EDGE_CURVE ( 'NONE', #2424, #1531, #3410, .T. ) ;
#4122 = FACE_OUTER_BOUND ( 'NONE', #3553, .T. ) ;
#4123 = CARTESIAN_POINT ( 'NONE',  ( -2.001655327279210361, 5.273189846542531534, 1.323189846542531134 ) ) ;
#4124 = VECTOR ( 'NONE', #2953, 1000.000000000000000 ) ;
#4125 = DIRECTION ( 'NONE',  ( 0.000000000000000000, 0.000000000000000000, 1.000000000000000000 ) ) ;
#4126 = ORIENTED_EDGE ( 'NONE', *, *, #4519, .T. ) ;
#4127 = ORIENTED_EDGE ( 'NONE', *, *, #2763, .F. ) ;
#4128 = AXIS2_PLACEMENT_3D ( 'NONE', #1242, #516, #159 ) ;
#4129 = EDGE_CURVE ( 'NONE', #3565, #3051, #1580, .T. ) ;
#4130 = CARTESIAN_POINT ( 'NONE',  ( 1.600000000000000089, 2.749999999998999911, -3.500000000000000000 ) ) ;
#4131 = DIRECTION ( 'NONE',  ( 0.000000000000000000, 1.000000000000000000, 0.000000000000000000 ) ) ;
#4132 = PRESENTATION_STYLE_ASSIGNMENT (( #4533 ) ) ;
#4133 = ORIENTED_EDGE ( 'NONE', *, *, #2556, .T. ) ;
#4134 = EDGE_CURVE ( 'NONE', #3170, #1776, #4507, .T. ) ;
#4135 = PLANE ( 'NONE',  #590 ) ;
#4136 = DIRECTION ( 'NONE',  ( -1.000000000000000000, 0.000000000000000000, -0.000000000000000000 ) ) ;
#4137 = DIRECTION ( 'NONE',  ( -0.000000000000000000, -0.000000000000000000, -1.000000000000000000 ) ) ;
#4138 = ORIENTED_EDGE ( 'NONE', *, *, #4264, .T. ) ;
#4139 = DIRECTION ( 'NONE',  ( -0.000000000000000000, -0.000000000000000000, 1.000000000000000000 ) ) ;
#4140 = VECTOR ( 'NONE', #4194, 1000.000000000000000 ) ;
#4141 = ORIENTED_EDGE ( 'NONE', *, *, #2818, .F. ) ;
#4142 = CARTESIAN_POINT ( 'NONE',  ( 2.000000000000000000, 5.450000000000000178, -3.200000000000000178 ) ) ;
#4143 = CARTESIAN_POINT ( 'NONE',  ( 1.300000000000000266, 2.749999999999594102, -4.049999999999999822 ) ) ;
#4144 = CARTESIAN_POINT ( 'NONE',  ( 1.350000000000000089, 0.4000000000000000222, 1.500000000000000000 ) ) ;
#4145 = VECTOR ( 'NONE', #3362, 1000.000000000000000 ) ;
#4146 = DIRECTION ( 'NONE',  ( -0.000000000000000000, 0.000000000000000000, 1.000000000000000000 ) ) ;
#4147 = VECTOR ( 'NONE', #4710, 1000.000000000000000 ) ;
#4148 = EDGE_CURVE ( 'NONE', #2131, #629, #2736, .T. ) ;
#4149 = CIRCLE ( 'NONE', #2684, 0.2999999999999999334 ) ;
#4150 = DIRECTION ( 'NONE',  ( -1.000000000000000000, 0.000000000000000000, 0.000000000000000000 ) ) ;
#4151 = DIRECTION ( 'NONE',  ( 0.000000000000000000, 0.000000000000000000, -1.000000000000000000 ) ) ;
#4152 = DIRECTION ( 'NONE',  ( 0.000000000000000000, 0.000000000000000000, 1.000000000000000000 ) ) ;
#4153 = ADVANCED_FACE ( 'NONE', ( #3720 ), #4157, .F. ) ;
#4154 = EDGE_LOOP ( 'NONE', ( #2102, #3544, #2302, #3386 ) ) ;
#4155 = CARTESIAN_POINT ( 'NONE',  ( -1.499999999999991784, 5.349999999999999645, -1.749999999999988454 ) ) ;
#4156 = CARTESIAN_POINT ( 'NONE',  ( 0.000000000000000000, 2.750000000000000000, 1.299999999901046976 ) ) ;
#4157 = PLANE ( 'NONE',  #653 ) ;
#4158 = ORIENTED_EDGE ( 'NONE', *, *, #3015, .T. ) ;
#4159 = DIRECTION ( 'NONE',  ( -1.000000000000000000, 0.000000000000000000, 0.000000000000000000 ) ) ;
#4160 = CARTESIAN_POINT ( 'NONE',  ( 5.847999999999999865, 5.150000000000000355, -3.500000000000000000 ) ) ;
#4161 = ORIENTED_EDGE ( 'NONE', *, *, #1046, .T. ) ;
#4162 = ORIENTED_EDGE ( 'NONE', *, *, #3179, .T. ) ;
#4163 = CARTESIAN_POINT ( 'NONE',  ( -1.999986676132684993, 5.148000732276108771, -3.198000732276108149 ) ) ;
#4164 = ORIENTED_EDGE ( 'NONE', *, *, #1492, .T. ) ;
#4165 = ORIENTED_EDGE ( 'NONE', *, *, #3636, .F. ) ;
#4166 = EDGE_CURVE ( 'NONE', #2794, #1197, #1604, .T. ) ;
#4167 = CYLINDRICAL_SURFACE ( 'NONE', #547, 0.2999999999999999334 ) ;
#4168 = DIRECTION ( 'NONE',  ( 0.000000000000000000, 0.000000000000000000, 1.000000000000000000 ) ) ;
#4169 = VECTOR ( 'NONE', #2761, 1000.000000000000000 ) ;
#4170 = DIRECTION ( 'NONE',  ( 0.000000000000000000, 0.000000000000000000, 1.000000000000000000 ) ) ;
#4171 = DIRECTION ( 'NONE',  ( 1.000000000000000000, 0.000000000000000000, 0.000000000000000000 ) ) ;
#4172 = ADVANCED_FACE ( 'NONE', ( #1238 ), #73, .T. ) ;
#4173 = AXIS2_PLACEMENT_3D ( 'NONE', #1642, #3107, #3495 ) ;
#4174 = ADVANCED_FACE ( 'NONE', ( #51 ), #1529, .T. ) ;
#4175 = LINE ( 'NONE', #2364, #428 ) ;
#4176 = DIRECTION ( 'NONE',  ( -0.000000000000000000, 1.000000000000000000, 0.000000000000000000 ) ) ;
#4177 = EDGE_CURVE ( 'NONE', #378, #4357, #2657, .T. ) ;
#4178 = CARTESIAN_POINT ( 'NONE',  ( 5.700000000000001066, 5.150000000000000355, -3.500000000000000444 ) ) ;
#4179 = ORIENTED_EDGE ( 'NONE', *, *, #3211, .F. ) ;
#4180 = CARTESIAN_POINT ( 'NONE',  ( 5.299999999999999822, 0.2500000000000000000, 1.125000000000000222 ) ) ;
#4181 = PLANE ( 'NONE',  #1808 ) ;
#4182 =( NAMED_UNIT ( * ) PLANE_ANGLE_UNIT ( ) SI_UNIT ( $, .RADIAN. ) );
#4183 = ORIENTED_EDGE ( 'NONE', *, *, #4617, .T. ) ;
#4184 = LINE ( 'NONE', #3462, #3052 ) ;
#4185 = LINE ( 'NONE', #2766, #918 ) ;
#4186 = EDGE_LOOP ( 'NONE', ( #197, #740, #4209, #1547 ) ) ;
#4187 = ORIENTED_EDGE ( 'NONE', *, *, #2923, .T. ) ;
#4188 = DIRECTION ( 'NONE',  ( 0.000000000000000000, 0.000000000000000000, 1.000000000000000000 ) ) ;
#4189 = ORIENTED_EDGE ( 'NONE', *, *, #151, .T. ) ;
#4190 = ORIENTED_EDGE ( 'NONE', *, *, #1557, .F. ) ;
#4191 = VECTOR ( 'NONE', #1287, 1000.000000000000000 ) ;
#4192 = CARTESIAN_POINT ( 'NONE',  ( -1.300000000000000266, 2.749999999999999556, -3.750000000000000000 ) ) ;
#4193 = LINE ( 'NONE', #889, #3887 ) ;
#4194 = DIRECTION ( 'NONE',  ( -0.000000000000000000, -0.000000000000000000, 1.000000000000000000 ) ) ;
#4195 = CARTESIAN_POINT ( 'NONE',  ( 1.300000000000000266, 0.2500000000000000000, 1.125000000000000222 ) ) ;
#4196 = VECTOR ( 'NONE', #1875, 1000.000000000000114 ) ;
#4197 = CARTESIAN_POINT ( 'NONE',  ( -1.024999999999999911, 0.000000000000000000, -3.500000000000000000 ) ) ;
#4198 = EDGE_CURVE ( 'NONE', #3256, #2408, #974, .T. ) ;
#4199 = CARTESIAN_POINT ( 'NONE',  ( 2.648000000000000131, 0.000000000000000000, 0.7500000000000002220 ) ) ;
#4200 = CARTESIAN_POINT ( 'NONE',  ( 2.399999999999999911, 1.649999999999999911, -3.625000000000000000 ) ) ;
#4201 =( BOUNDED_SURFACE ( )  B_SPLINE_SURFACE ( 3, 3, ( 
 ( #1454, #349, #2562, #1816 ),
 ( #3692, #3291, #4035, #1165 ),
 ( #4103, #800, #3044, #2996 ),
 ( #1983, #3740, #3435, #3766 ) ),
 .UNSPECIFIED., .F., .F., .T. ) 
 B_SPLINE_SURFACE_WITH_KNOTS ( ( 4, 4 ),
 ( 4, 4 ),
 ( 0.000000000000000000, 1.000000000000000000 ),
 ( 0.000000000000000000, 1.000000000000000000 ),
 .UNSPECIFIED. ) 
 GEOMETRIC_REPRESENTATION_ITEM ( )  RATIONAL_B_SPLINE_SURFACE ( (
 ( 1.000000000000000000, 0.8047378541243651595, 0.8047378541243651595, 1.000000000000000000),
 ( 0.8025111867385934517, 0.6458111303268133652, 0.6458111303268133652, 0.8025111867385934517),
 ( 0.8025111867385934517, 0.6458111303268133652, 0.6458111303268133652, 0.8025111867385934517),
 ( 1.000000000000000000, 0.8047378541243651595, 0.8047378541243651595, 1.000000000000000000) ) ) 
 REPRESENTATION_ITEM ( '' )  SURFACE ( )  );
#4202 = ORIENTED_EDGE ( 'NONE', *, *, #2350, .F. ) ;
#4203 = DIRECTION ( 'NONE',  ( -0.000000000000000000, 0.000000000000000000, -1.000000000000000000 ) ) ;
#4204 = CARTESIAN_POINT ( 'NONE',  ( 5.100000000000000533, 2.750000000000000000, 0.7866393862416000138 ) ) ;
#4205 = AXIS2_PLACEMENT_3D ( 'NONE', #2289, #4176, #456 ) ;
#4206 = FILL_AREA_STYLE ('',( #2345 ) ) ;
#4207 = CONICAL_SURFACE ( 'NONE', #2898, 1.299999999795545369, 0.7853981632553398429 ) ;
#4208 = EDGE_CURVE ( 'NONE', #2408, #2424, #2856, .T. ) ;
#4209 = ORIENTED_EDGE ( 'NONE', *, *, #1666, .T. ) ;
#4210 = EDGE_LOOP ( 'NONE', ( #3375, #4730, #663, #4636 ) ) ;
#4211 = FACE_OUTER_BOUND ( 'NONE', #753, .T. ) ;
#4212 = EDGE_CURVE ( 'NONE', #68, #1576, #3591, .T. ) ;
#4213 = PLANE ( 'NONE',  #3069 ) ;
#4214 = ORIENTED_EDGE ( 'NONE', *, *, #239, .F. ) ;
#4215 = EDGE_LOOP ( 'NONE', ( #2330, #3701, #4757, #1358, #72, #2573 ) ) ;
#4216 = CARTESIAN_POINT ( 'NONE',  ( 2.524264068711005837, 5.701471862580292260, -4.049999999999999822 ) ) ;
#4217 = ORIENTED_EDGE ( 'NONE', *, *, #3378, .T. ) ;
#4218 = VERTEX_POINT ( 'NONE', #592 ) ;
#4219 = CARTESIAN_POINT ( 'NONE',  ( 5.599999999999999645, 2.749999999997999822, -3.625000000000000000 ) ) ;
#4220 = DIRECTION ( 'NONE',  ( 0.8109604400577167249, 0.000000000000000000, 0.5851009867205784198 ) ) ;
#4221 = LINE ( 'NONE', #2776, #2291 ) ;
#4222 = VECTOR ( 'NONE', #866, 1000.000000000000114 ) ;
#4223 = LINE ( 'NONE', #503, #706 ) ;
#4224 = VERTEX_POINT ( 'NONE', #4256 ) ;
#4225 = EDGE_CURVE ( 'NONE', #4353, #284, #567, .T. ) ;
#4226 = CARTESIAN_POINT ( 'NONE',  ( -1.300000000000000266, 2.749999999999593214, -4.049999999999999822 ) ) ;
#4227 = CARTESIAN_POINT ( 'NONE',  ( -1.876705599558067483, 5.486492374042708065, 1.109887319042353715 ) ) ;
#4228 = EDGE_CURVE ( 'NONE', #3464, #462, #4570, .T. ) ;
#4229 = VERTEX_POINT ( 'NONE', #3576 ) ;
#4230 = CIRCLE ( 'NONE', #2072, 0.2999999999999999334 ) ;
#4231 = CARTESIAN_POINT ( 'NONE',  ( 5.775000000000000355, 0.05000000000000000278, -1.600000000000000089 ) ) ;
#4232 = CARTESIAN_POINT ( 'NONE',  ( 6.000000000000000000, 2.600000000000000533, -0.3999999999999999667 ) ) ;
#4233 = ORIENTED_EDGE ( 'NONE', *, *, #3562, .F. ) ;
#4234 = ORIENTED_EDGE ( 'NONE', *, *, #2606, .T. ) ;
#4235 = EDGE_CURVE ( 'NONE', #1698, #2, #2010, .T. ) ;
#4236 = FACE_OUTER_BOUND ( 'NONE', #1122, .T. ) ;
#4237 = LINE ( 'NONE', #1682, #1762 ) ;
#4238 = LINE ( 'NONE', #1725, #2221 ) ;
#4239 = EDGE_LOOP ( 'NONE', ( #801, #752, #2778, #4589 ) ) ;
#4240 = CARTESIAN_POINT ( 'NONE',  ( -1.500000000000000000, 5.400000000000000355, -1.250000047684000082 ) ) ;
#4241 = EDGE_CURVE ( 'NONE', #1941, #2092, #2500, .T. ) ;
#4242 = VERTEX_POINT ( 'NONE', #4300 ) ;
#4243 = ORIENTED_EDGE ( 'NONE', *, *, #4400, .F. ) ;
#4244 = CARTESIAN_POINT ( 'NONE',  ( 1.299999999848296284, 2.750000000000000000, 1.499999999879264578 ) ) ;
#4245 = CARTESIAN_POINT ( 'NONE',  ( 5.600000000000000533, 2.749999999998999911, -3.750000000000000000 ) ) ;
#4246 = CARTESIAN_POINT ( 'NONE',  ( 5.910123345235142267, 4.935878119317074209, 1.375728126347300906 ) ) ;
#4247 = DIRECTION ( 'NONE',  ( 0.000000000000000000, 0.000000000000000000, -1.000000000000000000 ) ) ;
#4248 = ORIENTED_EDGE ( 'NONE', *, *, #44, .F. ) ;
#4249 = CIRCLE ( 'NONE', #2094, 1.100000000000000089 ) ;
#4250 = PRODUCT_DEFINITION_CONTEXT ( 'detailed design', #3697, 'design' ) ;
#4251 = CARTESIAN_POINT ( 'NONE',  ( 5.299999999999999822, 1.000000000000000000, -2.750000000000000000 ) ) ;
#4252 = DIRECTION ( 'NONE',  ( -0.000000000000000000, -1.000000000000000000, -0.000000000000000000 ) ) ;
#4253 = VECTOR ( 'NONE', #1622, 1000.000000000000000 ) ;
#4254 = VECTOR ( 'NONE', #3607, 1000.000000000000000 ) ;
#4255 = LINE ( 'NONE', #4231, #1591 ) ;
#4256 = CARTESIAN_POINT ( 'NONE',  ( -1.300000000000000044, 0.5500000000000000444, -0.1430285549745937967 ) ) ;
#4257 = ORIENTED_EDGE ( 'NONE', *, *, #3774, .F. ) ;
#4258 = EDGE_LOOP ( 'NONE', ( #2085, #487, #55, #2177, #359 ) ) ;
#4259 = DIRECTION ( 'NONE',  ( 0.9486832867413231840, 0.000000000000000000, -0.3162277999444076948 ) ) ;
#4260 = DIRECTION ( 'NONE',  ( 0.000000000000000000, 0.000000000000000000, 1.000000000000000000 ) ) ;
#4261 = FACE_OUTER_BOUND ( 'NONE', #2470, .T. ) ;
#4262 = ORIENTED_EDGE ( 'NONE', *, *, #4725, .F. ) ;
#4263 = LINE ( 'NONE', #3129, #1261 ) ;
#4264 = EDGE_CURVE ( 'NONE', #4635, #4620, #3552, .T. ) ;
#4265 = DIRECTION ( 'NONE',  ( 0.7071067811875976217, -0.7071067811854975238, 0.000000000000000000 ) ) ;
#4266 = CARTESIAN_POINT ( 'NONE',  ( 4.750000000000000000, 0.000000000000000000, 1.500000000000000000 ) ) ;
#4267 = AXIS2_PLACEMENT_3D ( 'NONE', #1196, #2691, #861 ) ;
#4268 = VERTEX_POINT ( 'NONE', #3484 ) ;
#4269 = CARTESIAN_POINT ( 'NONE',  ( -0.2999999999999665157, 5.450000000000000178, -1.000000000000000000 ) ) ;
#4271 = VECTOR ( 'NONE', #717, 1000.000000000000000 ) ;
#4270 = CARTESIAN_POINT ( 'NONE',  ( -0.2999999999998312905, 5.349999999999999645, -2.449999904632766068 ) ) ;
#4272 = EDGE_LOOP ( 'NONE', ( #2828, #2517, #2533, #3991 ) ) ;
#4273 = VECTOR ( 'NONE', #3023, 1000.000000000000000 ) ;
#4274 = EDGE_CURVE ( 'NONE', #3604, #297, #2568, .T. ) ;
#4275 = CARTESIAN_POINT ( 'NONE',  ( -1.600000000001002842, 5.950000000004497025, -3.925735931288071967 ) ) ;
#4276 = CARTESIAN_POINT ( 'NONE',  ( -2.000000000000000000, 0.05000000000000003747, 1.199999999999999734 ) ) ;
#4277 = DIRECTION ( 'NONE',  ( 0.000000000000000000, 1.000000000000000000, 0.000000000000000000 ) ) ;
#4278 = CARTESIAN_POINT ( 'NONE',  ( 1.300000000000000266, 2.749999999999594102, -4.049999999999999822 ) ) ;
#4279 = VERTEX_POINT ( 'NONE', #3213 ) ;
#4280 = ORIENTED_EDGE ( 'NONE', *, *, #4615, .T. ) ;
#4281 = VECTOR ( 'NONE', #641, 1000.000000000000000 ) ;
#4282 = ADVANCED_FACE ( 'NONE', ( #4679 ), #253, .T. ) ;
#4283 = DIRECTION ( 'NONE',  ( 0.000000000000000000, 0.000000000000000000, -1.000000000000000000 ) ) ;
#4284 = DIRECTION ( 'NONE',  ( -0.000000000000000000, 0.000000000000000000, -1.000000000000000000 ) ) ;
#4285 = DIRECTION ( 'NONE',  ( -0.000000000000000000, 1.000000000000000000, 0.000000000000000000 ) ) ;
#4286 = ORIENTED_EDGE ( 'NONE', *, *, #2012, .T. ) ;
#4287 = DIRECTION ( 'NONE',  ( 0.7071067811865474617, 0.000000000000000000, 0.7071067811865475727 ) ) ;
#4288 = CIRCLE ( 'NONE', #3517, 0.5000000000000000000 ) ;
#4289 = DIRECTION ( 'NONE',  ( 1.000000000000000000, 0.000000000000000000, 0.000000000000000000 ) ) ;
#4290 = DIRECTION ( 'NONE',  ( -1.000000000000000000, -0.000000000000000000, -0.000000000000000000 ) ) ;
#4291 = ORIENTED_EDGE ( 'NONE', *, *, #489, .F. ) ;
#4292 = EDGE_CURVE ( 'NONE', #2280, #2690, #4656, .T. ) ;
#4293 = CARTESIAN_POINT ( 'NONE',  ( 2.700000000374985110, 2.750000000000000000, 1.499999999623469193 ) ) ;
#4294 = CARTESIAN_POINT ( 'NONE',  ( -2.000000000000000000, 5.150000000000000355, -3.200000000000000622 ) ) ;
#4295 = ORIENTED_EDGE ( 'NONE', *, *, #1811, .F. ) ;
#4296 = DIRECTION ( 'NONE',  ( -1.000000000000000000, -0.000000000000000000, 0.000000000000000000 ) ) ;
#4297 = FACE_OUTER_BOUND ( 'NONE', #1656, .T. ) ;
#4298 = EDGE_CURVE ( 'NONE', #519, #996, #617, .T. ) ;
#4299 = VECTOR ( 'NONE', #217, 1000.000000000000000 ) ;
#4300 = CARTESIAN_POINT ( 'NONE',  ( 1.549999999999961853, 0.05000000000000000278, -3.500000000000000000 ) ) ;
#4301 = ORIENTED_EDGE ( 'NONE', *, *, #1869, .T. ) ;
#4302 = ORIENTED_EDGE ( 'NONE', *, *, #4581, .F. ) ;
#4303 = LINE ( 'NONE', #3556, #3286 ) ;
#4304 = VECTOR ( 'NONE', #2429, 1000.000000000000000 ) ;
#4305 = CARTESIAN_POINT ( 'NONE',  ( 0.000000000000000000, 0.000000000000000000, 1.500000000000000000 ) ) ;
#4306 = CARTESIAN_POINT ( 'NONE',  ( -1.500000000000000000, 5.450000000000000178, -1.000000000000000000 ) ) ;
#4307 = EDGE_LOOP ( 'NONE', ( #3872, #4384, #439, #3635, #3736 ) ) ;
#4308 = DIRECTION ( 'NONE',  ( 0.000000000000000000, 0.000000000000000000, -1.000000000000000000 ) ) ;
#4309 = CARTESIAN_POINT ( 'NONE',  ( -1.549999999999897904, 0.04999999999990419747, -3.500000000000000000 ) ) ;
#4310 = CARTESIAN_POINT ( 'NONE',  ( -1.352000000000000091, 0.000000000000000000, 0.7500000000000002220 ) ) ;
#4311 = VERTEX_POINT ( 'NONE', #539 ) ;
#4312 = CARTESIAN_POINT ( 'NONE',  ( -1.500000000000025979, 5.349999999999999645, -1.400000047683922499 ) ) ;
#4313 = CARTESIAN_POINT ( 'NONE',  ( 2.000000000000000000, 0.05000000000000000278, 1.500000000000000000 ) ) ;
#4314 = ORIENTED_EDGE ( 'NONE', *, *, #4704, .F. ) ;
#4315 = EDGE_CURVE ( 'NONE', #3950, #3264, #726, .T. ) ;
#4316 = DIRECTION ( 'NONE',  ( 0.000000000000000000, 0.000000000000000000, 1.000000000000000000 ) ) ;
#4317 = CARTESIAN_POINT ( 'NONE',  ( 4.650000000000000355, 0.5000000000000000000, 1.500000000000000000 ) ) ;
#4318 = EDGE_CURVE ( 'NONE', #4560, #2001, #1654, .T. ) ;
#4319 = CIRCLE ( 'NONE', #2547, 0.7500000000000002220 ) ;
#4320 = EDGE_CURVE ( 'NONE', #3157, #4005, #3866, .T. ) ;
#4321 = AXIS2_PLACEMENT_3D ( 'NONE', #2628, #457, #408 ) ;
#4322 = LINE ( 'NONE', #323, #4090 ) ;
#4323 = ORIENTED_EDGE ( 'NONE', *, *, #4177, .F. ) ;
#4324 = ORIENTED_EDGE ( 'NONE', *, *, #2878, .F. ) ;
#4325 = ORIENTED_EDGE ( 'NONE', *, *, #3796, .F. ) ;
#4326 = CARTESIAN_POINT ( 'NONE',  ( 2.700000000000000178, 2.750000000000000000, -4.049999999999999822 ) ) ;
#4327 = PLANE ( 'NONE',  #1447 ) ;
#4328 = CARTESIAN_POINT ( 'NONE',  ( 1.100000000000000089, 2.750000000000000000, 0.7999999999999001243 ) ) ;
#4329 = VERTEX_POINT ( 'NONE', #4278 ) ;
#4330 = CARTESIAN_POINT ( 'NONE',  ( -1.774999999999999911, 0.05000000000000000278, -2.549999999999999822 ) ) ;
#4331 = CARTESIAN_POINT ( 'NONE',  ( 1.300000000000000266, 0.5500000000000000444, -1.274999999999999911 ) ) ;
#4332 = CARTESIAN_POINT ( 'NONE',  ( 2.399999999999999911, 2.600000000000000533, -3.500000000000000000 ) ) ;
#4333 = ORIENTED_EDGE ( 'NONE', *, *, #2782, .F. ) ;
#4334 = DIRECTION ( 'NONE',  ( -0.000000000000000000, 0.000000000000000000, -1.000000000000000000 ) ) ;
#4335 = DIRECTION ( 'NONE',  ( 1.000000000000000000, -0.000000000000000000, 0.000000000000000000 ) ) ;
#4336 = ORIENTED_EDGE ( 'NONE', *, *, #3105, .F. ) ;
#4337 = LINE ( 'NONE', #4696, #3862 ) ;
#4338 = CARTESIAN_POINT ( 'NONE',  ( 1.600000000000000089, 0.5500000000000000444, -1.274999999999999911 ) ) ;
#4339 = VECTOR ( 'NONE', #1057, 1000.000000000000000 ) ;
#4340 = EDGE_CURVE ( 'NONE', #378, #4406, #3121, .T. ) ;
#4341 = DIRECTION ( 'NONE',  ( 0.000000000000000000, 1.000000000000000000, -0.000000000000000000 ) ) ;
#4342 = EDGE_LOOP ( 'NONE', ( #2604, #1210, #4469, #2180, #1962, #4061, #2152, #2430, #4006, #3357, #3918, #685, #3657, #4534, #2004, #3197, #4202, #2353, #3278, #96, #2397, #3265, #80, #2930, #3374, #773, #3292, #3622, #150, #3939, #3746, #1239 ) ) ;
#4343 = EDGE_LOOP ( 'NONE', ( #3406, #596, #2914, #2706, #3509, #4377, #24, #3578 ) ) ;
#4344 = EDGE_LOOP ( 'NONE', ( #2108, #3068, #3193, #1059 ) ) ;
#4345 = CARTESIAN_POINT ( 'NONE',  ( 1.300000000000000266, 0.5000000000000000000, 0.7500000000000000000 ) ) ;
#4346 = DIRECTION ( 'NONE',  ( 0.000000000000000000, 0.000000000000000000, -1.000000000000000000 ) ) ;
#4347 = CARTESIAN_POINT ( 'NONE',  ( 5.485878119317073143, 5.360123345235142445, 1.375728126347302016 ) ) ;
#4348 = ORIENTED_EDGE ( 'NONE', *, *, #3321, .F. ) ;
#4349 = LINE ( 'NONE', #2610, #3033 ) ;
#4350 = EDGE_CURVE ( 'NONE', #4569, #3772, #3507, .T. ) ;
#4351 = DIRECTION ( 'NONE',  ( 0.000000000000000000, 1.000000000000000000, 0.000000000000000000 ) ) ;
#4352 = LINE ( 'NONE', #4060, #1573 ) ;
#4353 = VERTEX_POINT ( 'NONE', #3145 ) ;
#4354 = FACE_OUTER_BOUND ( 'NONE', #1101, .T. ) ;
#4355 = AXIS2_PLACEMENT_3D ( 'NONE', #1471, #1155, #1880 ) ;
#4356 = DIRECTION ( 'NONE',  ( -0.000000000000000000, -0.000000000000000000, -1.000000000000000000 ) ) ;
#4357 = VERTEX_POINT ( 'NONE', #1308 ) ;
#4358 = VECTOR ( 'NONE', #2313, 1000.000000000000114 ) ;
#4359 = CARTESIAN_POINT ( 'NONE',  ( 2.649999999999999911, 0.4000000000000000222, -2.549999999999999822 ) ) ;
#4360 = CARTESIAN_POINT ( 'NONE',  ( -2.000000000000000000, 0.05000000000000004441, -1.600000000000000089 ) ) ;
#4361 = CARTESIAN_POINT ( 'NONE',  ( 5.450000000000000178, 0.1499999999999999944, -0.4000000000000000777 ) ) ;
#4362 = CARTESIAN_POINT ( 'NONE',  ( 2.900000000267937583, 2.750000000000000000, 1.299999999730516720 ) ) ;
#4363 = VERTEX_POINT ( 'NONE', #2491 ) ;
#4364 = ORIENTED_EDGE ( 'NONE', *, *, #3352, .F. ) ;
#4365 = EDGE_CURVE ( 'NONE', #4005, #2131, #708, .T. ) ;
#4366 = AXIS2_PLACEMENT_3D ( 'NONE', #195, #1924, #3474 ) ;
#4367 = LINE ( 'NONE', #1724, #4681 ) ;
#4368 = CARTESIAN_POINT ( 'NONE',  ( -1.350000000000000089, 0.5500000000000749845, -0.4000000000000000222 ) ) ;
#4369 = EDGE_LOOP ( 'NONE', ( #2107, #2276, #2272, #1767 ) ) ;
#4370 = CARTESIAN_POINT ( 'NONE',  ( -1.350000000000000089, 0.2499999999998999967, -2.549999999999999822 ) ) ;
#4371 = EDGE_CURVE ( 'NONE', #68, #3092, #2317, .T. ) ;
#4372 = EDGE_CURVE ( 'NONE', #4761, #3751, #1858, .T. ) ;
#4373 = LINE ( 'NONE', #3227, #707 ) ;
#4374 = FACE_OUTER_BOUND ( 'NONE', #2483, .T. ) ;
#4375 = VERTEX_POINT ( 'NONE', #3620 ) ;
#4376 = DIRECTION ( 'NONE',  ( 1.000000000000000000, 0.000000000000000000, -0.000000000000000000 ) ) ;
#4377 = ORIENTED_EDGE ( 'NONE', *, *, #1755, .T. ) ;
#4378 = DIRECTION ( 'NONE',  ( 0.000000000000000000, 0.000000000000000000, 1.000000000000000000 ) ) ;
#4379 = CARTESIAN_POINT ( 'NONE',  ( 5.786937359832101890, 5.253714664249338639, -3.537326708879828807 ) ) ;
#4380 = FACE_OUTER_BOUND ( 'NONE', #262, .T. ) ;
#4381 = MECHANICAL_DESIGN_GEOMETRIC_PRESENTATION_REPRESENTATION (  '', ( #4541 ), #1007 ) ;
#4382 = CARTESIAN_POINT ( 'NONE',  ( -0.2999999999999999889, 5.349999999999999645, -0.1249999761581000041 ) ) ;
#4383 = ORIENTED_EDGE ( 'NONE', *, *, #589, .T. ) ;
#4384 = ORIENTED_EDGE ( 'NONE', *, *, #1615, .T. ) ;
#4385 = COLOUR_RGB ( '',0.7921568627450980005, 0.8196078431372548767, 0.9333333333333333481 ) ;
#4386 = FACE_OUTER_BOUND ( 'NONE', #3359, .T. ) ;
#4387 = CARTESIAN_POINT ( 'NONE',  ( 0.000000000000000000, 0.5000000000000000000, 1.500000000000000000 ) ) ;
#4388 = VERTEX_POINT ( 'NONE', #750 ) ;
#4389 = PLANE ( 'NONE',  #2806 ) ;
#4390 = AXIS2_PLACEMENT_3D ( 'NONE', #3611, #3158, #312 ) ;
#4391 = CIRCLE ( 'NONE', #4703, 0.7500000000000002220 ) ;
#4392 = DIRECTION ( 'NONE',  ( 0.000000000000000000, 1.000000000000000000, 0.000000000000000000 ) ) ;
#4393 = CARTESIAN_POINT ( 'NONE',  ( -0.2999999999999999889, 5.400000000000000355, -1.750000000000000000 ) ) ;
#4394 = ORIENTED_EDGE ( 'NONE', *, *, #4241, .F. ) ;
#4395 = CARTESIAN_POINT ( 'NONE',  ( -1.300000000000000266, 0.5000000000000000000, 0.7500000000000000000 ) ) ;
#4396 = CARTESIAN_POINT ( 'NONE',  ( 0.000000000000000000, 0.000000000000000000, 0.000000000000000000 ) ) ;
#4397 = ORIENTED_EDGE ( 'NONE', *, *, #4632, .T. ) ;
#4398 = CYLINDRICAL_SURFACE ( 'NONE', #2006, 0.7500000000000002220 ) ;
#4399 = EDGE_CURVE ( 'NONE', #1801, #2408, #4322, .T. ) ;
#4400 = EDGE_CURVE ( 'NONE', #4587, #4513, #1448, .T. ) ;
#4401 = EDGE_CURVE ( 'NONE', #1993, #2020, #2220, .T. ) ;
#4402 = CARTESIAN_POINT ( 'NONE',  ( -1.500000000000000000, 5.400000000000000355, -1.600000000000000089 ) ) ;
#4403 = AXIS2_PLACEMENT_3D ( 'NONE', #3947, #4616, #2770 ) ;
#4404 = PLANE ( 'NONE',  #2866 ) ;
#4405 = ORIENTED_EDGE ( 'NONE', *, *, #292, .F. ) ;
#4406 = VERTEX_POINT ( 'NONE', #2537 ) ;
#4407 = VECTOR ( 'NONE', #1719, 1000.000000000000000 ) ;
#4408 = PLANE ( 'NONE',  #2219 ) ;
#4409 = CIRCLE ( 'NONE', #2960, 0.5000000000000000000 ) ;
#4410 = DIRECTION ( 'NONE',  ( 0.000000000000000000, 0.000000000000000000, -1.000000000000000000 ) ) ;
#4411 = ORIENTED_EDGE ( 'NONE', *, *, #3572, .F. ) ;
#4412 = DIRECTION ( 'NONE',  ( -0.000000000000000000, 0.000000000000000000, -1.000000000000000000 ) ) ;
#4413 = ADVANCED_FACE ( 'NONE', ( #3331 ), #4404, .T. ) ;
#4414 = CARTESIAN_POINT ( 'NONE',  ( -1.875728126347301572, 4.935878119317073320, 1.410123345235141823 ) ) ;
#4415 = DIRECTION ( 'NONE',  ( 0.000000000000000000, 0.000000000000000000, 1.000000000000000000 ) ) ;
#4416 = DIRECTION ( 'NONE',  ( 0.000000000000000000, 1.000000000000000000, 0.000000000000000000 ) ) ;
#4417 = VERTEX_POINT ( 'NONE', #4048 ) ;
#4418 = ADVANCED_FACE ( 'NONE', ( #2924 ), #1831, .T. ) ;
#4419 = CARTESIAN_POINT ( 'NONE',  ( -1.699999999999999289, 5.487326708879826320, -3.286937359832102779 ) ) ;
#4420 = ORIENTED_EDGE ( 'NONE', *, *, #3796, .T. ) ;
#4421 = CARTESIAN_POINT ( 'NONE',  ( 1.099999999910687531, 2.750000000000000000, 1.299999999915257831 ) ) ;
#4422 = CARTESIAN_POINT ( 'NONE',  ( 5.025000000000001243, 0.2500000000000000000, 1.500000000000000000 ) ) ;
#4423 = AXIS2_PLACEMENT_3D ( 'NONE', #3043, #1113, #1578 ) ;
#4424 = EDGE_CURVE ( 'NONE', #2903, #833, #3645, .T. ) ;
#4425 = PLANE ( 'NONE',  #3360 ) ;
#4426 = FACE_OUTER_BOUND ( 'NONE', #3118, .T. ) ;
#4427 = EDGE_CURVE ( 'NONE', #996, #576, #3960, .T. ) ;
#4428 = DIRECTION ( 'NONE',  ( -0.000000000000000000, 0.000000000000000000, -1.000000000000000000 ) ) ;
#4429 = ORIENTED_EDGE ( 'NONE', *, *, #176, .T. ) ;
#4430 = ORIENTED_EDGE ( 'NONE', *, *, #4350, .T. ) ;
#4431 = CYLINDRICAL_SURFACE ( 'NONE', #3437, 0.2999999999999999334 ) ;
#4432 = FACE_OUTER_BOUND ( 'NONE', #2839, .T. ) ;
#4433 = ORIENTED_EDGE ( 'NONE', *, *, #224, .F. ) ;
#4434 = DIRECTION ( 'NONE',  ( -0.000000000000000000, -0.000000000000000000, -1.000000000000000000 ) ) ;
#4435 = CARTESIAN_POINT ( 'NONE',  ( 5.349999999999999645, 0.4000000000000000222, -3.500000000000000000 ) ) ;
#4436 = DIRECTION ( 'NONE',  ( -0.000000000000000000, 1.000000000000000000, 0.000000000000000000 ) ) ;
#4437 = CARTESIAN_POINT ( 'NONE',  ( -0.9000000000000001332, 5.400000000000000355, -1.200000023842000108 ) ) ;
#4438 = ORIENTED_EDGE ( 'NONE', *, *, #3842, .T. ) ;
#4439 = ORIENTED_EDGE ( 'NONE', *, *, #2846, .T. ) ;
#4440 = LINE ( 'NONE', #2616, #340 ) ;
#4441 = CIRCLE ( 'NONE', #2375, 1.100000000000000311 ) ;
#4442 = SURFACE_STYLE_FILL_AREA ( #1894 ) ;
#4443 = VERTEX_POINT ( 'NONE', #2129 ) ;
#4444 = CIRCLE ( 'NONE', #2919, 0.7500000000000002220 ) ;
#4445 = CARTESIAN_POINT ( 'NONE',  ( 4.650000000000000355, 0.000000000000000000, 1.125000000000000222 ) ) ;
#4446 = CARTESIAN_POINT ( 'NONE',  ( 5.912132034355965793, 5.150000000000000355, -3.412132034355966237 ) ) ;
#4447 = CARTESIAN_POINT ( 'NONE',  ( 1.600000000000000089, 1.649999999999999911, -3.625000000000000000 ) ) ;
#4448 = DIRECTION ( 'NONE',  ( 0.000000000000000000, 1.000000000000000000, 0.000000000000000000 ) ) ;
#4449 = EDGE_CURVE ( 'NONE', #4569, #2903, #3597, .T. ) ;
#4450 = DIRECTION ( 'NONE',  ( 0.000000000000000000, 1.000000000000000000, 0.000000000000000000 ) ) ;
#4451 = EDGE_CURVE ( 'NONE', #1848, #4582, #682, .T. ) ;
#4452 = ORIENTED_EDGE ( 'NONE', *, *, #3726, .F. ) ;
#4453 = ORIENTED_EDGE ( 'NONE', *, *, #3321, .T. ) ;
#4454 = EDGE_CURVE ( 'NONE', #710, #4443, #2936, .T. ) ;
#4455 = PLANE ( 'NONE',  #3046 ) ;
#4456 = CARTESIAN_POINT ( 'NONE',  ( -0.2999999999999969913, 5.450000000000000178, -0.04999997615810831963 ) ) ;
#4457 = ORIENTED_EDGE ( 'NONE', *, *, #1707, .T. ) ;
#4458 = ORIENTED_EDGE ( 'NONE', *, *, #2771, .F. ) ;
#4459 = CIRCLE ( 'NONE', #775, 1.099999999732062417 ) ;
#4460 = EDGE_CURVE ( 'NONE', #904, #3468, #2516, .T. ) ;
#4461 = DIRECTION ( 'NONE',  ( 0.3170950281802872306, 0.000000000000000000, 0.9483937700677619320 ) ) ;
#4462 = CARTESIAN_POINT ( 'NONE',  ( 2.000000000000000000, 0.5500000000000000444, 0.5320550528230001408 ) ) ;
#4463 = VERTEX_POINT ( 'NONE', #4745 ) ;
#4464 = ORIENTED_EDGE ( 'NONE', *, *, #1359, .F. ) ;
#4465 = AXIS2_PLACEMENT_3D ( 'NONE', #2672, #63, #1922 ) ;
#4466 = CARTESIAN_POINT ( 'NONE',  ( 2.400000000000000355, 2.749999999999499511, -3.925735931288071523 ) ) ;
#4467 = CARTESIAN_POINT ( 'NONE',  ( 0.000000000000000000, 0.000000000000000000, 0.000000000000000000 ) ) ;
#4468 = VERTEX_POINT ( 'NONE', #4362 ) ;
#4469 = ORIENTED_EDGE ( 'NONE', *, *, #1806, .F. ) ;
#4470 = CARTESIAN_POINT ( 'NONE',  ( -0.2999999999999999889, 5.400000000000000355, -2.449999904633000103 ) ) ;
#4471 = CARTESIAN_POINT ( 'NONE',  ( 6.000000000000000000, 5.150000000000000355, -3.200000000000000178 ) ) ;
#4472 = EDGE_CURVE ( 'NONE', #2022, #1298, #729, .T. ) ;
#4473 = DIRECTION ( 'NONE',  ( 0.000000000000000000, 0.000000000000000000, -1.000000000000000000 ) ) ;
#4474 = DIRECTION ( 'NONE',  ( 0.7071067811854974128, 0.7071067811875975107, 0.000000000000000000 ) ) ;
#4475 = EDGE_CURVE ( 'NONE', #1561, #1801, #365, .T. ) ;
#4476 = DIRECTION ( 'NONE',  ( 1.000000000000000000, -0.000000000000000000, 0.000000000000000000 ) ) ;
#4477 = ORIENTED_EDGE ( 'NONE', *, *, #38, .F. ) ;
#4478 = ORIENTED_EDGE ( 'NONE', *, *, #3760, .T. ) ;
#4479 = DIRECTION ( 'NONE',  ( 0.000000000000000000, 0.000000000000000000, -1.000000000000000000 ) ) ;
#4480 = PLANE ( 'NONE',  #3042 ) ;
#4481 = VECTOR ( 'NONE', #2359, 1000.000000000000000 ) ;
#4482 = DIRECTION ( 'NONE',  ( 0.000000000000000000, 0.000000000000000000, 1.000000000000000000 ) ) ;
#4483 = VECTOR ( 'NONE', #4434, 1000.000000000000000 ) ;
#4484 = ORIENTED_EDGE ( 'NONE', *, *, #2267, .F. ) ;
#4485 = DIRECTION ( 'NONE',  ( 0.000000000000000000, 0.000000000000000000, 1.000000000000000000 ) ) ;
#4486 = LINE ( 'NONE', #4160, #3555 ) ;
#4487 = ORIENTED_EDGE ( 'NONE', *, *, #2660, .T. ) ;
#4488 = ORIENTED_EDGE ( 'NONE', *, *, #784, .T. ) ;
#4489 = DIRECTION ( 'NONE',  ( 0.9483937700677619320, 0.000000000000000000, -0.3170950281802872306 ) ) ;
#4490 = EDGE_CURVE ( 'NONE', #897, #2946, #3307, .T. ) ;
#4491 = ORIENTED_EDGE ( 'NONE', *, *, #2293, .T. ) ;
#4492 = EDGE_LOOP ( 'NONE', ( #3485, #2981, #2389, #4530, #2270, #3659 ) ) ;
#4493 = DIRECTION ( 'NONE',  ( -1.000000000000000000, 0.000000000000000000, -0.000000000000000000 ) ) ;
#4494 = FACE_OUTER_BOUND ( 'NONE', #838, .T. ) ;
#4495 = LINE ( 'NONE', #4144, #225 ) ;
#4496 = DIRECTION ( 'NONE',  ( -0.000000000000000000, -0.000000000000000000, -1.000000000000000000 ) ) ;
#4497 = ADVANCED_FACE ( 'NONE', ( #2945 ), #95, .F. ) ;
#4498 = VECTOR ( 'NONE', #4131, 1000.000000000000000 ) ;
#4499 = DIRECTION ( 'NONE',  ( -1.000000000000000000, 0.000000000000000000, -0.000000000000000000 ) ) ;
#4500 = LINE ( 'NONE', #2391, #2513 ) ;
#4501 = VECTOR ( 'NONE', #2662, 1000.000000000000000 ) ;
#4502 = CARTESIAN_POINT ( 'NONE',  ( -1.300000000000000266, 0.2500000000000000000, -3.125000000000000000 ) ) ;
#4503 = ORIENTED_EDGE ( 'NONE', *, *, #4148, .T. ) ;
#4504 = AXIS2_PLACEMENT_3D ( 'NONE', #289, #1370, #2051 ) ;
#4505 = FACE_OUTER_BOUND ( 'NONE', #184, .T. ) ;
#4506 = LINE ( 'NONE', #2683, #4748 ) ;
#4507 = LINE ( 'NONE', #2998, #4032 ) ;
#4508 = ORIENTED_EDGE ( 'NONE', *, *, #1408, .F. ) ;
#4509 = ADVANCED_FACE ( 'NONE', ( #1929 ), #4529, .F. ) ;
#4510 = CARTESIAN_POINT ( 'NONE',  ( -2.001655327279209917, 5.273189846542530645, 1.323189846542530468 ) ) ;
#4511 = DIRECTION ( 'NONE',  ( 0.000000000000000000, 0.000000000000000000, -1.000000000000000000 ) ) ;
#4512 = ORIENTED_EDGE ( 'NONE', *, *, #643, .T. ) ;
#4513 = VERTEX_POINT ( 'NONE', #2290 ) ;
#4514 = EDGE_CURVE ( 'NONE', #1561, #4229, #124, .T. ) ;
#4515 = CARTESIAN_POINT ( 'NONE',  ( -1.999986676132684993, 5.023742182490726016, -3.322259282061491792 ) ) ;
#4516 = ADVANCED_FACE ( 'NONE', ( #1955 ), #1905, .T. ) ;
#4517 = ORIENTED_EDGE ( 'NONE', *, *, #3819, .F. ) ;
#4518 = ORIENTED_EDGE ( 'NONE', *, *, #2253, .T. ) ;
#4519 = EDGE_CURVE ( 'NONE', #4363, #2189, #2702, .T. ) ;
#4520 = DIRECTION ( 'NONE',  ( 0.000000000000000000, 1.000000000000000000, 0.000000000000000000 ) ) ;
#4521 = DIRECTION ( 'NONE',  ( 0.000000000000000000, 0.000000000000000000, 1.000000000000000000 ) ) ;
#4522 = CARTESIAN_POINT ( 'NONE',  ( 2.648000000000000131, 1.000000000000000000, 0.7500000000000000000 ) ) ;
#4523 = AXIS2_PLACEMENT_3D ( 'NONE', #3883, #2025, #1368 ) ;
#4524 = DIRECTION ( 'NONE',  ( -0.000000000000000000, -1.000000000000000000, -0.000000000000000000 ) ) ;
#4525 = VECTOR ( 'NONE', #2224, 1000.000000000000000 ) ;
#4526 = VECTOR ( 'NONE', #4137, 1000.000000000000000 ) ;
#4527 = LINE ( 'NONE', #3452, #4358 ) ;
#4528 = CARTESIAN_POINT ( 'NONE',  ( -1.500000000000000000, 5.400000000000000355, -0.4000000000000000222 ) ) ;
#4529 = PLANE ( 'NONE',  #4702 ) ;
#4530 = ORIENTED_EDGE ( 'NONE', *, *, #2366, .T. ) ;
#4531 = DIRECTION ( 'NONE',  ( 1.000000000000000000, 0.000000000000000000, 0.000000000000000000 ) ) ;
#4532 = CARTESIAN_POINT ( 'NONE',  ( 1.300000000000000266, 0.5500000000000000444, -2.532055052822983043 ) ) ;
#4533 = SURFACE_STYLE_USAGE ( .BOTH. , #3387 ) ;
#4534 = ORIENTED_EDGE ( 'NONE', *, *, #3404, .F. ) ;
#4535 = CARTESIAN_POINT ( 'NONE',  ( 2.000000000000000000, 0.5500000000000000444, -0.1430285549746000417 ) ) ;
#4536 = FACE_BOUND ( 'NONE', #3500, .T. ) ;
#4537 = CYLINDRICAL_SURFACE ( 'NONE', #1614, 0.2999999999999999334 ) ;
#4538 = ORIENTED_EDGE ( 'NONE', *, *, #751, .F. ) ;
#4539 = EDGE_CURVE ( 'NONE', #796, #626, #795, .T. ) ;
#4540 = DIRECTION ( 'NONE',  ( 0.000000000000000000, -0.000000000000000000, 1.000000000000000000 ) ) ;
#4541 = STYLED_ITEM ( 'NONE', ( #401 ), #4033 ) ;
#4542 = VERTEX_POINT ( 'NONE', #3066 ) ;
#4543 = ORIENTED_EDGE ( 'NONE', *, *, #3491, .T. ) ;
#4544 = CIRCLE ( 'NONE', #3702, 0.2999999999999999334 ) ;
#4545 = DIRECTION ( 'NONE',  ( 0.000000000000000000, 0.000000000000000000, 1.000000000000000000 ) ) ;
#4546 = DIRECTION ( 'NONE',  ( 1.000000000000000000, 0.000000000000000000, 0.000000000000000000 ) ) ;
#4547 = VECTOR ( 'NONE', #2150, 1000.000000000000000 ) ;
#4548 = PLANE ( 'NONE',  #4366 ) ;
#4549 = CARTESIAN_POINT ( 'NONE',  ( 2.450000000000038813, 0.04999999999996919409, -0.4000000000000000777 ) ) ;
#4550 = VECTOR ( 'NONE', #1664, 1000.000000000000000 ) ;
#4551 = CARTESIAN_POINT ( 'NONE',  ( 0.000000000000000000, -0.01000000000000000021, -3.500000000000000000 ) ) ;
#4552 = CARTESIAN_POINT ( 'NONE',  ( -1.999986676132684993, 5.148000732276107883, 1.198000732276108149 ) ) ;
#4553 = EDGE_CURVE ( 'NONE', #1486, #1576, #1161, .T. ) ;
#4554 = ADVANCED_FACE ( 'NONE', ( #2264 ), #66, .F. ) ;
#4555 = ORIENTED_EDGE ( 'NONE', *, *, #4460, .F. ) ;
#4556 = FACE_OUTER_BOUND ( 'NONE', #2918, .T. ) ;
#4557 = FACE_OUTER_BOUND ( 'NONE', #1394, .T. ) ;
#4558 = CARTESIAN_POINT ( 'NONE',  ( -0.9000000000000001332, 5.349999999999999645, -0.9000000238419999521 ) ) ;
#4559 = ORIENTED_EDGE ( 'NONE', *, *, #4758, .F. ) ;
#4560 = VERTEX_POINT ( 'NONE', #1184 ) ;
#4561 = DIRECTION ( 'NONE',  ( 0.000000000000000000, 0.000000000000000000, -1.000000000000000000 ) ) ;
#4562 = CARTESIAN_POINT ( 'NONE',  ( 1.300000000000000266, 0.000000000000000000, 1.125000000000000222 ) ) ;
#4563 = ORIENTED_EDGE ( 'NONE', *, *, #13, .T. ) ;
#4564 = ORIENTED_EDGE ( 'NONE', *, *, #1519, .F. ) ;
#4566 = ADVANCED_FACE ( 'NONE', ( #2052 ), #2652, .F. ) ;
#4565 = CIRCLE ( 'NONE', #722, 1.000000000000000000 ) ;
#4567 = CARTESIAN_POINT ( 'NONE',  ( -1.699999999999999956, 4.935878119317074209, -3.410123345235142711 ) ) ;
#4568 = ORIENTED_EDGE ( 'NONE', *, *, #657, .T. ) ;
#4569 = VERTEX_POINT ( 'NONE', #1233 ) ;
#4570 = CIRCLE ( 'NONE', #20, 1.299999999625015112 ) ;
#4571 = ADVANCED_FACE ( 'NONE', ( #222 ), #1575, .F. ) ;
#4572 = CARTESIAN_POINT ( 'NONE',  ( 2.000000000000000000, 0.5500000000000000444, -1.856971445024999889 ) ) ;
#4573 = CARTESIAN_POINT ( 'NONE',  ( 2.549999999999999822, 0.1499999999999999944, -1.600000000000000089 ) ) ;
#4574 = EDGE_CURVE ( 'NONE', #3671, #1339, #2602, .T. ) ;
#4575 = CARTESIAN_POINT ( 'NONE',  ( 5.299999999625015334, 2.750000000000000000, 1.499999999623469193 ) ) ;
#4576 = CIRCLE ( 'NONE', #490, 0.2999999999999999334 ) ;
#4577 = CARTESIAN_POINT ( 'NONE',  ( -0.2999999999999999334, 5.450000000000000178, -1.600000000000000089 ) ) ;
#4578 = VERTEX_POINT ( 'NONE', #4073 ) ;
#4579 = CARTESIAN_POINT ( 'NONE',  ( -1.600000000000000311, 2.749999999999498623, -3.925735931288071523 ) ) ;
#4580 = DIRECTION ( 'NONE',  ( 0.000000000000000000, 0.000000000000000000, -1.000000000000000000 ) ) ;
#4581 = EDGE_CURVE ( 'NONE', #1912, #4602, #4082, .T. ) ;
#4582 = VERTEX_POINT ( 'NONE', #848 ) ;
#4583 = DIRECTION ( 'NONE',  ( -0.000000000000000000, 0.000000000000000000, -1.000000000000000000 ) ) ;
#4584 = EDGE_CURVE ( 'NONE', #3652, #4357, #1523, .T. ) ;
#4585 = AXIS2_PLACEMENT_3D ( 'NONE', #1927, #821, #1648 ) ;
#4586 = CARTESIAN_POINT ( 'NONE',  ( 5.775000000000000355, 0.05000000000000000278, -0.4000000000000000777 ) ) ;
#4587 = VERTEX_POINT ( 'NONE', #2991 ) ;
#4588 = CIRCLE ( 'NONE', #3903, 0.2999999999999999334 ) ;
#4589 = ORIENTED_EDGE ( 'NONE', *, *, #308, .F. ) ;
#4590 = CARTESIAN_POINT ( 'NONE',  ( 5.299999999999999822, 0.5500000000000000444, -0.1430285549745937967 ) ) ;
#4591 = DIRECTION ( 'NONE',  ( -0.000000000000000000, -0.000000000000000000, -1.000000000000000000 ) ) ;
#4592 = LINE ( 'NONE', #1702, #4304 ) ;
#4593 = ORIENTED_EDGE ( 'NONE', *, *, #3664, .F. ) ;
#4594 = LINE ( 'NONE', #3902, #1183 ) ;
#4595 = ORIENTED_EDGE ( 'NONE', *, *, #2213, .F. ) ;
#4596 = ORIENTED_EDGE ( 'NONE', *, *, #448, .T. ) ;
#4597 = DIRECTION ( 'NONE',  ( 0.7071067811854974128, 0.7071067811875975107, 0.000000000000000000 ) ) ;
#4598 = CARTESIAN_POINT ( 'NONE',  ( 6.000000000000000000, 2.600000000000000533, -1.000000000000000000 ) ) ;
#4599 = FACE_OUTER_BOUND ( 'NONE', #4343, .T. ) ;
#4600 = CIRCLE ( 'NONE', #2756, 1.600000000000000089 ) ;
#4601 = LINE ( 'NONE', #818, #1320 ) ;
#4602 = VERTEX_POINT ( 'NONE', #4178 ) ;
#4603 = VECTOR ( 'NONE', #1553, 1000.000000000000000 ) ;
#4604 = CARTESIAN_POINT ( 'NONE',  ( -1.500000000000413003, 5.400000000000000355, -2.599999904632429804 ) ) ;
#4605 = CARTESIAN_POINT ( 'NONE',  ( -1.599999999999999867, 2.600000000000000533, -3.500000000000000000 ) ) ;
#4606 = LINE ( 'NONE', #566, #1972 ) ;
#4607 = EDGE_CURVE ( 'NONE', #796, #2519, #772, .T. ) ;
#4608 = CARTESIAN_POINT ( 'NONE',  ( 0.000000000000000000, 2.750000000000000000, -3.500000000000000000 ) ) ;
#4609 = ORIENTED_EDGE ( 'NONE', *, *, #876, .T. ) ;
#4610 = ORIENTED_EDGE ( 'NONE', *, *, #1999, .T. ) ;
#4611 = CARTESIAN_POINT ( 'NONE',  ( 5.912132034355964905, 5.150000000000000355, -3.412132034355964461 ) ) ;
#4612 = DIRECTION ( 'NONE',  ( 0.000000000000000000, 0.000000000000000000, 1.000000000000000000 ) ) ;
#4613 = FACE_OUTER_BOUND ( 'NONE', #471, .T. ) ;
#4614 = EDGE_LOOP ( 'NONE', ( #3309, #4234, #3682, #686 ) ) ;
#4615 = EDGE_CURVE ( 'NONE', #927, #1148, #871, .T. ) ;
#4616 = DIRECTION ( 'NONE',  ( -0.000000000000000000, -0.000000000000000000, 1.000000000000000000 ) ) ;
#4617 = EDGE_CURVE ( 'NONE', #1822, #4658, #2849, .T. ) ;
#4618 = DIRECTION ( 'NONE',  ( 1.000000000000000000, 0.000000000000000000, -0.000000000000000000 ) ) ;
#4619 = DIRECTION ( 'NONE',  ( 1.000000000000000000, -0.000000000000000000, 0.000000000000000000 ) ) ;
#4620 = VERTEX_POINT ( 'NONE', #1715 ) ;
#4621 = DIRECTION ( 'NONE',  ( 0.000000000000000000, 1.000000000000000000, 0.000000000000000000 ) ) ;
#4622 = DIRECTION ( 'NONE',  ( -0.000000000000000000, -0.000000000000000000, -1.000000000000000000 ) ) ;
#4623 = VERTEX_POINT ( 'NONE', #4648 ) ;
#4624 = AXIS2_PLACEMENT_3D ( 'NONE', #1251, #2694, #3424 ) ;
#4625 = AXIS2_PLACEMENT_3D ( 'NONE', #987, #3231, #3638 ) ;
#4626 = UNCERTAINTY_MEASURE_WITH_UNIT (LENGTH_MEASURE( 1.000000000000000082E-05 ), #3324, 'distance_accuracy_value', 'NONE');
#4627 = CARTESIAN_POINT ( 'NONE',  ( 1.300000000000000266, 0.5500000000000500044, -4.049999999999999822 ) ) ;
#4628 = DIRECTION ( 'NONE',  ( 0.7071067811854974128, -0.7071067811875975107, -0.000000000000000000 ) ) ;
#4629 = VECTOR ( 'NONE', #3810, 1000.000000000000000 ) ;
#4630 = EDGE_CURVE ( 'NONE', #2737, #796, #319, .T. ) ;
#4631 = VECTOR ( 'NONE', #938, 1000.000000000000000 ) ;
#4632 = EDGE_CURVE ( 'NONE', #1984, #4680, #3255, .T. ) ;
#4633 = CARTESIAN_POINT ( 'NONE',  ( 2.000000000000000000, 0.5500000000000000444, -0.3999999999999999667 ) ) ;
#4634 = DIRECTION ( 'NONE',  ( 0.000000000000000000, 0.000000000000000000, 1.000000000000000000 ) ) ;
#4635 = VERTEX_POINT ( 'NONE', #3567 ) ;
#4636 = ORIENTED_EDGE ( 'NONE', *, *, #4514, .T. ) ;
#4637 = FACE_OUTER_BOUND ( 'NONE', #3138, .T. ) ;
#4638 = LINE ( 'NONE', #1336, #298 ) ;
#4639 = DIRECTION ( 'NONE',  ( -0.000000000000000000, 0.000000000000000000, -1.000000000000000000 ) ) ;
#4640 = ORIENTED_EDGE ( 'NONE', *, *, #3653, .F. ) ;
#4641 = LINE ( 'NONE', #2116, #1416 ) ;
#4642 = LINE ( 'NONE', #4572, #4481 ) ;
#4643 = CARTESIAN_POINT ( 'NONE',  ( -1.352000000000000091, 0.5000000000000000000, 0.7500000000000001110 ) ) ;
#4644 = AXIS2_PLACEMENT_3D ( 'NONE', #2138, #2405, #4688 ) ;
#4645 = ORIENTED_EDGE ( 'NONE', *, *, #4208, .F. ) ;
#4646 = EDGE_CURVE ( 'NONE', #2157, #345, #1009, .T. ) ;
#4647 = DIRECTION ( 'NONE',  ( 1.000000000000000000, 0.000000000000000000, -0.000000000000000000 ) ) ;
#4648 = CARTESIAN_POINT ( 'NONE',  ( 2.899999999999999911, 2.750000000000000000, 0.8000000000000000444 ) ) ;
#4649 = VERTEX_POINT ( 'NONE', #651 ) ;
#4650 = VECTOR ( 'NONE', #636, 1000.000000000000227 ) ;
#4651 = CARTESIAN_POINT ( 'NONE',  ( 1.300000000000000266, 2.749999999998375522, -4.049999999999999822 ) ) ;
#4652 = VECTOR ( 'NONE', #3570, 1000.000000000000000 ) ;
#4653 = FACE_OUTER_BOUND ( 'NONE', #3846, .T. ) ;
#4654 = EDGE_CURVE ( 'NONE', #1612, #3604, #2167, .T. ) ;
#4655 = PRODUCT_DEFINITION_SHAPE ( 'NONE', 'NONE',  #3057 ) ;
#4656 = LINE ( 'NONE', #3938, #2115 ) ;
#4657 = ORIENTED_EDGE ( 'NONE', *, *, #4318, .F. ) ;
#4658 = VERTEX_POINT ( 'NONE', #244 ) ;
#4659 = VECTOR ( 'NONE', #1501, 1000.000000000000000 ) ;
#4660 = DIRECTION ( 'NONE',  ( 1.000000000000000000, 0.000000000000000000, -0.000000000000000000 ) ) ;
#4661 = CARTESIAN_POINT ( 'NONE',  ( -0.9127659559250208554, 5.349999999999999645, -2.025000095367247788 ) ) ;
#4662 = CARTESIAN_POINT ( 'NONE',  ( -1.099999999941155604, 2.749999999622749769, 1.299999999937206940 ) ) ;
#4663 = VECTOR ( 'NONE', #2758, 1000.000000000000000 ) ;
#4664 = VERTEX_POINT ( 'NONE', #4270 ) ;
#4665 = EDGE_CURVE ( 'NONE', #3027, #4218, #2826, .T. ) ;
#4666 = FACE_OUTER_BOUND ( 'NONE', #1310, .T. ) ;
#4667 = VECTOR ( 'NONE', #3510, 1000.000000000000000 ) ;
#4668 = FACE_OUTER_BOUND ( 'NONE', #3028, .T. ) ;
#4669 = DIRECTION ( 'NONE',  ( 0.000000000000000000, 1.000000000000000000, 0.000000000000000000 ) ) ;
#4670 = ORIENTED_EDGE ( 'NONE', *, *, #2202, .T. ) ;
#4671 = CARTESIAN_POINT ( 'NONE',  ( 2.450000000000102762, 0.04999999999990450278, -3.500000000000000000 ) ) ;
#4672 = EDGE_CURVE ( 'NONE', #3407, #1190, #2894, .T. ) ;
#4673 = DIRECTION ( 'NONE',  ( 0.000000000000000000, 0.000000000000000000, 1.000000000000000000 ) ) ;
#4674 = ORIENTED_EDGE ( 'NONE', *, *, #42, .T. ) ;
#4675 = EDGE_CURVE ( 'NONE', #718, #68, #2486, .T. ) ;
#4676 = CARTESIAN_POINT ( 'NONE',  ( 1.600000000000000089, 1.649999999999999911, -3.750000000000000000 ) ) ;
#4677 = LINE ( 'NONE', #3934, #2503 ) ;
#4678 = VECTOR ( 'NONE', #4220, 1000.000000000000114 ) ;
#4679 = FACE_OUTER_BOUND ( 'NONE', #4186, .T. ) ;
#4680 = VERTEX_POINT ( 'NONE', #2101 ) ;
#4681 = VECTOR ( 'NONE', #1815, 1000.000000000000000 ) ;
#4682 = ORIENTED_EDGE ( 'NONE', *, *, #3316, .F. ) ;
#4683 = ORIENTED_EDGE ( 'NONE', *, *, #2995, .F. ) ;
#4684 = PLANE ( 'NONE',  #2748 ) ;
#4685 = DIRECTION ( 'NONE',  ( -0.000000000000000000, 1.000000000000000000, 0.000000000000000000 ) ) ;
#4686 = DIRECTION ( 'NONE',  ( 0.000000000000000000, 0.000000000000000000, -1.000000000000000000 ) ) ;
#4687 = ORIENTED_EDGE ( 'NONE', *, *, #2995, .T. ) ;
#4688 = DIRECTION ( 'NONE',  ( 0.000000000000000000, -0.000000000000000000, 1.000000000000000000 ) ) ;
#4689 = LINE ( 'NONE', #646, #3327 ) ;
#4690 = CARTESIAN_POINT ( 'NONE',  ( -0.4531914889811793357, 5.450000000000000178, -0.8999999523162838244 ) ) ;
#4691 = ORIENTED_EDGE ( 'NONE', *, *, #3791, .T. ) ;
#4692 = EDGE_CURVE ( 'NONE', #2908, #2764, #1735, .T. ) ;
#4693 = DIRECTION ( 'NONE',  ( 0.000000000000000000, 1.000000000000000000, 0.000000000000000000 ) ) ;
#4694 = CARTESIAN_POINT ( 'NONE',  ( 2.549999999999999822, 0.1499999999999999944, 1.500000000000000000 ) ) ;
#4695 = EDGE_LOOP ( 'NONE', ( #1067, #3830, #366, #3081, #459 ) ) ;
#4696 = CARTESIAN_POINT ( 'NONE',  ( 2.648000000000000131, 0.000000000000000000, 0.7500000000000002220 ) ) ;
#4697 = DIRECTION ( 'NONE',  ( 0.000000000000000000, 1.000000000000000000, 0.000000000000000000 ) ) ;
#4698 = AXIS2_PLACEMENT_3D ( 'NONE', #139, #790, #1226 ) ;
#4699 = VECTOR ( 'NONE', #3592, 1000.000000000000000 ) ;
#4700 = EDGE_CURVE ( 'NONE', #3822, #4040, #1058, .T. ) ;
#4701 = CIRCLE ( 'NONE', #2552, 0.2999999999999999334 ) ;
#4702 = AXIS2_PLACEMENT_3D ( 'NONE', #1881, #4476, #822 ) ;
#4703 = AXIS2_PLACEMENT_3D ( 'NONE', #4111, #3002, #54 ) ;
#4704 = EDGE_CURVE ( 'NONE', #1537, #2063, #3908, .T. ) ;
#4705 = DIRECTION ( 'NONE',  ( 0.9506452082486437360, 0.000000000000000000, 0.3102800155245142855 ) ) ;
#4706 = ORIENTED_EDGE ( 'NONE', *, *, #1491, .F. ) ;
#4707 = EDGE_LOOP ( 'NONE', ( #3598, #1882, #4555, #734 ) ) ;
#4708 = ORIENTED_EDGE ( 'NONE', *, *, #2964, .F. ) ;
#4709 = CARTESIAN_POINT ( 'NONE',  ( -1.300000000000000044, 0.5500000000000001554, -4.049999999999999822 ) ) ;
#4710 = DIRECTION ( 'NONE',  ( -1.000000000000000000, -0.000000000000000000, 0.000000000000000000 ) ) ;
#4711 = CARTESIAN_POINT ( 'NONE',  ( 5.912132034355964905, 5.362132034355964194, 1.199999999999999956 ) ) ;
#4712 = VERTEX_POINT ( 'NONE', #4294 ) ;
#4713 = DIRECTION ( 'NONE',  ( 0.8217039423199310466, 0.000000000000000000, 0.5699145823506216457 ) ) ;
#4714 = DIRECTION ( 'NONE',  ( -0.000000000000000000, 1.000000000000000000, 0.000000000000000000 ) ) ;
#4715 = DIRECTION ( 'NONE',  ( 0.000000000000000000, 0.000000000000000000, -1.000000000000000000 ) ) ;
#4716 = ORIENTED_EDGE ( 'NONE', *, *, #2825, .F. ) ;
#4717 = DIRECTION ( 'NONE',  ( -1.000000000000000000, 0.000000000000000000, -0.000000000000000000 ) ) ;
#4718 = DIRECTION ( 'NONE',  ( 1.000000000000000000, 0.000000000000000000, -0.000000000000000000 ) ) ;
#4719 = ORIENTED_EDGE ( 'NONE', *, *, #3139, .F. ) ;
#4720 = EDGE_CURVE ( 'NONE', #4101, #2569, #628, .T. ) ;
#4721 = DIRECTION ( 'NONE',  ( -7.638334409421074474E-14, 0.000000000000000000, 1.000000000000000000 ) ) ;
#4722 = CARTESIAN_POINT ( 'NONE',  ( -0.5425531983375000422, 5.349999999999999645, -2.274999999999999911 ) ) ;
#4723 = AXIS2_PLACEMENT_3D ( 'NONE', #3972, #1054, #28 ) ;
#4724 = AXIS2_PLACEMENT_3D ( 'NONE', #4330, #1027, #2502 ) ;
#4725 = EDGE_CURVE ( 'NONE', #3772, #1524, #2123, .T. ) ;
#4726 = ADVANCED_FACE ( 'NONE', ( #697 ), #3997, .T. ) ;
#4727 = DIRECTION ( 'NONE',  ( -0.000000000000000000, -0.000000000000000000, -1.000000000000000000 ) ) ;
#4728 = ORIENTED_EDGE ( 'NONE', *, *, #4758, .T. ) ;
#4729 = ORIENTED_EDGE ( 'NONE', *, *, #144, .F. ) ;
#4730 = ORIENTED_EDGE ( 'NONE', *, *, #4121, .F. ) ;
#4731 = CARTESIAN_POINT ( 'NONE',  ( 1.300000000000000266, 0.5000000000000000000, -3.500000000000000000 ) ) ;
#4732 = CARTESIAN_POINT ( 'NONE',  ( 5.786937359832102779, 5.487326708879827208, 1.303714664249338906 ) ) ;
#4733 = ORIENTED_EDGE ( 'NONE', *, *, #4026, .F. ) ;
#4734 = CARTESIAN_POINT ( 'NONE',  ( 2.700000000000000178, 0.5500000000000001554, -4.049999999999999822 ) ) ;
#4735 = LINE ( 'NONE', #1774, #4014 ) ;
#4736 = CARTESIAN_POINT ( 'NONE',  ( -0.6500000000000001332, 0.5000000000000000000, 1.125000000000000222 ) ) ;
#4737 = EDGE_LOOP ( 'NONE', ( #824, #3111, #4564, #157 ) ) ;
#4738 = LINE ( 'NONE', #400, #2646 ) ;
#4739 = CARTESIAN_POINT ( 'NONE',  ( 0.000000000000000000, 0.000000000000000000, 0.000000000000000000 ) ) ;
#4740 = ORIENTED_EDGE ( 'NONE', *, *, #1939, .F. ) ;
#4741 = VECTOR ( 'NONE', #4283, 1000.000000000000000 ) ;
#4742 = FACE_OUTER_BOUND ( 'NONE', #1309, .T. ) ;
#4743 = CARTESIAN_POINT ( 'NONE',  ( -1.774999999999999911, 0.05000000000000000278, -3.500000000000000000 ) ) ;
#4744 = CARTESIAN_POINT ( 'NONE',  ( -1.500000000000000000, 5.400000000000000355, 0.2000000000000000111 ) ) ;
#4745 = CARTESIAN_POINT ( 'NONE',  ( -1.349999999999999867, 0.5500000000000666578, -3.500000000000000000 ) ) ;
#4746 = ORIENTED_EDGE ( 'NONE', *, *, #4318, .T. ) ;
#4747 = EDGE_LOOP ( 'NONE', ( #4179, #872, #2373 ) ) ;
#4748 = VECTOR ( 'NONE', #899, 1000.000000000000000 ) ;
#4749 = CYLINDRICAL_SURFACE ( 'NONE', #531, 1.100000000000000311 ) ;
#4750 = DIRECTION ( 'NONE',  ( -0.000000000000000000, 0.000000000000000000, -1.000000000000000000 ) ) ;
#4751 = VERTEX_POINT ( 'NONE', #2462 ) ;
#4752 = CARTESIAN_POINT ( 'NONE',  ( 5.775000000000000355, 0.05000000000000000278, 1.500000000000000000 ) ) ;
#4753 = CIRCLE ( 'NONE', #3456, 0.2999999999999999334 ) ;
#4754 = CARTESIAN_POINT ( 'NONE',  ( -0.2999999999999879985, 5.400000000000000355, -0.04999997615816321322 ) ) ;
#4755 = DIRECTION ( 'NONE',  ( 0.000000000000000000, 1.000000000000000000, 0.000000000000000000 ) ) ;
#4756 = EDGE_CURVE ( 'NONE', #4542, #4101, #1468, .T. ) ;
#4757 = ORIENTED_EDGE ( 'NONE', *, *, #1106, .F. ) ;
#4758 = EDGE_CURVE ( 'NONE', #552, #4658, #290, .T. ) ;
#4759 = ADVANCED_FACE ( 'NONE', ( #2872 ), #3546, .F. ) ;
#4760 = LINE ( 'NONE', #3658, #3266 ) ;
#4761 = VERTEX_POINT ( 'NONE', #811 ) ;
#4762 = DIRECTION ( 'NONE',  ( 1.000000000000000000, -0.000000000000000000, 0.000000000000000000 ) ) ;
#4763 = LINE ( 'NONE', #1062, #881 ) ;
#4764 = DIRECTION ( 'NONE',  ( 0.000000000000000000, 0.000000000000000000, -1.000000000000000000 ) ) ;
#4765 = AXIS2_PLACEMENT_3D ( 'NONE', #678, #606, #2078 ) ;
#4766 = CARTESIAN_POINT ( 'NONE',  ( 1.350000000000000089, 0.4000000000000000222, -3.500000000000000000 ) ) ;
#4767 = ORIENTED_EDGE ( 'NONE', *, *, #2965, .F. ) ;
#4768 = ORIENTED_EDGE ( 'NONE', *, *, #909, .F. ) ;
#4769 = AXIS2_PLACEMENT_3D ( 'NONE', #1810, #1765, #1402 ) ;
#4770 = NEXT_ASSEMBLY_USAGE_OCCURRENCE ( 'NAUO1', ' ', ' ', #3057, #2258, $ ) ;
ENDSEC;
END-ISO-10303-21;
